2026-04-21 13:16:48,118 - __main__ - INFO - Main module started
2026-04-21 13:16:48,121 - module_a - INFO - Module A function started
2026-04-21 13:16:48,125 - module_a - DEBUG - This is a debug message from Module A
2026-04-21 13:16:48,126 - module_a - INFO - Module A function finished
2026-04-21 13:16:48,128 - module_b - INFO - Module B function started
2026-04-21 13:16:48,129 - module_b - DEBUG - This is a debug message from Module B
2026-04-21 13:16:48,130 - module_b - INFO - Module B function finished
2026-04-21 13:16:48,132 - __main__ - INFO - Main module finished
2026-04-21 14:08:08,484 - performance_logger - DEBUG - This is a debug message
2026-04-21 14:08:08,492 - performance_logger - DEBUG - This is a debug message
2026-04-21 14:08:08,500 - performance_logger - DEBUG - This is a debug message
2026-04-21 14:08:08,503 - performance_logger - DEBUG - This is a debug message
2026-04-21 14:08:08,506 - performance_logger - DEBUG - This is a debug message
2026-04-21 14:08:08,508 - performance_logger - DEBUG - This is a debug message
2026-04-21 14:08:08,518 - performance_logger - DEBUG - This is a debug message
2026-04-21 14:08:08,526 - performance_logger - DEBUG - This is a debug message
2026-04-21 14:08:08,529 - performance_logger - DEBUG - This is a debug message
2026-04-21 14:08:08,533 - performance_logger - DEBUG - This is a debug message
2026-04-21 14:08:08,538 - performance_logger - DEBUG - This is a debug message
2026-04-21 14:08:08,540 - performance_logger - DEBUG - This is a debug message
2026-04-21 14:08:08,545 - performance_logger - DEBUG - This is a debug message
2026-04-21 14:08:08,548 - performance_logger - DEBUG - This is a debug message
2026-04-21 14:08:08,550 - performance_logger - DEBUG - This is a debug message
2026-04-21 14:08:08,553 - performance_logger - DEBUG - This is a debug message
2026-04-21 14:08:08,554 - performance_logger - DEBUG - This is a debug message
2026-04-21 14:08:08,557 - performance_logger - DEBUG - This is a debug message
2026-04-21 14:08:08,559 - performance_logger - DEBUG - This is a debug message
2026-04-21 14:08:08,561 - performance_logger - DEBUG - This is a debug message
2026-04-21 14:08:08,563 - performance_logger - DEBUG - This is a debug message
2026-04-21 14:08:08,565 - performance_logger - DEBUG - This is a debug message
2026-04-21 14:08:08,567 - performance_logger - DEBUG - This is a debug message
2026-04-21 14:08:08,569 - performance_logger - DEBUG - This is a debug message
2026-04-21 14:08:08,571 - performance_logger - DEBUG - This is a debug message
2026-04-21 14:08:08,573 - performance_logger - DEBUG - This is a debug message
2026-04-21 14:08:08,575 - performance_logger - DEBUG - This is a debug message
2026-04-21 14:08:08,576 - performance_logger - DEBUG - This is a debug message
2026-04-21 14:08:08,578 - performance_logger - DEBUG - This is a debug message
2026-04-21 14:08:08,580 - performance_logger - DEBUG - This is a debug message
2026-04-21 14:08:08,581 - performance_logger - DEBUG - This is a debug message
2026-04-21 14:08:08,583 - performance_logger - DEBUG - This is a debug message
2026-04-21 14:08:08,585 - performance_logger - DEBUG - This is a debug message
2026-04-21 14:08:08,587 - performance_logger - DEBUG - This is a debug message
2026-04-21 14:08:08,589 - performance_logger - DEBUG - This is a debug message
2026-04-21 14:08:08,590 - performance_logger - DEBUG - This is a debug message
2026-04-21 14:08:08,591 - performance_logger - DEBUG - This is a debug message
2026-04-21 14:08:08,594 - performance_logger - DEBUG - This is a debug message
2026-04-21 14:08:08,596 - performance_logger - DEBUG - This is a debug message
2026-04-21 14:08:08,600 - performance_logger - DEBUG - This is a debug message
2026-04-21 14:08:08,607 - performance_logger - DEBUG - This is a debug message
2026-04-21 14:08:08,609 - performance_logger - DEBUG - This is a debug message
2026-04-21 14:08:08,616 - performance_logger - DEBUG - This is a debug message
2026-04-21 14:08:08,618 - performance_logger - DEBUG - This is a debug message
2026-04-21 14:08:08,619 - performance_logger - DEBUG - This is a debug message
2026-04-21 14:08:08,621 - performance_logger - DEBUG - This is a debug message
2026-04-21 14:08:08,622 - performance_logger - DEBUG - This is a debug message
2026-04-21 14:08:08,624 - performance_logger - DEBUG - This is a debug message
2026-04-21 14:08:08,629 - performance_logger - DEBUG - This is a debug message
2026-04-21 14:08:08,631 - performance_logger - DEBUG - This is a debug message
2026-04-21 14:08:08,634 - performance_logger - DEBUG - This is a debug message
2026-04-21 14:08:08,636 - performance_logger - DEBUG - This is a debug message
2026-04-21 14:08:08,638 - performance_logger - DEBUG - This is a debug message
2026-04-21 14:08:08,639 - performance_logger - DEBUG - This is a debug message
2026-04-21 14:08:08,641 - performance_logger - DEBUG - This is a debug message
2026-04-21 14:08:08,643 - performance_logger - DEBUG - This is a debug message
2026-04-21 14:08:08,645 - performance_logger - DEBUG - This is a debug message
2026-04-21 14:08:08,647 - performance_logger - DEBUG - This is a debug message
2026-04-21 14:08:08,652 - performance_logger - DEBUG - This is a debug message
2026-04-21 14:08:08,656 - performance_logger - DEBUG - This is a debug message
2026-04-21 14:08:08,658 - performance_logger - DEBUG - This is a debug message
2026-04-21 14:08:08,664 - performance_logger - DEBUG - This is a debug message
2026-04-21 14:08:08,665 - performance_logger - DEBUG - This is a debug message
2026-04-21 14:08:08,667 - performance_logger - DEBUG - This is a debug message
2026-04-21 14:08:08,669 - performance_logger - DEBUG - This is a debug message
2026-04-21 14:08:08,671 - performance_logger - DEBUG - This is a debug message
2026-04-21 14:08:08,672 - performance_logger - DEBUG - This is a debug message
2026-04-21 14:08:08,674 - performance_logger - DEBUG - This is a debug message
2026-04-21 14:08:08,676 - performance_logger - DEBUG - This is a debug message
2026-04-21 14:08:08,678 - performance_logger - DEBUG - This is a debug message
2026-04-21 14:08:08,680 - performance_logger - DEBUG - This is a debug message
2026-04-21 14:08:08,681 - performance_logger - DEBUG - This is a debug message
2026-04-21 14:08:08,684 - performance_logger - DEBUG - This is a debug message
2026-04-21 14:08:08,686 - performance_logger - DEBUG - This is a debug message
2026-04-21 14:08:08,693 - performance_logger - DEBUG - This is a debug message
2026-04-21 14:08:08,696 - performance_logger - DEBUG - This is a debug message
2026-04-21 14:08:08,699 - performance_logger - DEBUG - This is a debug message
2026-04-21 14:08:08,700 - performance_logger - DEBUG - This is a debug message
2026-04-21 14:08:08,703 - performance_logger - DEBUG - This is a debug message
2026-04-21 14:08:08,704 - performance_logger - DEBUG - This is a debug message
2026-04-21 14:08:08,706 - performance_logger - DEBUG - This is a debug message
2026-04-21 14:08:08,707 - performance_logger - DEBUG - This is a debug message
2026-04-21 14:08:08,709 - performance_logger - DEBUG - This is a debug message
2026-04-21 14:08:08,711 - performance_logger - DEBUG - This is a debug message
2026-04-21 14:08:08,712 - performance_logger - DEBUG - This is a debug message
2026-04-21 14:08:08,714 - performance_logger - DEBUG - This is a debug message
2026-04-21 14:08:08,716 - performance_logger - DEBUG - This is a debug message
2026-04-21 14:08:08,718 - performance_logger - DEBUG - This is a debug message
2026-04-21 14:08:08,720 - performance_logger - DEBUG - This is a debug message
2026-04-21 14:08:08,721 - performance_logger - DEBUG - This is a debug message
2026-04-21 14:08:08,723 - performance_logger - DEBUG - This is a debug message
2026-04-21 14:08:08,725 - performance_logger - DEBUG - This is a debug message
2026-04-21 14:08:08,729 - performance_logger - DEBUG - This is a debug message
2026-04-21 14:08:08,731 - performance_logger - DEBUG - This is a debug message
2026-04-21 14:08:08,734 - performance_logger - DEBUG - This is a debug message
2026-04-21 14:08:08,738 - performance_logger - DEBUG - This is a debug message
2026-04-21 14:08:08,742 - performance_logger - DEBUG - This is a debug message
2026-04-21 14:08:08,744 - performance_logger - DEBUG - This is a debug message
2026-04-21 14:08:08,746 - performance_logger - DEBUG - This is a debug message
2026-04-21 14:08:08,748 - performance_logger - DEBUG - This is a debug message
2026-04-21 14:08:08,750 - performance_logger - DEBUG - This is a debug message
2026-04-21 14:08:08,753 - performance_logger - DEBUG - This is a debug message
2026-04-21 14:08:08,757 - performance_logger - DEBUG - This is a debug message
2026-04-21 14:08:08,760 - performance_logger - DEBUG - This is a debug message
2026-04-21 14:08:08,763 - performance_logger - DEBUG - This is a debug message
2026-04-21 14:08:08,764 - performance_logger - DEBUG - This is a debug message
2026-04-21 14:08:08,766 - performance_logger - DEBUG - This is a debug message
2026-04-21 14:08:08,768 - performance_logger - DEBUG - This is a debug message
2026-04-21 14:08:08,771 - performance_logger - DEBUG - This is a debug message
2026-04-21 14:08:08,776 - performance_logger - DEBUG - This is a debug message
2026-04-21 14:08:08,778 - performance_logger - DEBUG - This is a debug message
2026-04-21 14:08:08,781 - performance_logger - DEBUG - This is a debug message
2026-04-21 14:08:08,782 - performance_logger - DEBUG - This is a debug message
2026-04-21 14:08:08,785 - performance_logger - DEBUG - This is a debug message
2026-04-21 14:08:08,790 - performance_logger - DEBUG - This is a debug message
2026-04-21 14:08:08,792 - performance_logger - DEBUG - This is a debug message
2026-04-21 14:08:08,794 - performance_logger - DEBUG - This is a debug message
2026-04-21 14:08:08,799 - performance_logger - DEBUG - This is a debug message
2026-04-21 14:08:08,801 - performance_logger - DEBUG - This is a debug message
2026-04-21 14:08:08,805 - performance_logger - DEBUG - This is a debug message
2026-04-21 14:08:08,807 - performance_logger - DEBUG - This is a debug message
2026-04-21 14:08:08,812 - performance_logger - DEBUG - This is a debug message
2026-04-21 14:08:08,813 - performance_logger - DEBUG - This is a debug message
2026-04-21 14:08:08,815 - performance_logger - DEBUG - This is a debug message
2026-04-21 14:08:08,819 - performance_logger - DEBUG - This is a debug message
2026-04-21 14:08:08,824 - performance_logger - DEBUG - This is a debug message
2026-04-21 14:08:08,827 - performance_logger - DEBUG - This is a debug message
2026-04-21 14:08:08,829 - performance_logger - DEBUG - This is a debug message
2026-04-21 14:08:08,831 - performance_logger - DEBUG - This is a debug message
2026-04-21 14:08:08,833 - performance_logger - DEBUG - This is a debug message
2026-04-21 14:08:08,835 - performance_logger - DEBUG - This is a debug message
2026-04-21 14:08:08,836 - performance_logger - DEBUG - This is a debug message
2026-04-21 14:08:08,837 - performance_logger - DEBUG - This is a debug message
2026-04-21 14:08:08,838 - performance_logger - DEBUG - This is a debug message
2026-04-21 14:08:08,839 - performance_logger - DEBUG - This is a debug message
2026-04-21 14:08:08,842 - performance_logger - DEBUG - This is a debug message
2026-04-21 14:08:08,843 - performance_logger - DEBUG - This is a debug message
2026-04-21 14:08:08,844 - performance_logger - DEBUG - This is a debug message
2026-04-21 14:08:08,845 - performance_logger - DEBUG - This is a debug message
2026-04-21 14:08:08,846 - performance_logger - DEBUG - This is a debug message
2026-04-21 14:08:08,847 - performance_logger - DEBUG - This is a debug message
2026-04-21 14:08:08,848 - performance_logger - DEBUG - This is a debug message
2026-04-21 14:08:08,850 - performance_logger - DEBUG - This is a debug message
2026-04-21 14:08:08,852 - performance_logger - DEBUG - This is a debug message
2026-04-21 14:08:08,854 - performance_logger - DEBUG - This is a debug message
2026-04-21 14:08:08,856 - performance_logger - DEBUG - This is a debug message
2026-04-21 14:08:08,857 - performance_logger - DEBUG - This is a debug message
2026-04-21 14:08:08,859 - performance_logger - DEBUG - This is a debug message
2026-04-21 14:08:08,862 - performance_logger - DEBUG - This is a debug message
2026-04-21 14:08:08,863 - performance_logger - DEBUG - This is a debug message
2026-04-21 14:08:08,865 - performance_logger - DEBUG - This is a debug message
2026-04-21 14:08:08,866 - performance_logger - DEBUG - This is a debug message
2026-04-21 14:08:08,868 - performance_logger - DEBUG - This is a debug message
2026-04-21 14:08:08,871 - performance_logger - DEBUG - This is a debug message
2026-04-21 14:08:08,875 - performance_logger - DEBUG - This is a debug message
2026-04-21 14:08:08,876 - performance_logger - DEBUG - This is a debug message
2026-04-21 14:08:08,877 - performance_logger - DEBUG - This is a debug message
2026-04-21 14:08:08,879 - performance_logger - DEBUG - This is a debug message
2026-04-21 14:08:08,880 - performance_logger - DEBUG - This is a debug message
2026-04-21 14:08:08,882 - performance_logger - DEBUG - This is a debug message
2026-04-21 14:08:08,883 - performance_logger - DEBUG - This is a debug message
2026-04-21 14:08:08,884 - performance_logger - DEBUG - This is a debug message
2026-04-21 14:08:08,885 - performance_logger - DEBUG - This is a debug message
2026-04-21 14:08:08,890 - performance_logger - DEBUG - This is a debug message
2026-04-21 14:08:08,892 - performance_logger - DEBUG - This is a debug message
2026-04-21 14:08:08,893 - performance_logger - DEBUG - This is a debug message
2026-04-21 14:08:08,894 - performance_logger - DEBUG - This is a debug message
2026-04-21 14:08:08,896 - performance_logger - DEBUG - This is a debug message
2026-04-21 14:08:08,897 - performance_logger - DEBUG - This is a debug message
2026-04-21 14:08:08,898 - performance_logger - DEBUG - This is a debug message
2026-04-21 14:08:08,900 - performance_logger - DEBUG - This is a debug message
2026-04-21 14:08:08,902 - performance_logger - DEBUG - This is a debug message
2026-04-21 14:08:08,905 - performance_logger - DEBUG - This is a debug message
2026-04-21 14:08:08,907 - performance_logger - DEBUG - This is a debug message
2026-04-21 14:08:08,909 - performance_logger - DEBUG - This is a debug message
2026-04-21 14:08:08,910 - performance_logger - DEBUG - This is a debug message
2026-04-21 14:08:08,911 - performance_logger - DEBUG - This is a debug message
2026-04-21 14:08:08,913 - performance_logger - DEBUG - This is a debug message
2026-04-21 14:08:08,913 - performance_logger - DEBUG - This is a debug message
2026-04-21 14:08:08,915 - performance_logger - DEBUG - This is a debug message
2026-04-21 14:08:08,916 - performance_logger - DEBUG - This is a debug message
2026-04-21 14:08:08,917 - performance_logger - DEBUG - This is a debug message
2026-04-21 14:08:08,918 - performance_logger - DEBUG - This is a debug message
2026-04-21 14:08:08,919 - performance_logger - DEBUG - This is a debug message
2026-04-21 14:08:08,921 - performance_logger - DEBUG - This is a debug message
2026-04-21 14:08:08,922 - performance_logger - DEBUG - This is a debug message
2026-04-21 14:08:08,923 - performance_logger - DEBUG - This is a debug message
2026-04-21 14:08:08,924 - performance_logger - DEBUG - This is a debug message
2026-04-21 14:08:08,926 - performance_logger - DEBUG - This is a debug message
2026-04-21 14:08:08,927 - performance_logger - DEBUG - This is a debug message
2026-04-21 14:08:08,928 - performance_logger - DEBUG - This is a debug message
2026-04-21 14:08:08,929 - performance_logger - DEBUG - This is a debug message
2026-04-21 14:08:08,930 - performance_logger - DEBUG - This is a debug message
2026-04-21 14:08:08,932 - performance_logger - DEBUG - This is a debug message
2026-04-21 14:08:08,933 - performance_logger - DEBUG - This is a debug message
2026-04-21 14:08:08,934 - performance_logger - DEBUG - This is a debug message
2026-04-21 14:08:08,935 - performance_logger - DEBUG - This is a debug message
2026-04-21 14:08:08,937 - performance_logger - DEBUG - This is a debug message
2026-04-21 14:08:08,938 - performance_logger - DEBUG - This is a debug message
2026-04-21 14:08:08,939 - performance_logger - DEBUG - This is a debug message
2026-04-21 14:08:08,940 - performance_logger - DEBUG - This is a debug message
2026-04-21 14:08:08,944 - performance_logger - DEBUG - This is a debug message
2026-04-21 14:08:08,945 - performance_logger - DEBUG - This is a debug message
2026-04-21 14:08:08,951 - performance_logger - DEBUG - This is a debug message
2026-04-21 14:08:08,952 - performance_logger - DEBUG - This is a debug message
2026-04-21 14:08:08,953 - performance_logger - DEBUG - This is a debug message
2026-04-21 14:08:08,957 - performance_logger - DEBUG - This is a debug message
2026-04-21 14:08:08,959 - performance_logger - DEBUG - This is a debug message
2026-04-21 14:08:08,962 - performance_logger - DEBUG - This is a debug message
2026-04-21 14:08:08,964 - performance_logger - DEBUG - This is a debug message
2026-04-21 14:08:08,966 - performance_logger - DEBUG - This is a debug message
2026-04-21 14:08:08,967 - performance_logger - DEBUG - This is a debug message
2026-04-21 14:08:08,968 - performance_logger - DEBUG - This is a debug message
2026-04-21 14:08:08,970 - performance_logger - DEBUG - This is a debug message
2026-04-21 14:08:08,972 - performance_logger - DEBUG - This is a debug message
2026-04-21 14:08:08,973 - performance_logger - DEBUG - This is a debug message
2026-04-21 14:08:08,975 - performance_logger - DEBUG - This is a debug message
2026-04-21 14:08:08,979 - performance_logger - DEBUG - This is a debug message
2026-04-21 14:08:08,980 - performance_logger - DEBUG - This is a debug message
2026-04-21 14:08:08,982 - performance_logger - DEBUG - This is a debug message
2026-04-21 14:08:08,987 - performance_logger - DEBUG - This is a debug message
2026-04-21 14:08:08,990 - performance_logger - DEBUG - This is a debug message
2026-04-21 14:08:08,991 - performance_logger - DEBUG - This is a debug message
2026-04-21 14:08:08,992 - performance_logger - DEBUG - This is a debug message
2026-04-21 14:08:08,993 - performance_logger - DEBUG - This is a debug message
2026-04-21 14:08:08,995 - performance_logger - DEBUG - This is a debug message
2026-04-21 14:08:08,996 - performance_logger - DEBUG - This is a debug message
2026-04-21 14:08:08,997 - performance_logger - DEBUG - This is a debug message
2026-04-21 14:08:09,001 - performance_logger - DEBUG - This is a debug message
2026-04-21 14:08:09,003 - performance_logger - DEBUG - This is a debug message
2026-04-21 14:08:09,007 - performance_logger - DEBUG - This is a debug message
2026-04-21 14:08:09,011 - performance_logger - DEBUG - This is a debug message
2026-04-21 14:08:09,012 - performance_logger - DEBUG - This is a debug message
2026-04-21 14:08:09,014 - performance_logger - DEBUG - This is a debug message
2026-04-21 14:08:09,018 - performance_logger - DEBUG - This is a debug message
2026-04-21 14:08:09,021 - performance_logger - DEBUG - This is a debug message
2026-04-21 14:08:09,022 - performance_logger - DEBUG - This is a debug message
2026-04-21 14:08:09,023 - performance_logger - DEBUG - This is a debug message
2026-04-21 14:08:09,025 - performance_logger - DEBUG - This is a debug message
2026-04-21 14:08:09,026 - performance_logger - DEBUG - This is a debug message
2026-04-21 14:08:09,027 - performance_logger - DEBUG - This is a debug message
2026-04-21 14:08:09,028 - performance_logger - DEBUG - This is a debug message
2026-04-21 14:08:09,030 - performance_logger - DEBUG - This is a debug message
2026-04-21 14:08:09,034 - performance_logger - DEBUG - This is a debug message
2026-04-21 14:08:09,035 - performance_logger - DEBUG - This is a debug message
2026-04-21 14:08:09,038 - performance_logger - DEBUG - This is a debug message
2026-04-21 14:08:09,039 - performance_logger - DEBUG - This is a debug message
2026-04-21 14:08:09,040 - performance_logger - DEBUG - This is a debug message
2026-04-21 14:08:09,041 - performance_logger - DEBUG - This is a debug message
2026-04-21 14:08:09,042 - performance_logger - DEBUG - This is a debug message
2026-04-21 14:08:09,044 - performance_logger - DEBUG - This is a debug message
2026-04-21 14:08:09,048 - performance_logger - DEBUG - This is a debug message
2026-04-21 14:08:09,050 - performance_logger - DEBUG - This is a debug message
2026-04-21 14:08:09,051 - performance_logger - DEBUG - This is a debug message
2026-04-21 14:08:09,055 - performance_logger - DEBUG - This is a debug message
2026-04-21 14:08:09,057 - performance_logger - DEBUG - This is a debug message
2026-04-21 14:08:09,060 - performance_logger - DEBUG - This is a debug message
2026-04-21 14:08:09,061 - performance_logger - DEBUG - This is a debug message
2026-04-21 14:08:09,062 - performance_logger - DEBUG - This is a debug message
2026-04-21 14:08:09,063 - performance_logger - DEBUG - This is a debug message
2026-04-21 14:08:09,065 - performance_logger - DEBUG - This is a debug message
2026-04-21 14:08:09,066 - performance_logger - DEBUG - This is a debug message
2026-04-21 14:08:09,067 - performance_logger - DEBUG - This is a debug message
2026-04-21 14:08:09,068 - performance_logger - DEBUG - This is a debug message
2026-04-21 14:08:09,069 - performance_logger - DEBUG - This is a debug message
2026-04-21 14:08:09,072 - performance_logger - DEBUG - This is a debug message
2026-04-21 14:08:09,073 - performance_logger - DEBUG - This is a debug message
2026-04-21 14:08:09,075 - performance_logger - DEBUG - This is a debug message
2026-04-21 14:08:09,076 - performance_logger - DEBUG - This is a debug message
2026-04-21 14:08:09,077 - performance_logger - DEBUG - This is a debug message
2026-04-21 14:08:09,078 - performance_logger - DEBUG - This is a debug message
2026-04-21 14:08:09,080 - performance_logger - DEBUG - This is a debug message
2026-04-21 14:08:09,084 - performance_logger - DEBUG - This is a debug message
2026-04-21 14:08:09,085 - performance_logger - DEBUG - This is a debug message
2026-04-21 14:08:09,088 - performance_logger - DEBUG - This is a debug message
2026-04-21 14:08:09,089 - performance_logger - DEBUG - This is a debug message
2026-04-21 14:08:09,090 - performance_logger - DEBUG - This is a debug message
2026-04-21 14:08:09,092 - performance_logger - DEBUG - This is a debug message
2026-04-21 14:08:09,093 - performance_logger - DEBUG - This is a debug message
2026-04-21 14:08:09,094 - performance_logger - DEBUG - This is a debug message
2026-04-21 14:08:09,095 - performance_logger - DEBUG - This is a debug message
2026-04-21 14:08:09,102 - performance_logger - DEBUG - This is a debug message
2026-04-21 14:08:09,105 - performance_logger - DEBUG - This is a debug message
2026-04-21 14:08:09,108 - performance_logger - DEBUG - This is a debug message
2026-04-21 14:08:09,110 - performance_logger - DEBUG - This is a debug message
2026-04-21 14:08:09,115 - performance_logger - DEBUG - This is a debug message
2026-04-21 14:08:09,119 - performance_logger - DEBUG - This is a debug message
2026-04-21 14:08:09,120 - performance_logger - DEBUG - This is a debug message
2026-04-21 14:08:09,122 - performance_logger - DEBUG - This is a debug message
2026-04-21 14:08:09,126 - performance_logger - DEBUG - This is a debug message
2026-04-21 14:08:09,127 - performance_logger - DEBUG - This is a debug message
2026-04-21 14:08:09,129 - performance_logger - DEBUG - This is a debug message
2026-04-21 14:08:09,132 - performance_logger - DEBUG - This is a debug message
2026-04-21 14:08:09,136 - performance_logger - DEBUG - This is a debug message
2026-04-21 14:08:09,138 - performance_logger - DEBUG - This is a debug message
2026-04-21 14:08:09,141 - performance_logger - DEBUG - This is a debug message
2026-04-21 14:08:09,143 - performance_logger - DEBUG - This is a debug message
2026-04-21 14:08:09,146 - performance_logger - DEBUG - This is a debug message
2026-04-21 14:08:09,149 - performance_logger - DEBUG - This is a debug message
2026-04-21 14:08:09,150 - performance_logger - DEBUG - This is a debug message
2026-04-21 14:08:09,151 - performance_logger - DEBUG - This is a debug message
2026-04-21 14:08:09,155 - performance_logger - DEBUG - This is a debug message
2026-04-21 14:08:09,157 - performance_logger - DEBUG - This is a debug message
2026-04-21 14:08:09,160 - performance_logger - DEBUG - This is a debug message
2026-04-21 14:08:09,162 - performance_logger - DEBUG - This is a debug message
2026-04-21 14:08:09,165 - performance_logger - DEBUG - This is a debug message
2026-04-21 14:08:09,167 - performance_logger - DEBUG - This is a debug message
2026-04-21 14:08:09,169 - performance_logger - DEBUG - This is a debug message
2026-04-21 14:08:09,176 - performance_logger - DEBUG - This is a debug message
2026-04-21 14:08:09,177 - performance_logger - DEBUG - This is a debug message
2026-04-21 14:08:09,179 - performance_logger - DEBUG - This is a debug message
2026-04-21 14:08:09,182 - performance_logger - DEBUG - This is a debug message
2026-04-21 14:08:09,184 - performance_logger - DEBUG - This is a debug message
2026-04-21 14:08:09,187 - performance_logger - DEBUG - This is a debug message
2026-04-21 14:08:09,189 - performance_logger - DEBUG - This is a debug message
2026-04-21 14:08:09,191 - performance_logger - DEBUG - This is a debug message
2026-04-21 14:08:09,193 - performance_logger - DEBUG - This is a debug message
2026-04-21 14:08:09,196 - performance_logger - DEBUG - This is a debug message
2026-04-21 14:08:09,198 - performance_logger - DEBUG - This is a debug message
2026-04-21 14:08:09,200 - performance_logger - DEBUG - This is a debug message
2026-04-21 14:08:09,203 - performance_logger - DEBUG - This is a debug message
2026-04-21 14:08:09,205 - performance_logger - DEBUG - This is a debug message
2026-04-21 14:08:09,209 - performance_logger - DEBUG - This is a debug message
2026-04-21 14:08:09,210 - performance_logger - DEBUG - This is a debug message
2026-04-21 14:08:09,212 - performance_logger - DEBUG - This is a debug message
2026-04-21 14:08:09,216 - performance_logger - DEBUG - This is a debug message
2026-04-21 14:08:09,220 - performance_logger - DEBUG - This is a debug message
2026-04-21 14:08:09,222 - performance_logger - DEBUG - This is a debug message
2026-04-21 14:08:09,228 - performance_logger - DEBUG - This is a debug message
2026-04-21 14:08:09,229 - performance_logger - DEBUG - This is a debug message
2026-04-21 14:08:09,237 - performance_logger - DEBUG - This is a debug message
2026-04-21 14:08:09,238 - performance_logger - DEBUG - This is a debug message
2026-04-21 14:08:09,239 - performance_logger - DEBUG - This is a debug message
2026-04-21 14:08:09,246 - performance_logger - DEBUG - This is a debug message
2026-04-21 14:08:09,248 - performance_logger - DEBUG - This is a debug message
2026-04-21 14:08:09,249 - performance_logger - DEBUG - This is a debug message
2026-04-21 14:08:09,252 - performance_logger - DEBUG - This is a debug message
2026-04-21 14:08:09,260 - performance_logger - DEBUG - This is a debug message
2026-04-21 14:08:09,264 - performance_logger - DEBUG - This is a debug message
2026-04-21 14:08:09,265 - performance_logger - DEBUG - This is a debug message
2026-04-21 14:08:09,269 - performance_logger - DEBUG - This is a debug message
2026-04-21 14:08:09,273 - performance_logger - DEBUG - This is a debug message
2026-04-21 14:08:09,275 - performance_logger - DEBUG - This is a debug message
2026-04-21 14:08:09,280 - performance_logger - DEBUG - This is a debug message
2026-04-21 14:08:09,286 - performance_logger - DEBUG - This is a debug message
2026-04-21 14:08:09,290 - performance_logger - DEBUG - This is a debug message
2026-04-21 14:08:09,291 - performance_logger - DEBUG - This is a debug message
2026-04-21 14:08:09,295 - performance_logger - DEBUG - This is a debug message
2026-04-21 14:08:09,308 - performance_logger - DEBUG - This is a debug message
2026-04-21 14:08:09,309 - performance_logger - DEBUG - This is a debug message
2026-04-21 14:08:09,317 - performance_logger - DEBUG - This is a debug message
2026-04-21 14:08:09,320 - performance_logger - DEBUG - This is a debug message
2026-04-21 14:08:09,324 - performance_logger - DEBUG - This is a debug message
2026-04-21 14:08:09,334 - performance_logger - DEBUG - This is a debug message
2026-04-21 14:08:09,343 - performance_logger - DEBUG - This is a debug message
2026-04-21 14:08:09,346 - performance_logger - DEBUG - This is a debug message
2026-04-21 14:08:09,350 - performance_logger - DEBUG - This is a debug message
2026-04-21 14:08:09,353 - performance_logger - DEBUG - This is a debug message
2026-04-21 14:08:09,355 - performance_logger - DEBUG - This is a debug message
2026-04-21 14:08:09,360 - performance_logger - DEBUG - This is a debug message
2026-04-21 14:08:09,366 - performance_logger - DEBUG - This is a debug message
2026-04-21 14:08:09,369 - performance_logger - DEBUG - This is a debug message
2026-04-21 14:08:09,373 - performance_logger - DEBUG - This is a debug message
2026-04-21 14:08:09,379 - performance_logger - DEBUG - This is a debug message
2026-04-21 14:08:09,385 - performance_logger - DEBUG - This is a debug message
2026-04-21 14:08:09,387 - performance_logger - DEBUG - This is a debug message
2026-04-21 14:08:09,394 - performance_logger - DEBUG - This is a debug message
2026-04-21 14:08:09,405 - performance_logger - DEBUG - This is a debug message
2026-04-21 14:08:09,407 - performance_logger - DEBUG - This is a debug message
2026-04-21 14:08:09,418 - performance_logger - DEBUG - This is a debug message
2026-04-21 14:08:09,420 - performance_logger - DEBUG - This is a debug message
2026-04-21 14:08:09,432 - performance_logger - DEBUG - This is a debug message
2026-04-21 14:08:09,439 - performance_logger - DEBUG - This is a debug message
2026-04-21 14:08:09,445 - performance_logger - DEBUG - This is a debug message
2026-04-21 14:08:09,451 - performance_logger - DEBUG - This is a debug message
2026-04-21 14:08:09,455 - performance_logger - DEBUG - This is a debug message
2026-04-21 14:08:09,456 - performance_logger - DEBUG - This is a debug message
2026-04-21 14:08:09,461 - performance_logger - DEBUG - This is a debug message
2026-04-21 14:08:09,472 - performance_logger - DEBUG - This is a debug message
2026-04-21 14:08:09,476 - performance_logger - DEBUG - This is a debug message
2026-04-21 14:08:09,482 - performance_logger - DEBUG - This is a debug message
2026-04-21 14:08:09,492 - performance_logger - DEBUG - This is a debug message
2026-04-21 14:08:09,497 - performance_logger - DEBUG - This is a debug message
2026-04-21 14:08:09,501 - performance_logger - DEBUG - This is a debug message
2026-04-21 14:08:09,507 - performance_logger - DEBUG - This is a debug message
2026-04-21 14:08:09,510 - performance_logger - DEBUG - This is a debug message
2026-04-21 14:08:09,515 - performance_logger - DEBUG - This is a debug message
2026-04-21 14:08:09,516 - performance_logger - DEBUG - This is a debug message
2026-04-21 14:08:09,517 - performance_logger - DEBUG - This is a debug message
2026-04-21 14:08:09,518 - performance_logger - DEBUG - This is a debug message
2026-04-21 14:08:09,519 - performance_logger - DEBUG - This is a debug message
2026-04-21 14:08:09,521 - performance_logger - DEBUG - This is a debug message
2026-04-21 14:08:09,530 - performance_logger - DEBUG - This is a debug message
2026-04-21 14:08:09,540 - performance_logger - DEBUG - This is a debug message
2026-04-21 14:08:09,541 - performance_logger - DEBUG - This is a debug message
2026-04-21 14:08:09,546 - performance_logger - DEBUG - This is a debug message
2026-04-21 14:08:09,547 - performance_logger - DEBUG - This is a debug message
2026-04-21 14:08:09,548 - performance_logger - DEBUG - This is a debug message
2026-04-21 14:08:09,554 - performance_logger - DEBUG - This is a debug message
2026-04-21 14:08:09,559 - performance_logger - DEBUG - This is a debug message
2026-04-21 14:08:09,560 - performance_logger - DEBUG - This is a debug message
2026-04-21 14:08:09,561 - performance_logger - DEBUG - This is a debug message
2026-04-21 14:08:09,566 - performance_logger - DEBUG - This is a debug message
2026-04-21 14:08:09,571 - performance_logger - DEBUG - This is a debug message
2026-04-21 14:08:09,574 - performance_logger - DEBUG - This is a debug message
2026-04-21 14:08:09,580 - performance_logger - DEBUG - This is a debug message
2026-04-21 14:08:09,584 - performance_logger - DEBUG - This is a debug message
2026-04-21 14:08:09,585 - performance_logger - DEBUG - This is a debug message
2026-04-21 14:08:09,588 - performance_logger - DEBUG - This is a debug message
2026-04-21 14:08:09,591 - performance_logger - DEBUG - This is a debug message
2026-04-21 14:08:09,595 - performance_logger - DEBUG - This is a debug message
2026-04-21 14:08:09,597 - performance_logger - DEBUG - This is a debug message
2026-04-21 14:08:09,605 - performance_logger - DEBUG - This is a debug message
2026-04-21 14:08:09,608 - performance_logger - DEBUG - This is a debug message
2026-04-21 14:08:09,613 - performance_logger - DEBUG - This is a debug message
2026-04-21 14:08:09,620 - performance_logger - DEBUG - This is a debug message
2026-04-21 14:08:09,622 - performance_logger - DEBUG - This is a debug message
2026-04-21 14:08:09,628 - performance_logger - DEBUG - This is a debug message
2026-04-21 14:08:09,636 - performance_logger - DEBUG - This is a debug message
2026-04-21 14:08:09,640 - performance_logger - DEBUG - This is a debug message
2026-04-21 14:08:09,641 - performance_logger - DEBUG - This is a debug message
2026-04-21 14:08:09,645 - performance_logger - DEBUG - This is a debug message
2026-04-21 14:08:09,653 - performance_logger - DEBUG - This is a debug message
2026-04-21 14:08:09,656 - performance_logger - DEBUG - This is a debug message
2026-04-21 14:08:09,658 - performance_logger - DEBUG - This is a debug message
2026-04-21 14:08:09,664 - performance_logger - DEBUG - This is a debug message
2026-04-21 14:08:09,671 - performance_logger - DEBUG - This is a debug message
2026-04-21 14:08:09,678 - performance_logger - DEBUG - This is a debug message
2026-04-21 14:08:09,682 - performance_logger - DEBUG - This is a debug message
2026-04-21 14:08:09,684 - performance_logger - DEBUG - This is a debug message
2026-04-21 14:08:09,689 - performance_logger - DEBUG - This is a debug message
2026-04-21 14:08:09,693 - performance_logger - DEBUG - This is a debug message
2026-04-21 14:08:09,701 - performance_logger - DEBUG - This is a debug message
2026-04-21 14:08:09,705 - performance_logger - DEBUG - This is a debug message
2026-04-21 14:08:09,711 - performance_logger - DEBUG - This is a debug message
2026-04-21 14:08:09,716 - performance_logger - DEBUG - This is a debug message
2026-04-21 14:08:09,719 - performance_logger - DEBUG - This is a debug message
2026-04-21 14:08:09,722 - performance_logger - DEBUG - This is a debug message
2026-04-21 14:08:09,725 - performance_logger - DEBUG - This is a debug message
2026-04-21 14:08:09,727 - performance_logger - DEBUG - This is a debug message
2026-04-21 14:08:09,729 - performance_logger - DEBUG - This is a debug message
2026-04-21 14:08:09,734 - performance_logger - DEBUG - This is a debug message
2026-04-21 14:08:09,740 - performance_logger - DEBUG - This is a debug message
2026-04-21 14:08:09,742 - performance_logger - DEBUG - This is a debug message
2026-04-21 14:08:09,746 - performance_logger - DEBUG - This is a debug message
2026-04-21 14:08:09,749 - performance_logger - DEBUG - This is a debug message
2026-04-21 14:08:09,753 - performance_logger - DEBUG - This is a debug message
2026-04-21 14:08:09,756 - performance_logger - DEBUG - This is a debug message
2026-04-21 14:08:09,759 - performance_logger - DEBUG - This is a debug message
2026-04-21 14:08:09,764 - performance_logger - DEBUG - This is a debug message
2026-04-21 14:08:09,767 - performance_logger - DEBUG - This is a debug message
2026-04-21 14:08:09,773 - performance_logger - DEBUG - This is a debug message
2026-04-21 14:08:09,775 - performance_logger - DEBUG - This is a debug message
2026-04-21 14:08:09,779 - performance_logger - DEBUG - This is a debug message
2026-04-21 14:08:09,781 - performance_logger - DEBUG - This is a debug message
2026-04-21 14:08:09,784 - performance_logger - DEBUG - This is a debug message
2026-04-21 14:08:09,786 - performance_logger - DEBUG - This is a debug message
2026-04-21 14:08:09,789 - performance_logger - DEBUG - This is a debug message
2026-04-21 14:08:09,795 - performance_logger - DEBUG - This is a debug message
2026-04-21 14:08:09,799 - performance_logger - DEBUG - This is a debug message
2026-04-21 14:08:09,802 - performance_logger - DEBUG - This is a debug message
2026-04-21 14:08:09,808 - performance_logger - DEBUG - This is a debug message
2026-04-21 14:08:09,809 - performance_logger - DEBUG - This is a debug message
2026-04-21 14:08:09,813 - performance_logger - DEBUG - This is a debug message
2026-04-21 14:08:09,816 - performance_logger - DEBUG - This is a debug message
2026-04-21 14:08:09,818 - performance_logger - DEBUG - This is a debug message
2026-04-21 14:08:09,822 - performance_logger - DEBUG - This is a debug message
2026-04-21 14:08:09,823 - performance_logger - DEBUG - This is a debug message
2026-04-21 14:08:09,824 - performance_logger - DEBUG - This is a debug message
2026-04-21 14:08:09,825 - performance_logger - DEBUG - This is a debug message
2026-04-21 14:08:09,827 - performance_logger - DEBUG - This is a debug message
2026-04-21 14:08:09,831 - performance_logger - DEBUG - This is a debug message
2026-04-21 14:08:09,833 - performance_logger - DEBUG - This is a debug message
2026-04-21 14:08:09,834 - performance_logger - DEBUG - This is a debug message
2026-04-21 14:08:09,835 - performance_logger - DEBUG - This is a debug message
2026-04-21 14:08:09,836 - performance_logger - DEBUG - This is a debug message
2026-04-21 14:08:09,837 - performance_logger - DEBUG - This is a debug message
2026-04-21 14:08:09,838 - performance_logger - DEBUG - This is a debug message
2026-04-21 14:08:09,840 - performance_logger - DEBUG - This is a debug message
2026-04-21 14:08:09,841 - performance_logger - DEBUG - This is a debug message
2026-04-21 14:08:09,842 - performance_logger - DEBUG - This is a debug message
2026-04-21 14:08:09,843 - performance_logger - DEBUG - This is a debug message
2026-04-21 14:08:09,844 - performance_logger - DEBUG - This is a debug message
2026-04-21 14:08:09,845 - performance_logger - DEBUG - This is a debug message
2026-04-21 14:08:09,847 - performance_logger - DEBUG - This is a debug message
2026-04-21 14:08:09,848 - performance_logger - DEBUG - This is a debug message
2026-04-21 14:08:09,849 - performance_logger - DEBUG - This is a debug message
2026-04-21 14:08:09,850 - performance_logger - DEBUG - This is a debug message
2026-04-21 14:08:09,851 - performance_logger - DEBUG - This is a debug message
2026-04-21 14:08:09,852 - performance_logger - DEBUG - This is a debug message
2026-04-21 14:08:09,854 - performance_logger - DEBUG - This is a debug message
2026-04-21 14:08:09,855 - performance_logger - DEBUG - This is a debug message
2026-04-21 14:08:09,856 - performance_logger - DEBUG - This is a debug message
2026-04-21 14:08:09,857 - performance_logger - DEBUG - This is a debug message
2026-04-21 14:08:09,858 - performance_logger - DEBUG - This is a debug message
2026-04-21 14:08:09,859 - performance_logger - DEBUG - This is a debug message
2026-04-21 14:08:09,861 - performance_logger - DEBUG - This is a debug message
2026-04-21 14:08:09,862 - performance_logger - DEBUG - This is a debug message
2026-04-21 14:08:09,862 - performance_logger - DEBUG - This is a debug message
2026-04-21 14:08:09,864 - performance_logger - DEBUG - This is a debug message
2026-04-21 14:08:09,865 - performance_logger - DEBUG - This is a debug message
2026-04-21 14:08:09,866 - performance_logger - DEBUG - This is a debug message
2026-04-21 14:08:09,868 - performance_logger - DEBUG - This is a debug message
2026-04-21 14:08:09,868 - performance_logger - DEBUG - This is a debug message
2026-04-21 14:08:09,869 - performance_logger - DEBUG - This is a debug message
2026-04-21 14:08:09,870 - performance_logger - DEBUG - This is a debug message
2026-04-21 14:08:09,872 - performance_logger - DEBUG - This is a debug message
2026-04-21 14:08:09,873 - performance_logger - DEBUG - This is a debug message
2026-04-21 14:08:09,874 - performance_logger - DEBUG - This is a debug message
2026-04-21 14:08:09,876 - performance_logger - DEBUG - This is a debug message
2026-04-21 14:08:09,877 - performance_logger - DEBUG - This is a debug message
2026-04-21 14:08:09,879 - performance_logger - DEBUG - This is a debug message
2026-04-21 14:08:09,880 - performance_logger - DEBUG - This is a debug message
2026-04-21 14:08:09,880 - performance_logger - DEBUG - This is a debug message
2026-04-21 14:08:09,882 - performance_logger - DEBUG - This is a debug message
2026-04-21 14:08:09,883 - performance_logger - DEBUG - This is a debug message
2026-04-21 14:08:09,883 - performance_logger - DEBUG - This is a debug message
2026-04-21 14:08:09,885 - performance_logger - DEBUG - This is a debug message
2026-04-21 14:08:09,886 - performance_logger - DEBUG - This is a debug message
2026-04-21 14:08:09,888 - performance_logger - DEBUG - This is a debug message
2026-04-21 14:08:09,889 - performance_logger - DEBUG - This is a debug message
2026-04-21 14:08:09,890 - performance_logger - DEBUG - This is a debug message
2026-04-21 14:08:09,891 - performance_logger - DEBUG - This is a debug message
2026-04-21 14:08:09,892 - performance_logger - DEBUG - This is a debug message
2026-04-21 14:08:09,893 - performance_logger - DEBUG - This is a debug message
2026-04-21 14:08:09,894 - performance_logger - DEBUG - This is a debug message
2026-04-21 14:08:09,895 - performance_logger - DEBUG - This is a debug message
2026-04-21 14:08:09,896 - performance_logger - DEBUG - This is a debug message
2026-04-21 14:08:09,897 - performance_logger - DEBUG - This is a debug message
2026-04-21 14:08:09,898 - performance_logger - DEBUG - This is a debug message
2026-04-21 14:08:09,900 - performance_logger - DEBUG - This is a debug message
2026-04-21 14:08:09,901 - performance_logger - DEBUG - This is a debug message
2026-04-21 14:08:09,902 - performance_logger - DEBUG - This is a debug message
2026-04-21 14:08:09,903 - performance_logger - DEBUG - This is a debug message
2026-04-21 14:08:09,905 - performance_logger - DEBUG - This is a debug message
2026-04-21 14:08:09,906 - performance_logger - DEBUG - This is a debug message
2026-04-21 14:08:09,908 - performance_logger - DEBUG - This is a debug message
2026-04-21 14:08:09,909 - performance_logger - DEBUG - This is a debug message
2026-04-21 14:08:09,912 - performance_logger - DEBUG - This is a debug message
2026-04-21 14:08:09,916 - performance_logger - DEBUG - This is a debug message
2026-04-21 14:08:09,919 - performance_logger - DEBUG - This is a debug message
2026-04-21 14:08:09,923 - performance_logger - DEBUG - This is a debug message
2026-04-21 14:08:09,924 - performance_logger - DEBUG - This is a debug message
2026-04-21 14:08:09,926 - performance_logger - DEBUG - This is a debug message
2026-04-21 14:08:09,930 - performance_logger - DEBUG - This is a debug message
2026-04-21 14:08:09,933 - performance_logger - DEBUG - This is a debug message
2026-04-21 14:08:09,935 - performance_logger - DEBUG - This is a debug message
2026-04-21 14:08:09,936 - performance_logger - DEBUG - This is a debug message
2026-04-21 14:08:09,939 - performance_logger - DEBUG - This is a debug message
2026-04-21 14:08:09,940 - performance_logger - DEBUG - This is a debug message
2026-04-21 14:08:09,942 - performance_logger - DEBUG - This is a debug message
2026-04-21 14:08:09,944 - performance_logger - DEBUG - This is a debug message
2026-04-21 14:08:09,947 - performance_logger - DEBUG - This is a debug message
2026-04-21 14:08:09,952 - performance_logger - DEBUG - This is a debug message
2026-04-21 14:08:09,955 - performance_logger - DEBUG - This is a debug message
2026-04-21 14:08:09,957 - performance_logger - DEBUG - This is a debug message
2026-04-21 14:08:09,958 - performance_logger - DEBUG - This is a debug message
2026-04-21 14:08:09,961 - performance_logger - DEBUG - This is a debug message
2026-04-21 14:08:09,964 - performance_logger - DEBUG - This is a debug message
2026-04-21 14:08:09,966 - performance_logger - DEBUG - This is a debug message
2026-04-21 14:08:09,969 - performance_logger - DEBUG - This is a debug message
2026-04-21 14:08:09,974 - performance_logger - DEBUG - This is a debug message
2026-04-21 14:08:09,978 - performance_logger - DEBUG - This is a debug message
2026-04-21 14:08:09,980 - performance_logger - DEBUG - This is a debug message
2026-04-21 14:08:09,985 - performance_logger - DEBUG - This is a debug message
2026-04-21 14:08:09,986 - performance_logger - DEBUG - This is a debug message
2026-04-21 14:08:09,988 - performance_logger - DEBUG - This is a debug message
2026-04-21 14:08:09,992 - performance_logger - DEBUG - This is a debug message
2026-04-21 14:08:09,994 - performance_logger - DEBUG - This is a debug message
2026-04-21 14:08:09,995 - performance_logger - DEBUG - This is a debug message
2026-04-21 14:08:10,005 - performance_logger - DEBUG - This is a debug message
2026-04-21 14:08:10,011 - performance_logger - DEBUG - This is a debug message
2026-04-21 14:08:10,013 - performance_logger - DEBUG - This is a debug message
2026-04-21 14:08:10,015 - performance_logger - DEBUG - This is a debug message
2026-04-21 14:08:10,017 - performance_logger - DEBUG - This is a debug message
2026-04-21 14:08:10,019 - performance_logger - DEBUG - This is a debug message
2026-04-21 14:08:10,021 - performance_logger - DEBUG - This is a debug message
2026-04-21 14:08:10,022 - performance_logger - DEBUG - This is a debug message
2026-04-21 14:08:10,024 - performance_logger - DEBUG - This is a debug message
2026-04-21 14:08:10,025 - performance_logger - DEBUG - This is a debug message
2026-04-21 14:08:10,028 - performance_logger - DEBUG - This is a debug message
2026-04-21 14:08:10,029 - performance_logger - DEBUG - This is a debug message
2026-04-21 14:08:10,030 - performance_logger - DEBUG - This is a debug message
2026-04-21 14:08:10,031 - performance_logger - DEBUG - This is a debug message
2026-04-21 14:08:10,033 - performance_logger - DEBUG - This is a debug message
2026-04-21 14:08:10,035 - performance_logger - DEBUG - This is a debug message
2026-04-21 14:08:10,037 - performance_logger - DEBUG - This is a debug message
2026-04-21 14:08:10,040 - performance_logger - DEBUG - This is a debug message
2026-04-21 14:08:10,041 - performance_logger - DEBUG - This is a debug message
2026-04-21 14:08:10,044 - performance_logger - DEBUG - This is a debug message
2026-04-21 14:08:10,046 - performance_logger - DEBUG - This is a debug message
2026-04-21 14:08:10,048 - performance_logger - DEBUG - This is a debug message
2026-04-21 14:08:10,051 - performance_logger - DEBUG - This is a debug message
2026-04-21 14:08:10,053 - performance_logger - DEBUG - This is a debug message
2026-04-21 14:08:10,055 - performance_logger - DEBUG - This is a debug message
2026-04-21 14:08:10,059 - performance_logger - DEBUG - This is a debug message
2026-04-21 14:08:10,061 - performance_logger - DEBUG - This is a debug message
2026-04-21 14:08:10,063 - performance_logger - DEBUG - This is a debug message
2026-04-21 14:08:10,066 - performance_logger - DEBUG - This is a debug message
2026-04-21 14:08:10,068 - performance_logger - DEBUG - This is a debug message
2026-04-21 14:08:10,071 - performance_logger - DEBUG - This is a debug message
2026-04-21 14:08:10,074 - performance_logger - DEBUG - This is a debug message
2026-04-21 14:08:10,077 - performance_logger - DEBUG - This is a debug message
2026-04-21 14:08:10,080 - performance_logger - DEBUG - This is a debug message
2026-04-21 14:08:10,083 - performance_logger - DEBUG - This is a debug message
2026-04-21 14:08:10,086 - performance_logger - DEBUG - This is a debug message
2026-04-21 14:08:10,087 - performance_logger - DEBUG - This is a debug message
2026-04-21 14:08:10,090 - performance_logger - DEBUG - This is a debug message
2026-04-21 14:08:10,092 - performance_logger - DEBUG - This is a debug message
2026-04-21 14:08:10,095 - performance_logger - DEBUG - This is a debug message
2026-04-21 14:08:10,097 - performance_logger - DEBUG - This is a debug message
2026-04-21 14:08:10,099 - performance_logger - DEBUG - This is a debug message
2026-04-21 14:08:10,102 - performance_logger - DEBUG - This is a debug message
2026-04-21 14:08:10,105 - performance_logger - DEBUG - This is a debug message
2026-04-21 14:08:10,106 - performance_logger - DEBUG - This is a debug message
2026-04-21 14:08:10,110 - performance_logger - DEBUG - This is a debug message
2026-04-21 14:08:10,112 - performance_logger - DEBUG - This is a debug message
2026-04-21 14:08:10,115 - performance_logger - DEBUG - This is a debug message
2026-04-21 14:08:10,117 - performance_logger - DEBUG - This is a debug message
2026-04-21 14:08:10,120 - performance_logger - DEBUG - This is a debug message
2026-04-21 14:08:10,122 - performance_logger - DEBUG - This is a debug message
2026-04-21 14:08:10,125 - performance_logger - DEBUG - This is a debug message
2026-04-21 14:08:10,133 - performance_logger - DEBUG - This is a debug message
2026-04-21 14:08:10,144 - performance_logger - DEBUG - This is a debug message
2026-04-21 14:08:10,145 - performance_logger - DEBUG - This is a debug message
2026-04-21 14:08:10,152 - performance_logger - DEBUG - This is a debug message
2026-04-21 14:08:10,154 - performance_logger - DEBUG - This is a debug message
2026-04-21 14:08:10,156 - performance_logger - DEBUG - This is a debug message
2026-04-21 14:08:10,160 - performance_logger - DEBUG - This is a debug message
2026-04-21 14:08:10,171 - performance_logger - DEBUG - This is a debug message
2026-04-21 14:08:10,172 - performance_logger - DEBUG - This is a debug message
2026-04-21 14:08:10,175 - performance_logger - DEBUG - This is a debug message
2026-04-21 14:08:10,181 - performance_logger - DEBUG - This is a debug message
2026-04-21 14:08:10,182 - performance_logger - DEBUG - This is a debug message
2026-04-21 14:08:10,186 - performance_logger - DEBUG - This is a debug message
2026-04-21 14:08:10,190 - performance_logger - DEBUG - This is a debug message
2026-04-21 14:08:10,194 - performance_logger - DEBUG - This is a debug message
2026-04-21 14:08:10,198 - performance_logger - DEBUG - This is a debug message
2026-04-21 14:08:10,205 - performance_logger - DEBUG - This is a debug message
2026-04-21 14:08:10,206 - performance_logger - DEBUG - This is a debug message
2026-04-21 14:08:10,213 - performance_logger - DEBUG - This is a debug message
2026-04-21 14:08:10,220 - performance_logger - DEBUG - This is a debug message
2026-04-21 14:08:10,222 - performance_logger - DEBUG - This is a debug message
2026-04-21 14:08:10,228 - performance_logger - DEBUG - This is a debug message
2026-04-21 14:08:10,231 - performance_logger - DEBUG - This is a debug message
2026-04-21 14:08:10,235 - performance_logger - DEBUG - This is a debug message
2026-04-21 14:08:10,242 - performance_logger - DEBUG - This is a debug message
2026-04-21 14:08:10,243 - performance_logger - DEBUG - This is a debug message
2026-04-21 14:08:10,247 - performance_logger - DEBUG - This is a debug message
2026-04-21 14:08:10,252 - performance_logger - DEBUG - This is a debug message
2026-04-21 14:08:10,256 - performance_logger - DEBUG - This is a debug message
2026-04-21 14:08:10,261 - performance_logger - DEBUG - This is a debug message
2026-04-21 14:08:10,268 - performance_logger - DEBUG - This is a debug message
2026-04-21 14:08:10,270 - performance_logger - DEBUG - This is a debug message
2026-04-21 14:08:10,272 - performance_logger - DEBUG - This is a debug message
2026-04-21 14:08:10,275 - performance_logger - DEBUG - This is a debug message
2026-04-21 14:08:10,279 - performance_logger - DEBUG - This is a debug message
2026-04-21 14:08:10,282 - performance_logger - DEBUG - This is a debug message
2026-04-21 14:08:10,285 - performance_logger - DEBUG - This is a debug message
2026-04-21 14:08:10,289 - performance_logger - DEBUG - This is a debug message
2026-04-21 14:08:10,290 - performance_logger - DEBUG - This is a debug message
2026-04-21 14:08:10,293 - performance_logger - DEBUG - This is a debug message
2026-04-21 14:08:10,295 - performance_logger - DEBUG - This is a debug message
2026-04-21 14:08:10,296 - performance_logger - DEBUG - This is a debug message
2026-04-21 14:08:10,298 - performance_logger - DEBUG - This is a debug message
2026-04-21 14:08:10,299 - performance_logger - DEBUG - This is a debug message
2026-04-21 14:08:10,301 - performance_logger - DEBUG - This is a debug message
2026-04-21 14:08:10,302 - performance_logger - DEBUG - This is a debug message
2026-04-21 14:08:10,303 - performance_logger - DEBUG - This is a debug message
2026-04-21 14:08:10,305 - performance_logger - DEBUG - This is a debug message
2026-04-21 14:08:10,306 - performance_logger - DEBUG - This is a debug message
2026-04-21 14:08:10,308 - performance_logger - DEBUG - This is a debug message
2026-04-21 14:08:10,309 - performance_logger - DEBUG - This is a debug message
2026-04-21 14:08:10,311 - performance_logger - DEBUG - This is a debug message
2026-04-21 14:08:10,311 - performance_logger - DEBUG - This is a debug message
2026-04-21 14:08:10,313 - performance_logger - DEBUG - This is a debug message
2026-04-21 14:08:10,314 - performance_logger - DEBUG - This is a debug message
2026-04-21 14:08:10,316 - performance_logger - DEBUG - This is a debug message
2026-04-21 14:08:10,317 - performance_logger - DEBUG - This is a debug message
2026-04-21 14:08:10,318 - performance_logger - DEBUG - This is a debug message
2026-04-21 14:08:10,320 - performance_logger - DEBUG - This is a debug message
2026-04-21 14:08:10,323 - performance_logger - DEBUG - This is a debug message
2026-04-21 14:08:10,324 - performance_logger - DEBUG - This is a debug message
2026-04-21 14:08:10,327 - performance_logger - DEBUG - This is a debug message
2026-04-21 14:08:10,330 - performance_logger - DEBUG - This is a debug message
2026-04-21 14:08:10,335 - performance_logger - DEBUG - This is a debug message
2026-04-21 14:08:10,336 - performance_logger - DEBUG - This is a debug message
2026-04-21 14:08:10,339 - performance_logger - DEBUG - This is a debug message
2026-04-21 14:08:10,350 - performance_logger - DEBUG - This is a debug message
2026-04-21 14:08:10,353 - performance_logger - DEBUG - This is a debug message
2026-04-21 14:08:10,360 - performance_logger - DEBUG - This is a debug message
2026-04-21 14:08:10,364 - performance_logger - DEBUG - This is a debug message
2026-04-21 14:08:10,370 - performance_logger - DEBUG - This is a debug message
2026-04-21 14:08:10,376 - performance_logger - DEBUG - This is a debug message
2026-04-21 14:08:10,381 - performance_logger - DEBUG - This is a debug message
2026-04-21 14:08:10,383 - performance_logger - DEBUG - This is a debug message
2026-04-21 14:08:10,387 - performance_logger - DEBUG - This is a debug message
2026-04-21 14:08:10,391 - performance_logger - DEBUG - This is a debug message
2026-04-21 14:08:10,396 - performance_logger - DEBUG - This is a debug message
2026-04-21 14:08:10,397 - performance_logger - DEBUG - This is a debug message
2026-04-21 14:08:10,401 - performance_logger - DEBUG - This is a debug message
2026-04-21 14:08:10,404 - performance_logger - DEBUG - This is a debug message
2026-04-21 14:08:10,406 - performance_logger - DEBUG - This is a debug message
2026-04-21 14:08:10,408 - performance_logger - DEBUG - This is a debug message
2026-04-21 14:08:10,412 - performance_logger - DEBUG - This is a debug message
2026-04-21 14:08:10,414 - performance_logger - DEBUG - This is a debug message
2026-04-21 14:08:10,420 - performance_logger - DEBUG - This is a debug message
2026-04-21 14:08:10,422 - performance_logger - DEBUG - This is a debug message
2026-04-21 14:08:10,424 - performance_logger - DEBUG - This is a debug message
2026-04-21 14:08:10,430 - performance_logger - DEBUG - This is a debug message
2026-04-21 14:08:10,431 - performance_logger - DEBUG - This is a debug message
2026-04-21 14:08:10,436 - performance_logger - DEBUG - This is a debug message
2026-04-21 14:08:10,438 - performance_logger - DEBUG - This is a debug message
2026-04-21 14:08:10,442 - performance_logger - DEBUG - This is a debug message
2026-04-21 14:08:10,444 - performance_logger - DEBUG - This is a debug message
2026-04-21 14:08:10,445 - performance_logger - DEBUG - This is a debug message
2026-04-21 14:08:10,446 - performance_logger - DEBUG - This is a debug message
2026-04-21 14:08:10,447 - performance_logger - DEBUG - This is a debug message
2026-04-21 14:08:10,454 - performance_logger - DEBUG - This is a debug message
2026-04-21 14:08:10,456 - performance_logger - DEBUG - This is a debug message
2026-04-21 14:08:10,460 - performance_logger - DEBUG - This is a debug message
2026-04-21 14:08:10,468 - performance_logger - DEBUG - This is a debug message
2026-04-21 14:08:10,474 - performance_logger - DEBUG - This is a debug message
2026-04-21 14:08:10,475 - performance_logger - DEBUG - This is a debug message
2026-04-21 14:08:10,476 - performance_logger - DEBUG - This is a debug message
2026-04-21 14:08:10,478 - performance_logger - DEBUG - This is a debug message
2026-04-21 14:08:10,487 - performance_logger - DEBUG - This is a debug message
2026-04-21 14:08:10,494 - performance_logger - DEBUG - This is a debug message
2026-04-21 14:08:10,496 - performance_logger - DEBUG - This is a debug message
2026-04-21 14:08:10,499 - performance_logger - DEBUG - This is a debug message
2026-04-21 14:08:10,501 - performance_logger - DEBUG - This is a debug message
2026-04-21 14:08:10,502 - performance_logger - DEBUG - This is a debug message
2026-04-21 14:08:10,504 - performance_logger - DEBUG - This is a debug message
2026-04-21 14:08:10,508 - performance_logger - DEBUG - This is a debug message
2026-04-21 14:08:10,509 - performance_logger - DEBUG - This is a debug message
2026-04-21 14:08:10,513 - performance_logger - DEBUG - This is a debug message
2026-04-21 14:08:10,514 - performance_logger - DEBUG - This is a debug message
2026-04-21 14:08:10,516 - performance_logger - DEBUG - This is a debug message
2026-04-21 14:08:10,517 - performance_logger - DEBUG - This is a debug message
2026-04-21 14:08:10,519 - performance_logger - DEBUG - This is a debug message
2026-04-21 14:08:10,522 - performance_logger - DEBUG - This is a debug message
2026-04-21 14:08:10,524 - performance_logger - DEBUG - This is a debug message
2026-04-21 14:08:10,525 - performance_logger - DEBUG - This is a debug message
2026-04-21 14:08:10,525 - performance_logger - DEBUG - This is a debug message
2026-04-21 14:08:10,529 - performance_logger - DEBUG - This is a debug message
2026-04-21 14:08:10,535 - performance_logger - DEBUG - This is a debug message
2026-04-21 14:08:10,537 - performance_logger - DEBUG - This is a debug message
2026-04-21 14:08:10,539 - performance_logger - DEBUG - This is a debug message
2026-04-21 14:08:10,541 - performance_logger - DEBUG - This is a debug message
2026-04-21 14:08:10,544 - performance_logger - DEBUG - This is a debug message
2026-04-21 14:08:10,545 - performance_logger - DEBUG - This is a debug message
2026-04-21 14:08:10,547 - performance_logger - DEBUG - This is a debug message
2026-04-21 14:08:10,547 - performance_logger - DEBUG - This is a debug message
2026-04-21 14:08:10,548 - performance_logger - DEBUG - This is a debug message
2026-04-21 14:08:10,550 - performance_logger - DEBUG - This is a debug message
2026-04-21 14:08:10,551 - performance_logger - DEBUG - This is a debug message
2026-04-21 14:08:10,553 - performance_logger - DEBUG - This is a debug message
2026-04-21 14:08:10,554 - performance_logger - DEBUG - This is a debug message
2026-04-21 14:08:10,555 - performance_logger - DEBUG - This is a debug message
2026-04-21 14:08:10,556 - performance_logger - DEBUG - This is a debug message
2026-04-21 14:08:10,557 - performance_logger - DEBUG - This is a debug message
2026-04-21 14:08:10,558 - performance_logger - DEBUG - This is a debug message
2026-04-21 14:08:10,559 - performance_logger - DEBUG - This is a debug message
2026-04-21 14:08:10,560 - performance_logger - DEBUG - This is a debug message
2026-04-21 14:08:10,561 - performance_logger - DEBUG - This is a debug message
2026-04-21 14:08:10,565 - performance_logger - DEBUG - This is a debug message
2026-04-21 14:08:10,569 - performance_logger - DEBUG - This is a debug message
2026-04-21 14:08:10,571 - performance_logger - DEBUG - This is a debug message
2026-04-21 14:08:10,574 - performance_logger - DEBUG - This is a debug message
2026-04-21 14:08:10,577 - performance_logger - DEBUG - This is a debug message
2026-04-21 14:08:10,581 - performance_logger - DEBUG - This is a debug message
2026-04-21 14:08:10,583 - performance_logger - DEBUG - This is a debug message
2026-04-21 14:08:10,588 - performance_logger - DEBUG - This is a debug message
2026-04-21 14:08:10,589 - performance_logger - DEBUG - This is a debug message
2026-04-21 14:08:10,594 - performance_logger - DEBUG - This is a debug message
2026-04-21 14:08:10,595 - performance_logger - DEBUG - This is a debug message
2026-04-21 14:08:10,597 - performance_logger - DEBUG - This is a debug message
2026-04-21 14:08:10,599 - performance_logger - DEBUG - This is a debug message
2026-04-21 14:08:10,602 - performance_logger - DEBUG - This is a debug message
2026-04-21 14:08:10,605 - performance_logger - DEBUG - This is a debug message
2026-04-21 14:08:10,607 - performance_logger - DEBUG - This is a debug message
2026-04-21 14:08:10,611 - performance_logger - DEBUG - This is a debug message
2026-04-21 14:08:10,613 - performance_logger - DEBUG - This is a debug message
2026-04-21 14:08:10,615 - performance_logger - DEBUG - This is a debug message
2026-04-21 14:08:10,617 - performance_logger - DEBUG - This is a debug message
2026-04-21 14:08:10,618 - performance_logger - DEBUG - This is a debug message
2026-04-21 14:08:10,619 - performance_logger - DEBUG - This is a debug message
2026-04-21 14:08:10,620 - performance_logger - DEBUG - This is a debug message
2026-04-21 14:08:10,621 - performance_logger - DEBUG - This is a debug message
2026-04-21 14:08:10,623 - performance_logger - DEBUG - This is a debug message
2026-04-21 14:08:10,624 - performance_logger - DEBUG - This is a debug message
2026-04-21 14:08:10,626 - performance_logger - DEBUG - This is a debug message
2026-04-21 14:08:10,627 - performance_logger - DEBUG - This is a debug message
2026-04-21 14:08:10,627 - performance_logger - DEBUG - This is a debug message
2026-04-21 14:08:10,629 - performance_logger - DEBUG - This is a debug message
2026-04-21 14:08:10,630 - performance_logger - DEBUG - This is a debug message
2026-04-21 14:08:10,632 - performance_logger - DEBUG - This is a debug message
2026-04-21 14:08:10,633 - performance_logger - DEBUG - This is a debug message
2026-04-21 14:08:10,634 - performance_logger - DEBUG - This is a debug message
2026-04-21 14:08:10,635 - performance_logger - DEBUG - This is a debug message
2026-04-21 14:08:10,636 - performance_logger - DEBUG - This is a debug message
2026-04-21 14:08:10,637 - performance_logger - DEBUG - This is a debug message
2026-04-21 14:08:10,639 - performance_logger - DEBUG - This is a debug message
2026-04-21 14:08:10,641 - performance_logger - DEBUG - This is a debug message
2026-04-21 14:08:10,642 - performance_logger - DEBUG - This is a debug message
2026-04-21 14:08:10,642 - performance_logger - DEBUG - This is a debug message
2026-04-21 14:08:10,644 - performance_logger - DEBUG - This is a debug message
2026-04-21 14:08:10,645 - performance_logger - DEBUG - This is a debug message
2026-04-21 14:08:10,647 - performance_logger - DEBUG - This is a debug message
2026-04-21 14:08:10,648 - performance_logger - DEBUG - This is a debug message
2026-04-21 14:08:10,650 - performance_logger - DEBUG - This is a debug message
2026-04-21 14:08:10,651 - performance_logger - DEBUG - This is a debug message
2026-04-21 14:08:10,652 - performance_logger - DEBUG - This is a debug message
2026-04-21 14:08:10,653 - performance_logger - DEBUG - This is a debug message
2026-04-21 14:08:10,654 - performance_logger - DEBUG - This is a debug message
2026-04-21 14:08:10,658 - performance_logger - DEBUG - This is a debug message
2026-04-21 14:08:10,660 - performance_logger - DEBUG - This is a debug message
2026-04-21 14:08:10,663 - performance_logger - DEBUG - This is a debug message
2026-04-21 14:08:10,666 - performance_logger - DEBUG - This is a debug message
2026-04-21 14:08:10,668 - performance_logger - DEBUG - This is a debug message
2026-04-21 14:08:10,669 - performance_logger - DEBUG - This is a debug message
2026-04-21 14:08:10,670 - performance_logger - DEBUG - This is a debug message
2026-04-21 14:08:10,671 - performance_logger - DEBUG - This is a debug message
2026-04-21 14:08:10,673 - performance_logger - DEBUG - This is a debug message
2026-04-21 14:08:10,674 - performance_logger - DEBUG - This is a debug message
2026-04-21 14:08:10,675 - performance_logger - DEBUG - This is a debug message
2026-04-21 14:08:10,676 - performance_logger - DEBUG - This is a debug message
2026-04-21 14:08:10,677 - performance_logger - DEBUG - This is a debug message
2026-04-21 14:08:10,679 - performance_logger - DEBUG - This is a debug message
2026-04-21 14:08:10,680 - performance_logger - DEBUG - This is a debug message
2026-04-21 14:08:10,681 - performance_logger - DEBUG - This is a debug message
2026-04-21 14:08:10,682 - performance_logger - DEBUG - This is a debug message
2026-04-21 14:08:10,683 - performance_logger - DEBUG - This is a debug message
2026-04-21 14:08:10,685 - performance_logger - DEBUG - This is a debug message
2026-04-21 14:08:10,689 - performance_logger - DEBUG - This is a debug message
2026-04-21 14:08:10,691 - performance_logger - DEBUG - This is a debug message
2026-04-21 14:08:10,695 - performance_logger - DEBUG - This is a debug message
2026-04-21 14:08:10,697 - performance_logger - DEBUG - This is a debug message
2026-04-21 14:08:10,701 - performance_logger - DEBUG - This is a debug message
2026-04-21 14:08:10,702 - performance_logger - DEBUG - This is a debug message
2026-04-21 14:08:10,706 - performance_logger - DEBUG - This is a debug message
2026-04-21 14:08:10,707 - performance_logger - DEBUG - This is a debug message
2026-04-21 14:08:10,709 - performance_logger - DEBUG - This is a debug message
2026-04-21 14:08:10,710 - performance_logger - DEBUG - This is a debug message
2026-04-21 14:08:10,712 - performance_logger - DEBUG - This is a debug message
2026-04-21 14:08:10,713 - performance_logger - DEBUG - This is a debug message
2026-04-21 14:08:10,715 - performance_logger - DEBUG - This is a debug message
2026-04-21 14:08:10,716 - performance_logger - DEBUG - This is a debug message
2026-04-21 14:08:10,717 - performance_logger - DEBUG - This is a debug message
2026-04-21 14:08:10,720 - performance_logger - DEBUG - This is a debug message
2026-04-21 14:08:10,723 - performance_logger - DEBUG - This is a debug message
2026-04-21 14:08:10,724 - performance_logger - DEBUG - This is a debug message
2026-04-21 14:08:10,726 - performance_logger - DEBUG - This is a debug message
2026-04-21 14:08:10,726 - performance_logger - DEBUG - This is a debug message
2026-04-21 14:08:10,728 - performance_logger - DEBUG - This is a debug message
2026-04-21 14:08:10,729 - performance_logger - DEBUG - This is a debug message
2026-04-21 14:08:10,731 - performance_logger - DEBUG - This is a debug message
2026-04-21 14:08:10,735 - performance_logger - DEBUG - This is a debug message
2026-04-21 14:08:10,736 - performance_logger - DEBUG - This is a debug message
2026-04-21 14:08:10,738 - performance_logger - DEBUG - This is a debug message
2026-04-21 14:08:10,739 - performance_logger - DEBUG - This is a debug message
2026-04-21 14:08:10,740 - performance_logger - DEBUG - This is a debug message
2026-04-21 14:08:10,742 - performance_logger - DEBUG - This is a debug message
2026-04-21 14:08:10,743 - performance_logger - DEBUG - This is a debug message
2026-04-21 14:08:10,744 - performance_logger - DEBUG - This is a debug message
2026-04-21 14:08:10,744 - performance_logger - DEBUG - This is a debug message
2026-04-21 14:08:10,746 - performance_logger - DEBUG - This is a debug message
2026-04-21 14:08:10,753 - performance_logger - DEBUG - This is a debug message
2026-04-21 14:08:10,758 - performance_logger - DEBUG - This is a debug message
2026-04-21 14:08:10,759 - performance_logger - DEBUG - This is a debug message
2026-04-21 14:08:10,761 - performance_logger - DEBUG - This is a debug message
2026-04-21 14:08:10,767 - performance_logger - DEBUG - This is a debug message
2026-04-21 14:08:10,768 - performance_logger - DEBUG - This is a debug message
2026-04-21 14:08:10,769 - performance_logger - DEBUG - This is a debug message
2026-04-21 14:08:10,770 - performance_logger - DEBUG - This is a debug message
2026-04-21 14:08:10,772 - performance_logger - DEBUG - This is a debug message
2026-04-21 14:08:10,773 - performance_logger - DEBUG - This is a debug message
2026-04-21 14:08:10,774 - performance_logger - DEBUG - This is a debug message
2026-04-21 14:08:10,776 - performance_logger - DEBUG - This is a debug message
2026-04-21 14:08:10,777 - performance_logger - DEBUG - This is a debug message
2026-04-21 14:08:10,778 - performance_logger - DEBUG - This is a debug message
2026-04-21 14:08:10,779 - performance_logger - DEBUG - This is a debug message
2026-04-21 14:08:10,786 - performance_logger - DEBUG - This is a debug message
2026-04-21 14:08:10,789 - performance_logger - DEBUG - This is a debug message
2026-04-21 14:08:10,790 - performance_logger - DEBUG - This is a debug message
2026-04-21 14:08:10,791 - performance_logger - DEBUG - This is a debug message
2026-04-21 14:08:10,793 - performance_logger - DEBUG - This is a debug message
2026-04-21 14:08:10,795 - performance_logger - DEBUG - This is a debug message
2026-04-21 14:08:10,801 - performance_logger - DEBUG - This is a debug message
2026-04-21 14:08:10,803 - performance_logger - DEBUG - This is a debug message
2026-04-21 14:08:10,808 - performance_logger - DEBUG - This is a debug message
2026-04-21 14:08:10,808 - performance_logger - DEBUG - This is a debug message
2026-04-21 14:08:10,810 - performance_logger - DEBUG - This is a debug message
2026-04-21 14:08:10,811 - performance_logger - DEBUG - This is a debug message
2026-04-21 14:08:10,812 - performance_logger - DEBUG - This is a debug message
2026-04-21 14:08:10,816 - performance_logger - DEBUG - This is a debug message
2026-04-21 14:08:10,820 - performance_logger - DEBUG - This is a debug message
2026-04-21 14:08:10,823 - performance_logger - DEBUG - This is a debug message
2026-04-21 14:08:10,824 - performance_logger - DEBUG - This is a debug message
2026-04-21 14:08:10,827 - performance_logger - DEBUG - This is a debug message
2026-04-21 14:08:10,829 - performance_logger - DEBUG - This is a debug message
2026-04-21 14:08:10,833 - performance_logger - DEBUG - This is a debug message
2026-04-21 14:08:10,835 - performance_logger - DEBUG - This is a debug message
2026-04-21 14:08:10,836 - performance_logger - DEBUG - This is a debug message
2026-04-21 14:08:10,837 - performance_logger - DEBUG - This is a debug message
2026-04-21 14:08:10,838 - performance_logger - DEBUG - This is a debug message
2026-04-21 14:08:10,840 - performance_logger - DEBUG - This is a debug message
2026-04-21 14:08:10,841 - performance_logger - DEBUG - This is a debug message
2026-04-21 14:08:10,842 - performance_logger - DEBUG - This is a debug message
2026-04-21 14:08:10,843 - performance_logger - DEBUG - This is a debug message
2026-04-21 14:08:10,845 - performance_logger - DEBUG - This is a debug message
2026-04-21 14:08:10,846 - performance_logger - DEBUG - This is a debug message
2026-04-21 14:08:10,850 - performance_logger - DEBUG - This is a debug message
2026-04-21 14:08:10,851 - performance_logger - DEBUG - This is a debug message
2026-04-21 14:08:10,852 - performance_logger - DEBUG - This is a debug message
2026-04-21 14:08:10,853 - performance_logger - DEBUG - This is a debug message
2026-04-21 14:08:10,855 - performance_logger - DEBUG - This is a debug message
2026-04-21 14:08:10,856 - performance_logger - DEBUG - This is a debug message
2026-04-21 14:08:10,857 - performance_logger - DEBUG - This is a debug message
2026-04-21 14:08:10,858 - performance_logger - DEBUG - This is a debug message
2026-04-21 14:08:10,860 - performance_logger - DEBUG - This is a debug message
2026-04-21 14:08:10,860 - performance_logger - DEBUG - This is a debug message
2026-04-21 14:08:10,861 - performance_logger - DEBUG - This is a debug message
2026-04-21 14:08:10,863 - performance_logger - DEBUG - This is a debug message
2026-04-21 14:08:10,867 - performance_logger - DEBUG - This is a debug message
2026-04-21 14:08:10,869 - performance_logger - DEBUG - This is a debug message
2026-04-21 14:08:10,870 - performance_logger - DEBUG - This is a debug message
2026-04-21 14:08:10,871 - performance_logger - DEBUG - This is a debug message
2026-04-21 14:08:10,872 - performance_logger - DEBUG - This is a debug message
2026-04-21 14:08:10,873 - performance_logger - DEBUG - This is a debug message
2026-04-21 14:08:10,874 - performance_logger - DEBUG - This is a debug message
2026-04-21 14:08:10,876 - performance_logger - DEBUG - This is a debug message
2026-04-21 14:08:10,877 - performance_logger - DEBUG - This is a debug message
2026-04-21 14:08:10,879 - performance_logger - DEBUG - This is a debug message
2026-04-21 14:08:10,887 - performance_logger - DEBUG - This is a debug message
2026-04-21 14:08:10,890 - performance_logger - DEBUG - This is a debug message
2026-04-21 14:08:10,894 - performance_logger - DEBUG - This is a debug message
2026-04-21 14:08:10,898 - performance_logger - DEBUG - This is a debug message
2026-04-21 14:08:10,902 - performance_logger - DEBUG - This is a debug message
2026-04-21 14:08:10,904 - performance_logger - DEBUG - This is a debug message
2026-04-21 14:08:10,906 - performance_logger - DEBUG - This is a debug message
2026-04-21 14:08:10,906 - performance_logger - DEBUG - This is a debug message
2026-04-21 14:08:10,908 - performance_logger - DEBUG - This is a debug message
2026-04-21 14:08:10,909 - performance_logger - DEBUG - This is a debug message
2026-04-21 14:08:10,910 - performance_logger - DEBUG - This is a debug message
2026-04-21 14:08:10,910 - performance_logger - DEBUG - This is a debug message
2026-04-21 14:08:10,912 - performance_logger - DEBUG - This is a debug message
2026-04-21 14:08:10,913 - performance_logger - DEBUG - This is a debug message
2026-04-21 14:08:10,918 - performance_logger - DEBUG - This is a debug message
2026-04-21 14:08:10,920 - performance_logger - DEBUG - This is a debug message
2026-04-21 14:08:10,922 - performance_logger - DEBUG - This is a debug message
2026-04-21 14:08:10,923 - performance_logger - DEBUG - This is a debug message
2026-04-21 14:08:10,924 - performance_logger - DEBUG - This is a debug message
2026-04-21 14:08:10,925 - performance_logger - DEBUG - This is a debug message
2026-04-21 14:08:10,926 - performance_logger - DEBUG - This is a debug message
2026-04-21 14:08:10,927 - performance_logger - DEBUG - This is a debug message
2026-04-21 14:08:10,930 - performance_logger - DEBUG - This is a debug message
2026-04-21 14:08:10,931 - performance_logger - DEBUG - This is a debug message
2026-04-21 14:08:10,932 - performance_logger - DEBUG - This is a debug message
2026-04-21 14:08:10,937 - performance_logger - DEBUG - This is a debug message
2026-04-21 14:08:10,939 - performance_logger - DEBUG - This is a debug message
2026-04-21 14:08:10,942 - performance_logger - DEBUG - This is a debug message
2026-04-21 14:08:10,944 - performance_logger - DEBUG - This is a debug message
2026-04-21 14:08:10,945 - performance_logger - DEBUG - This is a debug message
2026-04-21 14:08:10,946 - performance_logger - DEBUG - This is a debug message
2026-04-21 14:08:10,947 - performance_logger - DEBUG - This is a debug message
2026-04-21 14:08:10,949 - performance_logger - DEBUG - This is a debug message
2026-04-21 14:08:10,950 - performance_logger - DEBUG - This is a debug message
2026-04-21 14:08:10,955 - performance_logger - DEBUG - This is a debug message
2026-04-21 14:08:10,959 - performance_logger - DEBUG - This is a debug message
2026-04-21 14:08:10,960 - performance_logger - DEBUG - This is a debug message
2026-04-21 14:08:10,961 - performance_logger - DEBUG - This is a debug message
2026-04-21 14:08:10,962 - performance_logger - DEBUG - This is a debug message
2026-04-21 14:08:10,964 - performance_logger - DEBUG - This is a debug message
2026-04-21 14:08:10,967 - performance_logger - DEBUG - This is a debug message
2026-04-21 14:08:10,969 - performance_logger - DEBUG - This is a debug message
2026-04-21 14:08:10,970 - performance_logger - DEBUG - This is a debug message
2026-04-21 14:08:10,971 - performance_logger - DEBUG - This is a debug message
2026-04-21 14:08:10,972 - performance_logger - DEBUG - This is a debug message
2026-04-21 14:08:10,974 - performance_logger - DEBUG - This is a debug message
2026-04-21 14:08:10,975 - performance_logger - DEBUG - This is a debug message
2026-04-21 14:08:10,976 - performance_logger - DEBUG - This is a debug message
2026-04-21 14:08:10,977 - performance_logger - DEBUG - This is a debug message
2026-04-21 14:08:10,979 - performance_logger - DEBUG - This is a debug message
2026-04-21 14:08:10,982 - performance_logger - DEBUG - This is a debug message
2026-04-21 14:08:10,984 - performance_logger - DEBUG - This is a debug message
2026-04-21 14:08:10,986 - performance_logger - DEBUG - This is a debug message
2026-04-21 14:08:10,987 - performance_logger - DEBUG - This is a debug message
2026-04-21 14:08:10,989 - performance_logger - DEBUG - This is a debug message
2026-04-21 14:08:10,990 - performance_logger - DEBUG - This is a debug message
2026-04-21 14:08:10,991 - performance_logger - DEBUG - This is a debug message
2026-04-21 14:08:10,991 - performance_logger - DEBUG - This is a debug message
2026-04-21 14:08:10,993 - performance_logger - DEBUG - This is a debug message
2026-04-21 14:08:10,994 - performance_logger - DEBUG - This is a debug message
2026-04-21 14:08:10,995 - performance_logger - DEBUG - This is a debug message
2026-04-21 14:08:10,996 - performance_logger - DEBUG - This is a debug message
2026-04-21 14:08:10,999 - performance_logger - DEBUG - This is a debug message
2026-04-21 14:08:11,001 - performance_logger - DEBUG - This is a debug message
2026-04-21 14:08:11,004 - performance_logger - DEBUG - This is a debug message
2026-04-21 14:08:11,006 - performance_logger - DEBUG - This is a debug message
2026-04-21 14:08:11,007 - performance_logger - DEBUG - This is a debug message
2026-04-21 14:08:11,008 - performance_logger - DEBUG - This is a debug message
2026-04-21 14:08:11,009 - performance_logger - DEBUG - This is a debug message
2026-04-21 14:08:11,010 - performance_logger - DEBUG - This is a debug message
2026-04-21 14:08:11,011 - performance_logger - DEBUG - This is a debug message
2026-04-21 14:08:11,012 - performance_logger - DEBUG - This is a debug message
2026-04-21 14:08:11,013 - performance_logger - DEBUG - This is a debug message
2026-04-21 14:08:11,017 - performance_logger - DEBUG - This is a debug message
2026-04-21 14:08:11,018 - performance_logger - DEBUG - This is a debug message
2026-04-21 14:08:11,019 - performance_logger - DEBUG - This is a debug message
2026-04-21 14:08:11,021 - performance_logger - DEBUG - This is a debug message
2026-04-21 14:08:11,022 - performance_logger - DEBUG - This is a debug message
2026-04-21 14:08:11,023 - performance_logger - DEBUG - This is a debug message
2026-04-21 14:08:11,024 - performance_logger - DEBUG - This is a debug message
2026-04-21 14:08:11,025 - performance_logger - DEBUG - This is a debug message
2026-04-21 14:08:11,027 - performance_logger - DEBUG - This is a debug message
2026-04-21 14:08:11,028 - performance_logger - DEBUG - This is a debug message
2026-04-21 14:08:11,029 - performance_logger - DEBUG - This is a debug message
2026-04-21 14:08:11,034 - performance_logger - DEBUG - This is a debug message
2026-04-21 14:08:11,035 - performance_logger - DEBUG - This is a debug message
2026-04-21 14:08:11,037 - performance_logger - DEBUG - This is a debug message
2026-04-21 14:08:11,038 - performance_logger - DEBUG - This is a debug message
2026-04-21 14:08:11,039 - performance_logger - DEBUG - This is a debug message
2026-04-21 14:08:11,041 - performance_logger - DEBUG - This is a debug message
2026-04-21 14:08:11,042 - performance_logger - DEBUG - This is a debug message
2026-04-21 14:08:11,042 - performance_logger - DEBUG - This is a debug message
2026-04-21 14:08:11,043 - performance_logger - DEBUG - This is a debug message
2026-04-21 14:08:11,045 - performance_logger - DEBUG - This is a debug message
2026-04-21 14:08:11,046 - performance_logger - DEBUG - This is a debug message
2026-04-21 14:08:11,050 - performance_logger - DEBUG - This is a debug message
2026-04-21 14:08:11,052 - performance_logger - DEBUG - This is a debug message
2026-04-21 14:08:11,053 - performance_logger - DEBUG - This is a debug message
2026-04-21 14:08:11,054 - performance_logger - DEBUG - This is a debug message
2026-04-21 14:08:11,055 - performance_logger - DEBUG - This is a debug message
2026-04-21 14:08:11,056 - performance_logger - DEBUG - This is a debug message
2026-04-21 14:08:11,057 - performance_logger - DEBUG - This is a debug message
2026-04-21 14:08:11,058 - performance_logger - DEBUG - This is a debug message
2026-04-21 14:08:11,059 - performance_logger - DEBUG - This is a debug message
2026-04-21 14:08:11,060 - performance_logger - DEBUG - This is a debug message
2026-04-21 14:08:11,061 - performance_logger - DEBUG - This is a debug message
2026-04-21 14:08:11,063 - performance_logger - DEBUG - This is a debug message
2026-04-21 14:08:11,067 - performance_logger - DEBUG - This is a debug message
2026-04-21 14:08:11,070 - performance_logger - DEBUG - This is a debug message
2026-04-21 14:08:11,071 - performance_logger - DEBUG - This is a debug message
2026-04-21 14:08:11,072 - performance_logger - DEBUG - This is a debug message
2026-04-21 14:08:11,073 - performance_logger - DEBUG - This is a debug message
2026-04-21 14:08:11,074 - performance_logger - DEBUG - This is a debug message
2026-04-21 14:08:11,075 - performance_logger - DEBUG - This is a debug message
2026-04-21 14:08:11,075 - performance_logger - DEBUG - This is a debug message
2026-04-21 14:08:11,077 - performance_logger - DEBUG - This is a debug message
2026-04-21 14:08:11,077 - performance_logger - DEBUG - This is a debug message
2026-04-21 14:08:11,078 - performance_logger - DEBUG - This is a debug message
2026-04-21 14:08:11,079 - performance_logger - DEBUG - This is a debug message
2026-04-21 14:08:11,080 - performance_logger - DEBUG - This is a debug message
2026-04-21 14:08:11,082 - performance_logger - DEBUG - This is a debug message
2026-04-21 14:08:11,084 - performance_logger - DEBUG - This is a debug message
2026-04-21 14:08:11,084 - performance_logger - DEBUG - This is a debug message
2026-04-21 14:08:11,085 - performance_logger - DEBUG - This is a debug message
2026-04-21 14:08:11,086 - performance_logger - DEBUG - This is a debug message
2026-04-21 14:08:11,088 - performance_logger - DEBUG - This is a debug message
2026-04-21 14:08:11,089 - performance_logger - DEBUG - This is a debug message
2026-04-21 14:08:11,090 - performance_logger - DEBUG - This is a debug message
2026-04-21 14:08:11,092 - performance_logger - DEBUG - This is a debug message
2026-04-21 14:08:11,094 - performance_logger - DEBUG - This is a debug message
2026-04-21 14:08:11,094 - performance_logger - DEBUG - This is a debug message
2026-04-21 14:08:11,095 - performance_logger - DEBUG - This is a debug message
2026-04-21 14:08:11,096 - performance_logger - DEBUG - This is a debug message
2026-04-21 14:08:11,097 - performance_logger - DEBUG - This is a debug message
2026-04-21 14:08:11,098 - performance_logger - DEBUG - This is a debug message
2026-04-21 14:08:11,101 - performance_logger - DEBUG - This is a debug message
2026-04-21 14:08:11,102 - performance_logger - DEBUG - This is a debug message
2026-04-21 14:08:11,102 - performance_logger - DEBUG - This is a debug message
2026-04-21 14:08:11,103 - performance_logger - DEBUG - This is a debug message
2026-04-21 14:08:11,105 - performance_logger - DEBUG - This is a debug message
2026-04-21 14:08:11,105 - performance_logger - DEBUG - This is a debug message
2026-04-21 14:08:11,108 - performance_logger - DEBUG - This is a debug message
2026-04-21 14:08:11,108 - performance_logger - DEBUG - This is a debug message
2026-04-21 14:08:11,109 - performance_logger - DEBUG - This is a debug message
2026-04-21 14:08:11,110 - performance_logger - DEBUG - This is a debug message
2026-04-21 14:08:11,111 - performance_logger - DEBUG - This is a debug message
2026-04-21 14:08:11,112 - performance_logger - DEBUG - This is a debug message
2026-04-21 14:08:11,113 - performance_logger - DEBUG - This is a debug message
2026-04-21 14:08:11,114 - performance_logger - DEBUG - This is a debug message
2026-04-21 14:08:11,116 - performance_logger - DEBUG - This is a debug message
2026-04-21 14:08:11,117 - performance_logger - DEBUG - This is a debug message
2026-04-21 14:08:11,118 - performance_logger - DEBUG - This is a debug message
2026-04-21 14:08:11,120 - performance_logger - DEBUG - This is a debug message
2026-04-21 14:08:11,120 - performance_logger - DEBUG - This is a debug message
2026-04-21 14:08:11,121 - performance_logger - DEBUG - This is a debug message
2026-04-21 14:08:11,122 - performance_logger - DEBUG - This is a debug message
2026-04-21 14:08:11,125 - performance_logger - DEBUG - This is a debug message
2026-04-21 14:08:11,127 - performance_logger - DEBUG - This is a debug message
2026-04-21 14:08:11,128 - performance_logger - DEBUG - This is a debug message
2026-04-21 14:08:11,129 - performance_logger - DEBUG - This is a debug message
2026-04-21 14:08:11,130 - performance_logger - DEBUG - This is a debug message
2026-04-21 14:08:11,137 - performance_logger - DEBUG - This is a debug message
2026-04-21 14:08:11,142 - performance_logger - DEBUG - This is a debug message
2026-04-21 14:08:11,143 - performance_logger - DEBUG - This is a debug message
2026-04-21 14:08:11,145 - performance_logger - DEBUG - This is a debug message
2026-04-21 14:08:11,150 - performance_logger - DEBUG - This is a debug message
2026-04-21 14:08:11,152 - performance_logger - DEBUG - This is a debug message
2026-04-21 14:08:11,154 - performance_logger - DEBUG - This is a debug message
2026-04-21 14:08:11,158 - performance_logger - DEBUG - This is a debug message
2026-04-21 14:08:11,159 - performance_logger - DEBUG - This is a debug message
2026-04-21 14:08:11,162 - performance_logger - DEBUG - This is a debug message
2026-04-21 14:08:11,164 - performance_logger - DEBUG - This is a debug message
2026-04-21 14:08:11,170 - performance_logger - DEBUG - This is a debug message
2026-04-21 14:08:11,175 - performance_logger - DEBUG - This is a debug message
2026-04-21 14:08:11,176 - performance_logger - DEBUG - This is a debug message
2026-04-21 14:08:11,177 - performance_logger - DEBUG - This is a debug message
2026-04-21 14:08:11,181 - performance_logger - DEBUG - This is a debug message
2026-04-21 14:08:11,185 - performance_logger - DEBUG - This is a debug message
2026-04-21 14:08:11,189 - performance_logger - DEBUG - This is a debug message
2026-04-21 14:08:11,191 - performance_logger - DEBUG - This is a debug message
2026-04-21 14:08:11,192 - performance_logger - DEBUG - This is a debug message
2026-04-21 14:08:11,196 - performance_logger - DEBUG - This is a debug message
2026-04-21 14:08:11,197 - performance_logger - DEBUG - This is a debug message
2026-04-21 14:08:11,204 - performance_logger - DEBUG - This is a debug message
2026-04-21 14:08:11,206 - performance_logger - DEBUG - This is a debug message
2026-04-21 14:08:11,210 - performance_logger - DEBUG - This is a debug message
2026-04-21 14:08:11,211 - performance_logger - DEBUG - This is a debug message
2026-04-21 14:08:11,212 - performance_logger - DEBUG - This is a debug message
2026-04-21 14:08:11,219 - performance_logger - DEBUG - This is a debug message
2026-04-21 14:08:11,221 - performance_logger - DEBUG - This is a debug message
2026-04-21 14:08:11,223 - performance_logger - DEBUG - This is a debug message
2026-04-21 14:08:11,226 - performance_logger - DEBUG - This is a debug message
2026-04-21 14:08:11,227 - performance_logger - DEBUG - This is a debug message
2026-04-21 14:08:11,231 - performance_logger - DEBUG - This is a debug message
2026-04-21 14:08:11,235 - performance_logger - DEBUG - This is a debug message
2026-04-21 14:08:11,239 - performance_logger - DEBUG - This is a debug message
2026-04-21 14:08:11,241 - performance_logger - DEBUG - This is a debug message
2026-04-21 14:08:11,245 - performance_logger - DEBUG - This is a debug message
2026-04-21 14:08:11,249 - performance_logger - DEBUG - This is a debug message
2026-04-21 14:08:11,253 - performance_logger - DEBUG - This is a debug message
2026-04-21 14:08:11,255 - performance_logger - DEBUG - This is a debug message
2026-04-21 14:08:11,256 - performance_logger - DEBUG - This is a debug message
2026-04-21 14:08:11,258 - performance_logger - DEBUG - This is a debug message
2026-04-21 14:08:11,261 - performance_logger - DEBUG - This is a debug message
2026-04-21 14:08:11,265 - performance_logger - DEBUG - This is a debug message
2026-04-21 14:08:11,268 - performance_logger - DEBUG - This is a debug message
2026-04-21 14:08:11,273 - performance_logger - DEBUG - This is a debug message
2026-04-21 14:08:11,275 - performance_logger - DEBUG - This is a debug message
2026-04-21 14:08:11,278 - performance_logger - DEBUG - This is a debug message
2026-04-21 14:08:11,280 - performance_logger - DEBUG - This is a debug message
2026-04-21 14:08:11,286 - performance_logger - DEBUG - This is a debug message
2026-04-21 14:08:11,288 - performance_logger - DEBUG - This is a debug message
2026-04-21 14:08:11,291 - performance_logger - DEBUG - This is a debug message
2026-04-21 14:08:11,292 - performance_logger - DEBUG - This is a debug message
2026-04-21 14:08:11,294 - performance_logger - DEBUG - This is a debug message
2026-04-21 14:08:11,298 - performance_logger - DEBUG - This is a debug message
2026-04-21 14:08:11,302 - performance_logger - DEBUG - This is a debug message
2026-04-21 14:08:11,306 - performance_logger - DEBUG - This is a debug message
2026-04-21 14:08:11,308 - performance_logger - DEBUG - This is a debug message
2026-04-21 14:08:11,309 - performance_logger - DEBUG - This is a debug message
2026-04-21 14:08:11,312 - performance_logger - DEBUG - This is a debug message
2026-04-21 14:08:11,318 - performance_logger - DEBUG - This is a debug message
2026-04-21 14:08:11,319 - performance_logger - DEBUG - This is a debug message
2026-04-21 14:08:11,323 - performance_logger - DEBUG - This is a debug message
2026-04-21 14:08:11,325 - performance_logger - DEBUG - This is a debug message
2026-04-21 14:08:11,332 - performance_logger - DEBUG - This is a debug message
2026-04-21 14:08:11,336 - performance_logger - DEBUG - This is a debug message
2026-04-21 14:08:11,337 - performance_logger - DEBUG - This is a debug message
2026-04-21 14:08:11,340 - performance_logger - DEBUG - This is a debug message
2026-04-21 14:08:11,343 - performance_logger - DEBUG - This is a debug message
2026-04-21 14:08:11,346 - performance_logger - DEBUG - This is a debug message
2026-04-21 14:08:11,353 - performance_logger - DEBUG - This is a debug message
2026-04-21 14:08:11,355 - performance_logger - DEBUG - This is a debug message
2026-04-21 14:08:11,356 - performance_logger - DEBUG - This is a debug message
2026-04-21 14:08:11,360 - performance_logger - DEBUG - This is a debug message
2026-04-21 14:08:11,363 - performance_logger - DEBUG - This is a debug message
2026-04-21 14:08:11,368 - performance_logger - DEBUG - This is a debug message
2026-04-21 14:08:11,371 - performance_logger - DEBUG - This is a debug message
2026-04-21 14:08:11,373 - performance_logger - DEBUG - This is a debug message
2026-04-21 14:08:11,376 - performance_logger - DEBUG - This is a debug message
2026-04-21 14:08:11,378 - performance_logger - DEBUG - This is a debug message
2026-04-21 14:08:11,385 - performance_logger - DEBUG - This is a debug message
2026-04-21 14:08:11,386 - performance_logger - DEBUG - This is a debug message
2026-04-21 14:08:11,387 - performance_logger - DEBUG - This is a debug message
2026-04-21 14:08:11,389 - performance_logger - DEBUG - This is a debug message
2026-04-21 14:08:11,390 - performance_logger - DEBUG - This is a debug message
2026-04-21 14:08:11,391 - performance_logger - DEBUG - This is a debug message
2026-04-21 14:08:11,392 - performance_logger - DEBUG - This is a debug message
2026-04-21 14:08:11,393 - performance_logger - DEBUG - This is a debug message
2026-04-21 14:08:11,394 - performance_logger - DEBUG - This is a debug message
2026-04-21 14:08:11,396 - performance_logger - DEBUG - This is a debug message
2026-04-21 14:08:11,399 - performance_logger - DEBUG - This is a debug message
2026-04-21 14:08:11,400 - performance_logger - DEBUG - This is a debug message
2026-04-21 14:08:11,401 - performance_logger - DEBUG - This is a debug message
2026-04-21 14:08:11,402 - performance_logger - DEBUG - This is a debug message
2026-04-21 14:08:11,403 - performance_logger - DEBUG - This is a debug message
2026-04-21 14:08:11,405 - performance_logger - DEBUG - This is a debug message
2026-04-21 14:08:11,406 - performance_logger - DEBUG - This is a debug message
2026-04-21 14:08:11,408 - performance_logger - DEBUG - This is a debug message
2026-04-21 14:08:11,409 - performance_logger - DEBUG - This is a debug message
2026-04-21 14:08:11,410 - performance_logger - DEBUG - This is a debug message
2026-04-21 14:08:11,411 - performance_logger - DEBUG - This is a debug message
2026-04-21 14:08:11,412 - performance_logger - DEBUG - This is a debug message
2026-04-21 14:08:11,416 - performance_logger - DEBUG - This is a debug message
2026-04-21 14:08:11,417 - performance_logger - DEBUG - This is a debug message
2026-04-21 14:08:11,418 - performance_logger - DEBUG - This is a debug message
2026-04-21 14:08:11,419 - performance_logger - DEBUG - This is a debug message
2026-04-21 14:08:11,421 - performance_logger - DEBUG - This is a debug message
2026-04-21 14:08:11,422 - performance_logger - DEBUG - This is a debug message
2026-04-21 14:08:11,423 - performance_logger - DEBUG - This is a debug message
2026-04-21 14:08:11,424 - performance_logger - DEBUG - This is a debug message
2026-04-21 14:08:11,426 - performance_logger - DEBUG - This is a debug message
2026-04-21 14:08:11,427 - performance_logger - DEBUG - This is a debug message
2026-04-21 14:08:11,429 - performance_logger - DEBUG - This is a debug message
2026-04-21 14:08:11,432 - performance_logger - DEBUG - This is a debug message
2026-04-21 14:08:11,433 - performance_logger - DEBUG - This is a debug message
2026-04-21 14:08:11,437 - performance_logger - DEBUG - This is a debug message
2026-04-21 14:08:11,439 - performance_logger - DEBUG - This is a debug message
2026-04-21 14:08:11,442 - performance_logger - DEBUG - This is a debug message
2026-04-21 14:08:11,444 - performance_logger - DEBUG - This is a debug message
2026-04-21 14:08:11,445 - performance_logger - DEBUG - This is a debug message
2026-04-21 14:08:11,445 - performance_logger - DEBUG - This is a debug message
2026-04-21 14:08:11,446 - performance_logger - DEBUG - This is a debug message
2026-04-21 14:08:11,447 - performance_logger - DEBUG - This is a debug message
2026-04-21 14:08:11,448 - performance_logger - DEBUG - This is a debug message
2026-04-21 14:08:11,449 - performance_logger - DEBUG - This is a debug message
2026-04-21 14:08:11,450 - performance_logger - DEBUG - This is a debug message
2026-04-21 14:08:11,451 - performance_logger - DEBUG - This is a debug message
2026-04-21 14:08:11,452 - performance_logger - DEBUG - This is a debug message
2026-04-21 14:08:11,453 - performance_logger - DEBUG - This is a debug message
2026-04-21 14:08:11,454 - performance_logger - DEBUG - This is a debug message
2026-04-21 14:08:11,455 - performance_logger - DEBUG - This is a debug message
2026-04-21 14:08:11,456 - performance_logger - DEBUG - This is a debug message
2026-04-21 14:08:11,457 - performance_logger - DEBUG - This is a debug message
2026-04-21 14:08:11,458 - performance_logger - DEBUG - This is a debug message
2026-04-21 14:08:11,460 - performance_logger - DEBUG - This is a debug message
2026-04-21 14:08:11,461 - performance_logger - DEBUG - This is a debug message
2026-04-21 14:08:11,462 - performance_logger - DEBUG - This is a debug message
2026-04-21 14:08:11,464 - performance_logger - DEBUG - This is a debug message
2026-04-21 14:08:11,465 - performance_logger - DEBUG - This is a debug message
2026-04-21 14:08:11,466 - performance_logger - DEBUG - This is a debug message
2026-04-21 14:08:11,467 - performance_logger - DEBUG - This is a debug message
2026-04-21 14:08:11,468 - performance_logger - DEBUG - This is a debug message
2026-04-21 14:08:11,470 - performance_logger - DEBUG - This is a debug message
2026-04-21 14:08:11,471 - performance_logger - DEBUG - This is a debug message
2026-04-21 14:08:11,472 - performance_logger - DEBUG - This is a debug message
2026-04-21 14:08:11,472 - performance_logger - DEBUG - This is a debug message
2026-04-21 14:08:11,473 - performance_logger - DEBUG - This is a debug message
2026-04-21 14:08:11,478 - performance_logger - DEBUG - This is a debug message
2026-04-21 14:08:11,481 - performance_logger - DEBUG - This is a debug message
2026-04-21 14:08:11,482 - performance_logger - DEBUG - This is a debug message
2026-04-21 14:08:11,483 - performance_logger - DEBUG - This is a debug message
2026-04-21 14:08:11,484 - performance_logger - DEBUG - This is a debug message
2026-04-21 14:08:11,485 - performance_logger - DEBUG - This is a debug message
2026-04-21 14:08:11,486 - performance_logger - DEBUG - This is a debug message
2026-04-21 14:08:11,488 - performance_logger - DEBUG - This is a debug message
2026-04-21 14:08:11,489 - performance_logger - DEBUG - This is a debug message
2026-04-21 14:08:11,492 - performance_logger - DEBUG - This is a debug message
2026-04-21 14:08:11,495 - performance_logger - DEBUG - This is a debug message
2026-04-21 14:08:11,498 - performance_logger - DEBUG - This is a debug message
2026-04-21 14:08:11,499 - performance_logger - DEBUG - This is a debug message
2026-04-21 14:08:11,501 - performance_logger - DEBUG - This is a debug message
2026-04-21 14:08:11,503 - performance_logger - DEBUG - This is a debug message
2026-04-21 14:08:11,504 - performance_logger - DEBUG - This is a debug message
2026-04-21 14:08:11,506 - performance_logger - DEBUG - This is a debug message
2026-04-21 14:08:11,508 - performance_logger - DEBUG - This is a debug message
2026-04-21 14:08:11,509 - performance_logger - DEBUG - This is a debug message
2026-04-21 14:08:11,510 - performance_logger - DEBUG - This is a debug message
2026-04-21 14:08:11,512 - performance_logger - DEBUG - This is a debug message
2026-04-21 14:08:11,515 - performance_logger - DEBUG - This is a debug message
2026-04-21 14:08:11,517 - performance_logger - DEBUG - This is a debug message
2026-04-21 14:08:11,518 - performance_logger - DEBUG - This is a debug message
2026-04-21 14:08:11,519 - performance_logger - DEBUG - This is a debug message
2026-04-21 14:08:11,522 - performance_logger - DEBUG - This is a debug message
2026-04-21 14:08:11,523 - performance_logger - DEBUG - This is a debug message
2026-04-21 14:08:11,524 - performance_logger - DEBUG - This is a debug message
2026-04-21 14:08:11,526 - performance_logger - DEBUG - This is a debug message
2026-04-21 14:08:11,527 - performance_logger - DEBUG - This is a debug message
2026-04-21 14:08:11,528 - performance_logger - DEBUG - This is a debug message
2026-04-21 14:08:11,528 - performance_logger - DEBUG - This is a debug message
2026-04-21 14:08:11,529 - performance_logger - DEBUG - This is a debug message
2026-04-21 14:08:11,531 - performance_logger - DEBUG - This is a debug message
2026-04-21 14:08:11,533 - performance_logger - DEBUG - This is a debug message
2026-04-21 14:08:11,535 - performance_logger - DEBUG - This is a debug message
2026-04-21 14:08:11,537 - performance_logger - DEBUG - This is a debug message
2026-04-21 14:08:11,539 - performance_logger - DEBUG - This is a debug message
2026-04-21 14:08:11,540 - performance_logger - DEBUG - This is a debug message
2026-04-21 14:08:11,541 - performance_logger - DEBUG - This is a debug message
2026-04-21 14:08:11,550 - performance_logger - DEBUG - This is a debug message
2026-04-21 14:08:11,556 - performance_logger - DEBUG - This is a debug message
2026-04-21 14:08:11,558 - performance_logger - DEBUG - This is a debug message
2026-04-21 14:08:11,559 - performance_logger - DEBUG - This is a debug message
2026-04-21 14:08:11,560 - performance_logger - DEBUG - This is a debug message
2026-04-21 14:08:11,561 - performance_logger - DEBUG - This is a debug message
2026-04-21 14:08:11,562 - performance_logger - DEBUG - This is a debug message
2026-04-21 14:08:11,564 - performance_logger - DEBUG - This is a debug message
2026-04-21 14:08:11,565 - performance_logger - DEBUG - This is a debug message
2026-04-21 14:08:11,567 - performance_logger - DEBUG - This is a debug message
2026-04-21 14:08:11,568 - performance_logger - DEBUG - This is a debug message
2026-04-21 14:08:11,569 - performance_logger - DEBUG - This is a debug message
2026-04-21 14:08:11,571 - performance_logger - DEBUG - This is a debug message
2026-04-21 14:08:11,572 - performance_logger - DEBUG - This is a debug message
2026-04-21 14:08:11,573 - performance_logger - DEBUG - This is a debug message
2026-04-21 14:08:11,574 - performance_logger - DEBUG - This is a debug message
2026-04-21 14:08:11,575 - performance_logger - DEBUG - This is a debug message
2026-04-21 14:08:11,576 - performance_logger - DEBUG - This is a debug message
2026-04-21 14:08:11,577 - performance_logger - DEBUG - This is a debug message
2026-04-21 14:08:11,587 - performance_logger - DEBUG - This is a debug message
2026-04-21 14:08:11,591 - performance_logger - DEBUG - This is a debug message
2026-04-21 14:08:11,599 - performance_logger - DEBUG - This is a debug message
2026-04-21 14:08:11,600 - performance_logger - DEBUG - This is a debug message
2026-04-21 14:08:11,604 - performance_logger - DEBUG - This is a debug message
2026-04-21 14:08:11,607 - performance_logger - DEBUG - This is a debug message
2026-04-21 14:08:11,610 - performance_logger - DEBUG - This is a debug message
2026-04-21 14:08:11,613 - performance_logger - DEBUG - This is a debug message
2026-04-21 14:08:11,619 - performance_logger - DEBUG - This is a debug message
2026-04-21 14:08:11,621 - performance_logger - DEBUG - This is a debug message
2026-04-21 14:08:11,625 - performance_logger - DEBUG - This is a debug message
2026-04-21 14:08:11,628 - performance_logger - DEBUG - This is a debug message
2026-04-21 14:08:11,631 - performance_logger - DEBUG - This is a debug message
2026-04-21 14:08:11,632 - performance_logger - DEBUG - This is a debug message
2026-04-21 14:08:11,635 - performance_logger - DEBUG - This is a debug message
2026-04-21 14:08:11,636 - performance_logger - DEBUG - This is a debug message
2026-04-21 14:08:11,638 - performance_logger - DEBUG - This is a debug message
2026-04-21 14:08:11,642 - performance_logger - DEBUG - This is a debug message
2026-04-21 14:08:11,644 - performance_logger - DEBUG - This is a debug message
2026-04-21 14:08:11,647 - performance_logger - DEBUG - This is a debug message
2026-04-21 14:08:11,649 - performance_logger - DEBUG - This is a debug message
2026-04-21 14:08:11,650 - performance_logger - DEBUG - This is a debug message
2026-04-21 14:08:11,652 - performance_logger - DEBUG - This is a debug message
2026-04-21 14:08:11,653 - performance_logger - DEBUG - This is a debug message
2026-04-21 14:08:11,654 - performance_logger - DEBUG - This is a debug message
2026-04-21 14:08:11,656 - performance_logger - DEBUG - This is a debug message
2026-04-21 14:08:11,661 - performance_logger - DEBUG - This is a debug message
2026-04-21 14:08:11,662 - performance_logger - DEBUG - This is a debug message
2026-04-21 14:08:11,664 - performance_logger - DEBUG - This is a debug message
2026-04-21 14:08:11,666 - performance_logger - DEBUG - This is a debug message
2026-04-21 14:08:11,667 - performance_logger - DEBUG - This is a debug message
2026-04-21 14:08:11,669 - performance_logger - DEBUG - This is a debug message
2026-04-21 14:08:11,670 - performance_logger - DEBUG - This is a debug message
2026-04-21 14:08:11,672 - performance_logger - DEBUG - This is a debug message
2026-04-21 14:08:11,673 - performance_logger - DEBUG - This is a debug message
2026-04-21 14:08:11,674 - performance_logger - DEBUG - This is a debug message
2026-04-21 14:08:11,677 - performance_logger - DEBUG - This is a debug message
2026-04-21 14:08:11,681 - performance_logger - DEBUG - This is a debug message
2026-04-21 14:08:11,682 - performance_logger - DEBUG - This is a debug message
2026-04-21 14:08:11,686 - performance_logger - DEBUG - This is a debug message
2026-04-21 14:08:11,689 - performance_logger - DEBUG - This is a debug message
2026-04-21 14:08:11,691 - performance_logger - DEBUG - This is a debug message
2026-04-21 14:08:11,693 - performance_logger - DEBUG - This is a debug message
2026-04-21 14:08:11,697 - performance_logger - DEBUG - This is a debug message
2026-04-21 14:08:11,698 - performance_logger - DEBUG - This is a debug message
2026-04-21 14:08:11,700 - performance_logger - DEBUG - This is a debug message
2026-04-21 14:08:11,701 - performance_logger - DEBUG - This is a debug message
2026-04-21 14:08:11,702 - performance_logger - DEBUG - This is a debug message
2026-04-21 14:08:11,703 - performance_logger - DEBUG - This is a debug message
2026-04-21 14:08:11,704 - performance_logger - DEBUG - This is a debug message
2026-04-21 14:08:11,705 - performance_logger - DEBUG - This is a debug message
2026-04-21 14:08:11,706 - performance_logger - DEBUG - This is a debug message
2026-04-21 14:08:11,708 - performance_logger - DEBUG - This is a debug message
2026-04-21 14:08:11,710 - performance_logger - DEBUG - This is a debug message
2026-04-21 14:08:11,711 - performance_logger - DEBUG - This is a debug message
2026-04-21 14:08:11,712 - performance_logger - DEBUG - This is a debug message
2026-04-21 14:08:11,713 - performance_logger - DEBUG - This is a debug message
2026-04-21 14:08:11,715 - performance_logger - DEBUG - This is a debug message
2026-04-21 14:08:11,716 - performance_logger - DEBUG - This is a debug message
2026-04-21 14:08:11,717 - performance_logger - DEBUG - This is a debug message
2026-04-21 14:08:11,718 - performance_logger - DEBUG - This is a debug message
2026-04-21 14:08:11,719 - performance_logger - DEBUG - This is a debug message
2026-04-21 14:08:11,720 - performance_logger - DEBUG - This is a debug message
2026-04-21 14:08:11,721 - performance_logger - DEBUG - This is a debug message
2026-04-21 14:08:11,723 - performance_logger - DEBUG - This is a debug message
2026-04-21 14:08:11,724 - performance_logger - DEBUG - This is a debug message
2026-04-21 14:08:11,725 - performance_logger - DEBUG - This is a debug message
2026-04-21 14:08:11,727 - performance_logger - DEBUG - This is a debug message
2026-04-21 14:08:11,729 - performance_logger - DEBUG - This is a debug message
2026-04-21 14:08:11,730 - performance_logger - DEBUG - This is a debug message
2026-04-21 14:08:11,732 - performance_logger - DEBUG - This is a debug message
2026-04-21 14:08:11,732 - performance_logger - DEBUG - This is a debug message
2026-04-21 14:08:11,734 - performance_logger - DEBUG - This is a debug message
2026-04-21 14:08:11,735 - performance_logger - DEBUG - This is a debug message
2026-04-21 14:08:11,736 - performance_logger - DEBUG - This is a debug message
2026-04-21 14:08:11,737 - performance_logger - DEBUG - This is a debug message
2026-04-21 14:08:11,739 - performance_logger - DEBUG - This is a debug message
2026-04-21 14:08:11,740 - performance_logger - DEBUG - This is a debug message
2026-04-21 14:08:11,741 - performance_logger - DEBUG - This is a debug message
2026-04-21 14:08:11,742 - performance_logger - DEBUG - This is a debug message
2026-04-21 14:08:11,743 - performance_logger - DEBUG - This is a debug message
2026-04-21 14:08:11,745 - performance_logger - DEBUG - This is a debug message
2026-04-21 14:08:11,747 - performance_logger - DEBUG - This is a debug message
2026-04-21 14:08:11,748 - performance_logger - DEBUG - This is a debug message
2026-04-21 14:08:11,749 - performance_logger - DEBUG - This is a debug message
2026-04-21 14:08:11,750 - performance_logger - DEBUG - This is a debug message
2026-04-21 14:08:11,751 - performance_logger - DEBUG - This is a debug message
2026-04-21 14:08:11,753 - performance_logger - DEBUG - This is a debug message
2026-04-21 14:08:11,755 - performance_logger - DEBUG - This is a debug message
2026-04-21 14:08:11,756 - performance_logger - DEBUG - This is a debug message
2026-04-21 14:08:11,757 - performance_logger - DEBUG - This is a debug message
2026-04-21 14:08:11,759 - performance_logger - DEBUG - This is a debug message
2026-04-21 14:08:11,760 - performance_logger - DEBUG - This is a debug message
2026-04-21 14:08:11,762 - performance_logger - DEBUG - This is a debug message
2026-04-21 14:08:11,763 - performance_logger - DEBUG - This is a debug message
2026-04-21 14:08:11,765 - performance_logger - DEBUG - This is a debug message
2026-04-21 14:08:11,766 - performance_logger - DEBUG - This is a debug message
2026-04-21 14:08:11,768 - performance_logger - DEBUG - This is a debug message
2026-04-21 14:08:11,769 - performance_logger - DEBUG - This is a debug message
2026-04-21 14:08:11,770 - performance_logger - DEBUG - This is a debug message
2026-04-21 14:08:11,772 - performance_logger - DEBUG - This is a debug message
2026-04-21 14:08:11,772 - performance_logger - DEBUG - This is a debug message
2026-04-21 14:08:11,773 - performance_logger - DEBUG - This is a debug message
2026-04-21 14:08:11,775 - performance_logger - DEBUG - This is a debug message
2026-04-21 14:08:11,775 - performance_logger - DEBUG - This is a debug message
2026-04-21 14:08:11,777 - performance_logger - DEBUG - This is a debug message
2026-04-21 14:08:11,782 - performance_logger - DEBUG - This is a debug message
2026-04-21 14:08:11,785 - performance_logger - DEBUG - This is a debug message
2026-04-21 14:08:11,787 - performance_logger - DEBUG - This is a debug message
2026-04-21 14:08:11,788 - performance_logger - DEBUG - This is a debug message
2026-04-21 14:08:11,790 - performance_logger - DEBUG - This is a debug message
2026-04-21 14:08:11,792 - performance_logger - DEBUG - This is a debug message
2026-04-21 14:08:11,794 - performance_logger - DEBUG - This is a debug message
2026-04-21 14:08:11,795 - performance_logger - DEBUG - This is a debug message
2026-04-21 14:08:11,796 - performance_logger - DEBUG - This is a debug message
2026-04-21 14:08:11,797 - performance_logger - DEBUG - This is a debug message
2026-04-21 14:08:11,799 - performance_logger - DEBUG - This is a debug message
2026-04-21 14:08:11,804 - performance_logger - DEBUG - This is a debug message
2026-04-21 14:08:11,805 - performance_logger - DEBUG - This is a debug message
2026-04-21 14:08:11,811 - performance_logger - DEBUG - This is a debug message
2026-04-21 14:08:11,812 - performance_logger - DEBUG - This is a debug message
2026-04-21 14:08:11,813 - performance_logger - DEBUG - This is a debug message
2026-04-21 14:08:11,814 - performance_logger - DEBUG - This is a debug message
2026-04-21 14:08:11,816 - performance_logger - DEBUG - This is a debug message
2026-04-21 14:08:11,820 - performance_logger - DEBUG - This is a debug message
2026-04-21 14:08:11,822 - performance_logger - DEBUG - This is a debug message
2026-04-21 14:08:11,824 - performance_logger - DEBUG - This is a debug message
2026-04-21 14:08:11,825 - performance_logger - DEBUG - This is a debug message
2026-04-21 14:08:11,826 - performance_logger - DEBUG - This is a debug message
2026-04-21 14:08:11,828 - performance_logger - DEBUG - This is a debug message
2026-04-21 14:08:11,828 - performance_logger - DEBUG - This is a debug message
2026-04-21 14:08:11,830 - performance_logger - DEBUG - This is a debug message
2026-04-21 14:08:11,831 - performance_logger - DEBUG - This is a debug message
2026-04-21 14:08:11,832 - performance_logger - DEBUG - This is a debug message
2026-04-21 14:08:11,833 - performance_logger - DEBUG - This is a debug message
2026-04-21 14:08:11,834 - performance_logger - DEBUG - This is a debug message
2026-04-21 14:08:11,835 - performance_logger - DEBUG - This is a debug message
2026-04-21 14:08:11,837 - performance_logger - DEBUG - This is a debug message
2026-04-21 14:08:11,839 - performance_logger - DEBUG - This is a debug message
2026-04-21 14:08:11,840 - performance_logger - DEBUG - This is a debug message
2026-04-21 14:08:11,841 - performance_logger - DEBUG - This is a debug message
2026-04-21 14:08:11,842 - performance_logger - DEBUG - This is a debug message
2026-04-21 14:08:11,843 - performance_logger - DEBUG - This is a debug message
2026-04-21 14:08:11,844 - performance_logger - DEBUG - This is a debug message
2026-04-21 14:08:11,845 - performance_logger - DEBUG - This is a debug message
2026-04-21 14:08:11,847 - performance_logger - DEBUG - This is a debug message
2026-04-21 14:08:11,851 - performance_logger - DEBUG - This is a debug message
2026-04-21 14:08:11,852 - performance_logger - DEBUG - This is a debug message
2026-04-21 14:08:11,854 - performance_logger - DEBUG - This is a debug message
2026-04-21 14:08:11,855 - performance_logger - DEBUG - This is a debug message
2026-04-21 14:08:11,856 - performance_logger - DEBUG - This is a debug message
2026-04-21 14:08:11,858 - performance_logger - DEBUG - This is a debug message
2026-04-21 14:08:11,863 - performance_logger - DEBUG - This is a debug message
2026-04-21 14:08:11,865 - performance_logger - DEBUG - This is a debug message
2026-04-21 14:08:11,866 - performance_logger - DEBUG - This is a debug message
2026-04-21 14:08:11,867 - performance_logger - DEBUG - This is a debug message
2026-04-21 14:08:11,868 - performance_logger - DEBUG - This is a debug message
2026-04-21 14:08:11,870 - performance_logger - DEBUG - This is a debug message
2026-04-21 14:08:11,870 - performance_logger - DEBUG - This is a debug message
2026-04-21 14:08:11,872 - performance_logger - DEBUG - This is a debug message
2026-04-21 14:08:11,874 - performance_logger - DEBUG - This is a debug message
2026-04-21 14:08:11,875 - performance_logger - DEBUG - This is a debug message
2026-04-21 14:08:11,876 - performance_logger - DEBUG - This is a debug message
2026-04-21 14:08:11,877 - performance_logger - DEBUG - This is a debug message
2026-04-21 14:08:11,878 - performance_logger - DEBUG - This is a debug message
2026-04-21 14:08:11,880 - performance_logger - DEBUG - This is a debug message
2026-04-21 14:08:11,881 - performance_logger - DEBUG - This is a debug message
2026-04-21 14:08:11,882 - performance_logger - DEBUG - This is a debug message
2026-04-21 14:08:11,883 - performance_logger - DEBUG - This is a debug message
2026-04-21 14:08:11,885 - performance_logger - DEBUG - This is a debug message
2026-04-21 14:08:11,887 - performance_logger - DEBUG - This is a debug message
2026-04-21 14:08:11,888 - performance_logger - DEBUG - This is a debug message
2026-04-21 14:08:11,890 - performance_logger - DEBUG - This is a debug message
2026-04-21 14:08:11,891 - performance_logger - DEBUG - This is a debug message
2026-04-21 14:08:11,892 - performance_logger - DEBUG - This is a debug message
2026-04-21 14:08:11,893 - performance_logger - DEBUG - This is a debug message
2026-04-21 14:08:11,894 - performance_logger - DEBUG - This is a debug message
2026-04-21 14:08:11,895 - performance_logger - DEBUG - This is a debug message
2026-04-21 14:08:11,896 - performance_logger - DEBUG - This is a debug message
2026-04-21 14:08:11,896 - performance_logger - DEBUG - This is a debug message
2026-04-21 14:08:11,897 - performance_logger - DEBUG - This is a debug message
2026-04-21 14:08:11,899 - performance_logger - DEBUG - This is a debug message
2026-04-21 14:08:11,900 - performance_logger - DEBUG - This is a debug message
2026-04-21 14:08:11,901 - performance_logger - DEBUG - This is a debug message
2026-04-21 14:08:11,902 - performance_logger - DEBUG - This is a debug message
2026-04-21 14:08:11,904 - performance_logger - DEBUG - This is a debug message
2026-04-21 14:08:11,905 - performance_logger - DEBUG - This is a debug message
2026-04-21 14:08:11,906 - performance_logger - DEBUG - This is a debug message
2026-04-21 14:08:11,908 - performance_logger - DEBUG - This is a debug message
2026-04-21 14:08:11,909 - performance_logger - DEBUG - This is a debug message
2026-04-21 14:08:11,910 - performance_logger - DEBUG - This is a debug message
2026-04-21 14:08:11,911 - performance_logger - DEBUG - This is a debug message
2026-04-21 14:08:11,912 - performance_logger - DEBUG - This is a debug message
2026-04-21 14:08:11,913 - performance_logger - DEBUG - This is a debug message
2026-04-21 14:08:11,914 - performance_logger - DEBUG - This is a debug message
2026-04-21 14:08:11,916 - performance_logger - DEBUG - This is a debug message
2026-04-21 14:08:11,917 - performance_logger - DEBUG - This is a debug message
2026-04-21 14:08:11,918 - performance_logger - DEBUG - This is a debug message
2026-04-21 14:08:11,919 - performance_logger - DEBUG - This is a debug message
2026-04-21 14:08:11,920 - performance_logger - DEBUG - This is a debug message
2026-04-21 14:08:11,921 - performance_logger - DEBUG - This is a debug message
2026-04-21 14:08:11,922 - performance_logger - DEBUG - This is a debug message
2026-04-21 14:08:11,924 - performance_logger - DEBUG - This is a debug message
2026-04-21 14:08:11,925 - performance_logger - DEBUG - This is a debug message
2026-04-21 14:08:11,927 - performance_logger - DEBUG - This is a debug message
2026-04-21 14:08:11,927 - performance_logger - DEBUG - This is a debug message
2026-04-21 14:08:11,929 - performance_logger - DEBUG - This is a debug message
2026-04-21 14:08:11,931 - performance_logger - DEBUG - This is a debug message
2026-04-21 14:08:11,932 - performance_logger - DEBUG - This is a debug message
2026-04-21 14:08:11,932 - performance_logger - DEBUG - This is a debug message
2026-04-21 14:08:11,934 - performance_logger - DEBUG - This is a debug message
2026-04-21 14:08:11,935 - performance_logger - DEBUG - This is a debug message
2026-04-21 14:08:11,936 - performance_logger - DEBUG - This is a debug message
2026-04-21 14:08:11,937 - performance_logger - DEBUG - This is a debug message
2026-04-21 14:08:11,938 - performance_logger - DEBUG - This is a debug message
2026-04-21 14:08:11,938 - performance_logger - DEBUG - This is a debug message
2026-04-21 14:08:11,941 - performance_logger - DEBUG - This is a debug message
2026-04-21 14:08:11,942 - performance_logger - DEBUG - This is a debug message
2026-04-21 14:08:11,943 - performance_logger - DEBUG - This is a debug message
2026-04-21 14:08:11,945 - performance_logger - DEBUG - This is a debug message
2026-04-21 14:08:11,946 - performance_logger - DEBUG - This is a debug message
2026-04-21 14:08:11,947 - performance_logger - DEBUG - This is a debug message
2026-04-21 14:08:11,948 - performance_logger - DEBUG - This is a debug message
2026-04-21 14:08:11,949 - performance_logger - DEBUG - This is a debug message
2026-04-21 14:08:11,950 - performance_logger - DEBUG - This is a debug message
2026-04-21 14:08:11,951 - performance_logger - DEBUG - This is a debug message
2026-04-21 14:08:11,952 - performance_logger - DEBUG - This is a debug message
2026-04-21 14:08:11,954 - performance_logger - DEBUG - This is a debug message
2026-04-21 14:08:11,955 - performance_logger - DEBUG - This is a debug message
2026-04-21 14:08:11,957 - performance_logger - DEBUG - This is a debug message
2026-04-21 14:08:11,958 - performance_logger - DEBUG - This is a debug message
2026-04-21 14:08:11,960 - performance_logger - DEBUG - This is a debug message
2026-04-21 14:08:11,961 - performance_logger - DEBUG - This is a debug message
2026-04-21 14:08:11,962 - performance_logger - DEBUG - This is a debug message
2026-04-21 14:08:11,963 - performance_logger - DEBUG - This is a debug message
2026-04-21 14:08:11,965 - performance_logger - DEBUG - This is a debug message
2026-04-21 14:08:11,967 - performance_logger - DEBUG - This is a debug message
2026-04-21 14:08:11,968 - performance_logger - DEBUG - This is a debug message
2026-04-21 14:08:11,969 - performance_logger - DEBUG - This is a debug message
2026-04-21 14:08:11,970 - performance_logger - DEBUG - This is a debug message
2026-04-21 14:08:11,972 - performance_logger - DEBUG - This is a debug message
2026-04-21 14:08:11,973 - performance_logger - DEBUG - This is a debug message
2026-04-21 14:08:11,975 - performance_logger - DEBUG - This is a debug message
2026-04-21 14:08:11,976 - performance_logger - DEBUG - This is a debug message
2026-04-21 14:08:11,977 - performance_logger - DEBUG - This is a debug message
2026-04-21 14:08:11,979 - performance_logger - DEBUG - This is a debug message
2026-04-21 14:08:11,980 - performance_logger - DEBUG - This is a debug message
2026-04-21 14:08:11,981 - performance_logger - DEBUG - This is a debug message
2026-04-21 14:08:11,982 - performance_logger - DEBUG - This is a debug message
2026-04-21 14:08:11,984 - performance_logger - DEBUG - This is a debug message
2026-04-21 14:08:11,985 - performance_logger - DEBUG - This is a debug message
2026-04-21 14:08:11,986 - performance_logger - DEBUG - This is a debug message
2026-04-21 14:08:11,987 - performance_logger - DEBUG - This is a debug message
2026-04-21 14:08:11,988 - performance_logger - DEBUG - This is a debug message
2026-04-21 14:08:11,990 - performance_logger - DEBUG - This is a debug message
2026-04-21 14:08:11,992 - performance_logger - DEBUG - This is a debug message
2026-04-21 14:08:11,993 - performance_logger - DEBUG - This is a debug message
2026-04-21 14:08:11,994 - performance_logger - DEBUG - This is a debug message
2026-04-21 14:08:11,995 - performance_logger - DEBUG - This is a debug message
2026-04-21 14:08:11,996 - performance_logger - DEBUG - This is a debug message
2026-04-21 14:08:11,998 - performance_logger - DEBUG - This is a debug message
2026-04-21 14:08:11,998 - performance_logger - DEBUG - This is a debug message
2026-04-21 14:08:12,000 - performance_logger - DEBUG - This is a debug message
2026-04-21 14:08:12,001 - performance_logger - DEBUG - This is a debug message
2026-04-21 14:08:12,002 - performance_logger - DEBUG - This is a debug message
2026-04-21 14:08:12,004 - performance_logger - DEBUG - This is a debug message
2026-04-21 14:08:12,005 - performance_logger - DEBUG - This is a debug message
2026-04-21 14:08:12,006 - performance_logger - DEBUG - This is a debug message
2026-04-21 14:08:12,007 - performance_logger - DEBUG - This is a debug message
2026-04-21 14:08:12,009 - performance_logger - DEBUG - This is a debug message
2026-04-21 14:08:12,010 - performance_logger - DEBUG - This is a debug message
2026-04-21 14:08:12,011 - performance_logger - DEBUG - This is a debug message
2026-04-21 14:08:12,012 - performance_logger - DEBUG - This is a debug message
2026-04-21 14:08:12,013 - performance_logger - DEBUG - This is a debug message
2026-04-21 14:08:12,014 - performance_logger - DEBUG - This is a debug message
2026-04-21 14:08:12,016 - performance_logger - DEBUG - This is a debug message
2026-04-21 14:08:12,018 - performance_logger - DEBUG - This is a debug message
2026-04-21 14:08:12,019 - performance_logger - DEBUG - This is a debug message
2026-04-21 14:08:12,020 - performance_logger - DEBUG - This is a debug message
2026-04-21 14:08:12,021 - performance_logger - DEBUG - This is a debug message
2026-04-21 14:08:12,024 - performance_logger - DEBUG - This is a debug message
2026-04-21 14:08:12,026 - performance_logger - DEBUG - This is a debug message
2026-04-21 14:08:12,027 - performance_logger - DEBUG - This is a debug message
2026-04-21 14:08:12,028 - performance_logger - DEBUG - This is a debug message
2026-04-21 14:08:12,029 - performance_logger - DEBUG - This is a debug message
2026-04-21 14:08:12,030 - performance_logger - DEBUG - This is a debug message
2026-04-21 14:08:12,032 - performance_logger - DEBUG - This is a debug message
2026-04-21 14:08:12,033 - performance_logger - DEBUG - This is a debug message
2026-04-21 14:08:12,034 - performance_logger - DEBUG - This is a debug message
2026-04-21 14:08:12,035 - performance_logger - DEBUG - This is a debug message
2026-04-21 14:08:12,036 - performance_logger - DEBUG - This is a debug message
2026-04-21 14:08:12,037 - performance_logger - DEBUG - This is a debug message
2026-04-21 14:08:12,038 - performance_logger - DEBUG - This is a debug message
2026-04-21 14:08:12,039 - performance_logger - DEBUG - This is a debug message
2026-04-21 14:08:12,041 - performance_logger - DEBUG - This is a debug message
2026-04-21 14:08:12,042 - performance_logger - DEBUG - This is a debug message
2026-04-21 14:08:12,043 - performance_logger - DEBUG - This is a debug message
2026-04-21 14:08:12,045 - performance_logger - DEBUG - This is a debug message
2026-04-21 14:08:12,046 - performance_logger - DEBUG - This is a debug message
2026-04-21 14:08:12,047 - performance_logger - DEBUG - This is a debug message
2026-04-21 14:08:12,049 - performance_logger - DEBUG - This is a debug message
2026-04-21 14:08:12,050 - performance_logger - DEBUG - This is a debug message
2026-04-21 14:08:12,051 - performance_logger - DEBUG - This is a debug message
2026-04-21 14:08:12,052 - performance_logger - DEBUG - This is a debug message
2026-04-21 14:08:12,053 - performance_logger - DEBUG - This is a debug message
2026-04-21 14:08:12,054 - performance_logger - DEBUG - This is a debug message
2026-04-21 14:08:12,056 - performance_logger - DEBUG - This is a debug message
2026-04-21 14:08:12,057 - performance_logger - DEBUG - This is a debug message
2026-04-21 14:08:12,058 - performance_logger - DEBUG - This is a debug message
2026-04-21 14:08:12,060 - performance_logger - DEBUG - This is a debug message
2026-04-21 14:08:12,061 - performance_logger - DEBUG - This is a debug message
2026-04-21 14:08:12,062 - performance_logger - DEBUG - This is a debug message
2026-04-21 14:08:12,063 - performance_logger - DEBUG - This is a debug message
2026-04-21 14:08:12,065 - performance_logger - DEBUG - This is a debug message
2026-04-21 14:08:12,066 - performance_logger - DEBUG - This is a debug message
2026-04-21 14:08:12,067 - performance_logger - DEBUG - This is a debug message
2026-04-21 14:08:12,068 - performance_logger - DEBUG - This is a debug message
2026-04-21 14:08:12,069 - performance_logger - DEBUG - This is a debug message
2026-04-21 14:08:12,070 - performance_logger - DEBUG - This is a debug message
2026-04-21 14:08:12,071 - performance_logger - DEBUG - This is a debug message
2026-04-21 14:08:12,072 - performance_logger - DEBUG - This is a debug message
2026-04-21 14:08:12,075 - performance_logger - DEBUG - This is a debug message
2026-04-21 14:08:12,076 - performance_logger - DEBUG - This is a debug message
2026-04-21 14:08:12,077 - performance_logger - DEBUG - This is a debug message
2026-04-21 14:08:12,078 - performance_logger - DEBUG - This is a debug message
2026-04-21 14:08:12,080 - performance_logger - DEBUG - This is a debug message
2026-04-21 14:08:12,082 - performance_logger - DEBUG - This is a debug message
2026-04-21 14:08:12,083 - performance_logger - DEBUG - This is a debug message
2026-04-21 14:08:12,084 - performance_logger - DEBUG - This is a debug message
2026-04-21 14:08:12,085 - performance_logger - DEBUG - This is a debug message
2026-04-21 14:08:12,087 - performance_logger - DEBUG - This is a debug message
2026-04-21 14:08:12,088 - performance_logger - DEBUG - This is a debug message
2026-04-21 14:08:12,089 - performance_logger - DEBUG - This is a debug message
2026-04-21 14:08:12,090 - performance_logger - DEBUG - This is a debug message
2026-04-21 14:08:12,092 - performance_logger - DEBUG - This is a debug message
2026-04-21 14:08:12,093 - performance_logger - DEBUG - This is a debug message
2026-04-21 14:08:12,095 - performance_logger - DEBUG - This is a debug message
2026-04-21 14:08:12,096 - performance_logger - DEBUG - This is a debug message
2026-04-21 14:08:12,097 - performance_logger - DEBUG - This is a debug message
2026-04-21 14:08:12,098 - performance_logger - DEBUG - This is a debug message
2026-04-21 14:08:12,100 - performance_logger - DEBUG - This is a debug message
2026-04-21 14:08:12,101 - performance_logger - DEBUG - This is a debug message
2026-04-21 14:08:12,102 - performance_logger - DEBUG - This is a debug message
2026-04-21 14:08:12,103 - performance_logger - DEBUG - This is a debug message
2026-04-21 14:08:12,104 - performance_logger - DEBUG - This is a debug message
2026-04-21 14:08:12,105 - performance_logger - DEBUG - This is a debug message
2026-04-21 14:08:12,106 - performance_logger - DEBUG - This is a debug message
2026-04-21 14:08:12,108 - performance_logger - DEBUG - This is a debug message
2026-04-21 14:08:12,109 - performance_logger - DEBUG - This is a debug message
2026-04-21 14:08:12,110 - performance_logger - DEBUG - This is a debug message
2026-04-21 14:08:12,112 - performance_logger - DEBUG - This is a debug message
2026-04-21 14:08:12,113 - performance_logger - DEBUG - This is a debug message
2026-04-21 14:08:12,114 - performance_logger - DEBUG - This is a debug message
2026-04-21 14:08:12,115 - performance_logger - DEBUG - This is a debug message
2026-04-21 14:08:12,116 - performance_logger - DEBUG - This is a debug message
2026-04-21 14:08:12,117 - performance_logger - DEBUG - This is a debug message
2026-04-21 14:08:12,118 - performance_logger - DEBUG - This is a debug message
2026-04-21 14:08:12,119 - performance_logger - DEBUG - This is a debug message
2026-04-21 14:08:12,121 - performance_logger - DEBUG - This is a debug message
2026-04-21 14:08:12,122 - performance_logger - DEBUG - This is a debug message
2026-04-21 14:08:12,123 - performance_logger - DEBUG - This is a debug message
2026-04-21 14:08:12,125 - performance_logger - DEBUG - This is a debug message
2026-04-21 14:08:12,126 - performance_logger - DEBUG - This is a debug message
2026-04-21 14:08:12,127 - performance_logger - DEBUG - This is a debug message
2026-04-21 14:08:12,128 - performance_logger - DEBUG - This is a debug message
2026-04-21 14:08:12,129 - performance_logger - DEBUG - This is a debug message
2026-04-21 14:08:12,131 - performance_logger - DEBUG - This is a debug message
2026-04-21 14:08:12,132 - performance_logger - DEBUG - This is a debug message
2026-04-21 14:08:12,133 - performance_logger - DEBUG - This is a debug message
2026-04-21 14:08:12,134 - performance_logger - DEBUG - This is a debug message
2026-04-21 14:08:12,135 - performance_logger - DEBUG - This is a debug message
2026-04-21 14:08:12,136 - performance_logger - DEBUG - This is a debug message
2026-04-21 14:08:12,138 - performance_logger - DEBUG - This is a debug message
2026-04-21 14:08:12,138 - performance_logger - DEBUG - This is a debug message
2026-04-21 14:08:12,139 - performance_logger - DEBUG - This is a debug message
2026-04-21 14:08:12,141 - performance_logger - DEBUG - This is a debug message
2026-04-21 14:08:12,142 - performance_logger - DEBUG - This is a debug message
2026-04-21 14:08:12,143 - performance_logger - DEBUG - This is a debug message
2026-04-21 14:08:12,144 - performance_logger - DEBUG - This is a debug message
2026-04-21 14:08:12,145 - performance_logger - DEBUG - This is a debug message
2026-04-21 14:08:12,146 - performance_logger - DEBUG - This is a debug message
2026-04-21 14:08:12,147 - performance_logger - DEBUG - This is a debug message
2026-04-21 14:08:12,149 - performance_logger - DEBUG - This is a debug message
2026-04-21 14:08:12,150 - performance_logger - DEBUG - This is a debug message
2026-04-21 14:08:12,151 - performance_logger - DEBUG - This is a debug message
2026-04-21 14:08:12,152 - performance_logger - DEBUG - This is a debug message
2026-04-21 14:08:12,153 - performance_logger - DEBUG - This is a debug message
2026-04-21 14:08:12,155 - performance_logger - DEBUG - This is a debug message
2026-04-21 14:08:12,155 - performance_logger - DEBUG - This is a debug message
2026-04-21 14:08:12,156 - performance_logger - DEBUG - This is a debug message
2026-04-21 14:08:12,158 - performance_logger - DEBUG - This is a debug message
2026-04-21 14:08:12,159 - performance_logger - DEBUG - This is a debug message
2026-04-21 14:08:12,159 - performance_logger - DEBUG - This is a debug message
2026-04-21 14:08:12,161 - performance_logger - DEBUG - This is a debug message
2026-04-21 14:08:12,161 - performance_logger - DEBUG - This is a debug message
2026-04-21 14:08:12,163 - performance_logger - DEBUG - This is a debug message
2026-04-21 14:08:12,164 - performance_logger - DEBUG - This is a debug message
2026-04-21 14:08:12,165 - performance_logger - DEBUG - This is a debug message
2026-04-21 14:08:12,167 - performance_logger - DEBUG - This is a debug message
2026-04-21 14:08:12,167 - performance_logger - DEBUG - This is a debug message
2026-04-21 14:08:12,169 - performance_logger - DEBUG - This is a debug message
2026-04-21 14:08:12,170 - performance_logger - DEBUG - This is a debug message
2026-04-21 14:08:12,171 - performance_logger - DEBUG - This is a debug message
2026-04-21 14:08:12,173 - performance_logger - DEBUG - This is a debug message
2026-04-21 14:08:12,174 - performance_logger - DEBUG - This is a debug message
2026-04-21 14:08:12,175 - performance_logger - DEBUG - This is a debug message
2026-04-21 14:08:12,176 - performance_logger - DEBUG - This is a debug message
2026-04-21 14:08:12,178 - performance_logger - DEBUG - This is a debug message
2026-04-21 14:08:12,180 - performance_logger - DEBUG - This is a debug message
2026-04-21 14:08:12,181 - performance_logger - DEBUG - This is a debug message
2026-04-21 14:08:12,183 - performance_logger - DEBUG - This is a debug message
2026-04-21 14:08:12,183 - performance_logger - DEBUG - This is a debug message
2026-04-21 14:08:12,185 - performance_logger - DEBUG - This is a debug message
2026-04-21 14:08:12,186 - performance_logger - DEBUG - This is a debug message
2026-04-21 14:08:12,187 - performance_logger - DEBUG - This is a debug message
2026-04-21 14:08:12,188 - performance_logger - DEBUG - This is a debug message
2026-04-21 14:08:12,189 - performance_logger - DEBUG - This is a debug message
2026-04-21 14:08:12,190 - performance_logger - DEBUG - This is a debug message
2026-04-21 14:08:12,191 - performance_logger - DEBUG - This is a debug message
2026-04-21 14:08:12,193 - performance_logger - DEBUG - This is a debug message
2026-04-21 14:08:12,195 - performance_logger - DEBUG - This is a debug message
2026-04-21 14:08:12,196 - performance_logger - DEBUG - This is a debug message
2026-04-21 14:08:12,196 - performance_logger - DEBUG - This is a debug message
2026-04-21 14:08:12,198 - performance_logger - DEBUG - This is a debug message
2026-04-21 14:08:12,199 - performance_logger - DEBUG - This is a debug message
2026-04-21 14:08:12,200 - performance_logger - DEBUG - This is a debug message
2026-04-21 14:08:12,200 - performance_logger - DEBUG - This is a debug message
2026-04-21 14:08:12,202 - performance_logger - DEBUG - This is a debug message
2026-04-21 14:08:12,202 - performance_logger - DEBUG - This is a debug message
2026-04-21 14:08:12,204 - performance_logger - DEBUG - This is a debug message
2026-04-21 14:08:12,205 - performance_logger - DEBUG - This is a debug message
2026-04-21 14:08:12,206 - performance_logger - DEBUG - This is a debug message
2026-04-21 14:08:12,207 - performance_logger - DEBUG - This is a debug message
2026-04-21 14:08:12,208 - performance_logger - DEBUG - This is a debug message
2026-04-21 14:08:12,210 - performance_logger - DEBUG - This is a debug message
2026-04-21 14:08:12,210 - performance_logger - DEBUG - This is a debug message
2026-04-21 14:08:12,211 - performance_logger - DEBUG - This is a debug message
2026-04-21 14:08:12,213 - performance_logger - DEBUG - This is a debug message
2026-04-21 14:08:12,213 - performance_logger - DEBUG - This is a debug message
2026-04-21 14:08:12,214 - performance_logger - DEBUG - This is a debug message
2026-04-21 14:08:12,215 - performance_logger - DEBUG - This is a debug message
2026-04-21 14:08:12,217 - performance_logger - DEBUG - This is a debug message
2026-04-21 14:08:12,218 - performance_logger - DEBUG - This is a debug message
2026-04-21 14:08:12,219 - performance_logger - DEBUG - This is a debug message
2026-04-21 14:08:12,220 - performance_logger - DEBUG - This is a debug message
2026-04-21 14:08:12,221 - performance_logger - DEBUG - This is a debug message
2026-04-21 14:08:12,222 - performance_logger - DEBUG - This is a debug message
2026-04-21 14:08:12,223 - performance_logger - DEBUG - This is a debug message
2026-04-21 14:08:12,225 - performance_logger - DEBUG - This is a debug message
2026-04-21 14:08:12,226 - performance_logger - DEBUG - This is a debug message
2026-04-21 14:08:12,228 - performance_logger - DEBUG - This is a debug message
2026-04-21 14:08:12,229 - performance_logger - DEBUG - This is a debug message
2026-04-21 14:08:12,230 - performance_logger - DEBUG - This is a debug message
2026-04-21 14:08:12,231 - performance_logger - DEBUG - This is a debug message
2026-04-21 14:08:12,232 - performance_logger - DEBUG - This is a debug message
2026-04-21 14:08:12,233 - performance_logger - DEBUG - This is a debug message
2026-04-21 14:08:12,234 - performance_logger - DEBUG - This is a debug message
2026-04-21 14:08:12,235 - performance_logger - DEBUG - This is a debug message
2026-04-21 14:08:12,236 - performance_logger - DEBUG - This is a debug message
2026-04-21 14:08:12,237 - performance_logger - DEBUG - This is a debug message
2026-04-21 14:08:12,239 - performance_logger - DEBUG - This is a debug message
2026-04-21 14:08:12,240 - performance_logger - DEBUG - This is a debug message
2026-04-21 14:08:12,241 - performance_logger - DEBUG - This is a debug message
2026-04-21 14:08:12,242 - performance_logger - DEBUG - This is a debug message
2026-04-21 14:08:12,243 - performance_logger - DEBUG - This is a debug message
2026-04-21 14:08:12,245 - performance_logger - DEBUG - This is a debug message
2026-04-21 14:08:12,245 - performance_logger - DEBUG - This is a debug message
2026-04-21 14:08:12,246 - performance_logger - DEBUG - This is a debug message
2026-04-21 14:08:12,248 - performance_logger - DEBUG - This is a debug message
2026-04-21 14:08:12,248 - performance_logger - DEBUG - This is a debug message
2026-04-21 14:08:12,250 - performance_logger - DEBUG - This is a debug message
2026-04-21 14:08:12,251 - performance_logger - DEBUG - This is a debug message
2026-04-21 14:08:12,252 - performance_logger - DEBUG - This is a debug message
2026-04-21 14:08:12,253 - performance_logger - DEBUG - This is a debug message
2026-04-21 14:08:12,254 - performance_logger - DEBUG - This is a debug message
2026-04-21 14:08:12,255 - performance_logger - DEBUG - This is a debug message
2026-04-21 14:08:12,256 - performance_logger - DEBUG - This is a debug message
2026-04-21 14:08:12,257 - performance_logger - DEBUG - This is a debug message
2026-04-21 14:08:12,259 - performance_logger - DEBUG - This is a debug message
2026-04-21 14:08:12,260 - performance_logger - DEBUG - This is a debug message
2026-04-21 14:08:12,262 - performance_logger - DEBUG - This is a debug message
2026-04-21 14:08:12,263 - performance_logger - DEBUG - This is a debug message
2026-04-21 14:08:12,264 - performance_logger - DEBUG - This is a debug message
2026-04-21 14:08:12,266 - performance_logger - DEBUG - This is a debug message
2026-04-21 14:08:12,267 - performance_logger - DEBUG - This is a debug message
2026-04-21 14:08:12,268 - performance_logger - DEBUG - This is a debug message
2026-04-21 14:08:12,268 - performance_logger - DEBUG - This is a debug message
2026-04-21 14:08:12,270 - performance_logger - DEBUG - This is a debug message
2026-04-21 14:08:12,271 - performance_logger - DEBUG - This is a debug message
2026-04-21 14:08:12,272 - performance_logger - DEBUG - This is a debug message
2026-04-21 14:08:12,274 - performance_logger - DEBUG - This is a debug message
2026-04-21 14:08:12,274 - performance_logger - DEBUG - This is a debug message
2026-04-21 14:08:12,276 - performance_logger - DEBUG - This is a debug message
2026-04-21 14:08:12,277 - performance_logger - DEBUG - This is a debug message
2026-04-21 14:08:12,277 - performance_logger - DEBUG - This is a debug message
2026-04-21 14:08:12,279 - performance_logger - DEBUG - This is a debug message
2026-04-21 14:08:12,279 - performance_logger - DEBUG - This is a debug message
2026-04-21 14:08:12,281 - performance_logger - DEBUG - This is a debug message
2026-04-21 14:08:12,282 - performance_logger - DEBUG - This is a debug message
2026-04-21 14:08:12,282 - performance_logger - DEBUG - This is a debug message
2026-04-21 14:08:12,284 - performance_logger - DEBUG - This is a debug message
2026-04-21 14:08:12,285 - performance_logger - DEBUG - This is a debug message
2026-04-21 14:08:12,286 - performance_logger - DEBUG - This is a debug message
2026-04-21 14:08:12,286 - performance_logger - DEBUG - This is a debug message
2026-04-21 14:08:12,288 - performance_logger - DEBUG - This is a debug message
2026-04-21 14:08:12,288 - performance_logger - DEBUG - This is a debug message
2026-04-21 14:08:12,290 - performance_logger - DEBUG - This is a debug message
2026-04-21 14:08:12,291 - performance_logger - DEBUG - This is a debug message
2026-04-21 14:08:12,292 - performance_logger - DEBUG - This is a debug message
2026-04-21 14:08:12,293 - performance_logger - DEBUG - This is a debug message
2026-04-21 14:08:12,294 - performance_logger - DEBUG - This is a debug message
2026-04-21 14:08:12,295 - performance_logger - DEBUG - This is a debug message
2026-04-21 14:08:12,295 - performance_logger - DEBUG - This is a debug message
2026-04-21 14:08:12,297 - performance_logger - DEBUG - This is a debug message
2026-04-21 14:08:12,298 - performance_logger - DEBUG - This is a debug message
2026-04-21 14:08:12,299 - performance_logger - DEBUG - This is a debug message
2026-04-21 14:08:12,300 - performance_logger - DEBUG - This is a debug message
2026-04-21 14:08:12,301 - performance_logger - DEBUG - This is a debug message
2026-04-21 14:08:12,302 - performance_logger - DEBUG - This is a debug message
2026-04-21 14:08:12,303 - performance_logger - DEBUG - This is a debug message
2026-04-21 14:08:12,305 - performance_logger - DEBUG - This is a debug message
2026-04-21 14:08:12,306 - performance_logger - DEBUG - This is a debug message
2026-04-21 14:08:12,306 - performance_logger - DEBUG - This is a debug message
2026-04-21 14:08:12,308 - performance_logger - DEBUG - This is a debug message
2026-04-21 14:08:12,309 - performance_logger - DEBUG - This is a debug message
2026-04-21 14:08:12,310 - performance_logger - DEBUG - This is a debug message
2026-04-21 14:08:12,311 - performance_logger - DEBUG - This is a debug message
2026-04-21 14:08:12,312 - performance_logger - DEBUG - This is a debug message
2026-04-21 14:08:12,313 - performance_logger - DEBUG - This is a debug message
2026-04-21 14:08:12,314 - performance_logger - DEBUG - This is a debug message
2026-04-21 14:08:12,316 - performance_logger - DEBUG - This is a debug message
2026-04-21 14:08:12,317 - performance_logger - DEBUG - This is a debug message
2026-04-21 14:08:12,318 - performance_logger - DEBUG - This is a debug message
2026-04-21 14:08:12,319 - performance_logger - DEBUG - This is a debug message
2026-04-21 14:08:12,320 - performance_logger - DEBUG - This is a debug message
2026-04-21 14:08:12,321 - performance_logger - DEBUG - This is a debug message
2026-04-21 14:08:12,322 - performance_logger - DEBUG - This is a debug message
2026-04-21 14:08:12,323 - performance_logger - DEBUG - This is a debug message
2026-04-21 14:08:12,324 - performance_logger - DEBUG - This is a debug message
2026-04-21 14:08:12,325 - performance_logger - DEBUG - This is a debug message
2026-04-21 14:08:12,326 - performance_logger - DEBUG - This is a debug message
2026-04-21 14:08:12,328 - performance_logger - DEBUG - This is a debug message
2026-04-21 14:08:12,328 - performance_logger - DEBUG - This is a debug message
2026-04-21 14:08:12,330 - performance_logger - DEBUG - This is a debug message
2026-04-21 14:08:12,331 - performance_logger - DEBUG - This is a debug message
2026-04-21 14:08:12,332 - performance_logger - DEBUG - This is a debug message
2026-04-21 14:08:12,333 - performance_logger - DEBUG - This is a debug message
2026-04-21 14:08:12,337 - performance_logger - DEBUG - This is a debug message
2026-04-21 14:08:12,339 - performance_logger - DEBUG - This is a debug message
2026-04-21 14:08:12,341 - performance_logger - DEBUG - This is a debug message
2026-04-21 14:08:12,344 - performance_logger - DEBUG - This is a debug message
2026-04-21 14:08:12,347 - performance_logger - DEBUG - This is a debug message
2026-04-21 14:08:12,348 - performance_logger - DEBUG - This is a debug message
2026-04-21 14:08:12,355 - performance_logger - DEBUG - This is a debug message
2026-04-21 14:08:12,356 - performance_logger - DEBUG - This is a debug message
2026-04-21 14:08:12,357 - performance_logger - DEBUG - This is a debug message
2026-04-21 14:08:12,358 - performance_logger - DEBUG - This is a debug message
2026-04-21 14:08:12,360 - performance_logger - DEBUG - This is a debug message
2026-04-21 14:08:12,363 - performance_logger - DEBUG - This is a debug message
2026-04-21 14:08:12,365 - performance_logger - DEBUG - This is a debug message
2026-04-21 14:08:12,368 - performance_logger - DEBUG - This is a debug message
2026-04-21 14:08:12,370 - performance_logger - DEBUG - This is a debug message
2026-04-21 14:08:12,374 - performance_logger - DEBUG - This is a debug message
2026-04-21 14:08:12,375 - performance_logger - DEBUG - This is a debug message
2026-04-21 14:08:12,378 - performance_logger - DEBUG - This is a debug message
2026-04-21 14:08:12,380 - performance_logger - DEBUG - This is a debug message
2026-04-21 14:08:12,382 - performance_logger - DEBUG - This is a debug message
2026-04-21 14:08:12,383 - performance_logger - DEBUG - This is a debug message
2026-04-21 14:08:12,385 - performance_logger - DEBUG - This is a debug message
2026-04-21 14:08:12,389 - performance_logger - DEBUG - This is a debug message
2026-04-21 14:08:12,393 - performance_logger - DEBUG - This is a debug message
2026-04-21 14:08:12,395 - performance_logger - DEBUG - This is a debug message
2026-04-21 14:08:12,396 - performance_logger - DEBUG - This is a debug message
2026-04-21 14:08:12,399 - performance_logger - DEBUG - This is a debug message
2026-04-21 14:08:12,400 - performance_logger - DEBUG - This is a debug message
2026-04-21 14:08:12,402 - performance_logger - DEBUG - This is a debug message
2026-04-21 14:08:12,403 - performance_logger - DEBUG - This is a debug message
2026-04-21 14:08:12,404 - performance_logger - DEBUG - This is a debug message
2026-04-21 14:08:12,406 - performance_logger - DEBUG - This is a debug message
2026-04-21 14:08:12,406 - performance_logger - DEBUG - This is a debug message
2026-04-21 14:08:12,408 - performance_logger - DEBUG - This is a debug message
2026-04-21 14:08:12,409 - performance_logger - DEBUG - This is a debug message
2026-04-21 14:08:12,410 - performance_logger - DEBUG - This is a debug message
2026-04-21 14:08:12,411 - performance_logger - DEBUG - This is a debug message
2026-04-21 14:08:12,412 - performance_logger - DEBUG - This is a debug message
2026-04-21 14:08:12,413 - performance_logger - DEBUG - This is a debug message
2026-04-21 14:08:12,414 - performance_logger - DEBUG - This is a debug message
2026-04-21 14:08:12,415 - performance_logger - DEBUG - This is a debug message
2026-04-21 14:08:12,417 - performance_logger - DEBUG - This is a debug message
2026-04-21 14:08:12,417 - performance_logger - DEBUG - This is a debug message
2026-04-21 14:08:12,418 - performance_logger - DEBUG - This is a debug message
2026-04-21 14:08:12,420 - performance_logger - DEBUG - This is a debug message
2026-04-21 14:08:12,421 - performance_logger - DEBUG - This is a debug message
2026-04-21 14:08:12,422 - performance_logger - DEBUG - This is a debug message
2026-04-21 14:08:12,423 - performance_logger - DEBUG - This is a debug message
2026-04-21 14:08:12,425 - performance_logger - DEBUG - This is a debug message
2026-04-21 14:08:12,426 - performance_logger - DEBUG - This is a debug message
2026-04-21 14:08:12,427 - performance_logger - DEBUG - This is a debug message
2026-04-21 14:08:12,429 - performance_logger - DEBUG - This is a debug message
2026-04-21 14:08:12,429 - performance_logger - DEBUG - This is a debug message
2026-04-21 14:08:12,431 - performance_logger - DEBUG - This is a debug message
2026-04-21 14:08:12,431 - performance_logger - DEBUG - This is a debug message
2026-04-21 14:08:12,432 - performance_logger - DEBUG - This is a debug message
2026-04-21 14:08:12,434 - performance_logger - DEBUG - This is a debug message
2026-04-21 14:08:12,435 - performance_logger - DEBUG - This is a debug message
2026-04-21 14:08:12,436 - performance_logger - DEBUG - This is a debug message
2026-04-21 14:08:12,437 - performance_logger - DEBUG - This is a debug message
2026-04-21 14:08:12,438 - performance_logger - DEBUG - This is a debug message
2026-04-21 14:08:12,438 - performance_logger - DEBUG - This is a debug message
2026-04-21 14:08:12,440 - performance_logger - DEBUG - This is a debug message
2026-04-21 14:08:12,441 - performance_logger - DEBUG - This is a debug message
2026-04-21 14:08:12,443 - performance_logger - DEBUG - This is a debug message
2026-04-21 14:08:12,444 - performance_logger - DEBUG - This is a debug message
2026-04-21 14:08:12,445 - performance_logger - DEBUG - This is a debug message
2026-04-21 14:08:12,446 - performance_logger - DEBUG - This is a debug message
2026-04-21 14:08:12,449 - performance_logger - DEBUG - This is a debug message
2026-04-21 14:08:12,452 - performance_logger - DEBUG - This is a debug message
2026-04-21 14:08:12,455 - performance_logger - DEBUG - This is a debug message
2026-04-21 14:08:12,456 - performance_logger - DEBUG - This is a debug message
2026-04-21 14:08:12,461 - performance_logger - DEBUG - This is a debug message
2026-04-21 14:08:12,462 - performance_logger - DEBUG - This is a debug message
2026-04-21 14:08:12,463 - performance_logger - DEBUG - This is a debug message
2026-04-21 14:08:12,467 - performance_logger - DEBUG - This is a debug message
2026-04-21 14:08:12,468 - performance_logger - DEBUG - This is a debug message
2026-04-21 14:08:12,469 - performance_logger - DEBUG - This is a debug message
2026-04-21 14:08:12,473 - performance_logger - DEBUG - This is a debug message
2026-04-21 14:08:12,474 - performance_logger - DEBUG - This is a debug message
2026-04-21 14:08:12,475 - performance_logger - DEBUG - This is a debug message
2026-04-21 14:08:12,477 - performance_logger - DEBUG - This is a debug message
2026-04-21 14:08:12,480 - performance_logger - DEBUG - This is a debug message
2026-04-21 14:08:12,485 - performance_logger - DEBUG - This is a debug message
2026-04-21 14:08:12,486 - performance_logger - DEBUG - This is a debug message
2026-04-21 14:08:12,487 - performance_logger - DEBUG - This is a debug message
2026-04-21 14:08:12,490 - performance_logger - DEBUG - This is a debug message
2026-04-21 14:08:12,492 - performance_logger - DEBUG - This is a debug message
2026-04-21 14:08:12,495 - performance_logger - DEBUG - This is a debug message
2026-04-21 14:08:12,496 - performance_logger - DEBUG - This is a debug message
2026-04-21 14:08:12,497 - performance_logger - DEBUG - This is a debug message
2026-04-21 14:08:12,499 - performance_logger - DEBUG - This is a debug message
2026-04-21 14:08:12,499 - performance_logger - DEBUG - This is a debug message
2026-04-21 14:08:12,501 - performance_logger - DEBUG - This is a debug message
2026-04-21 14:08:12,502 - performance_logger - DEBUG - This is a debug message
2026-04-21 14:08:12,503 - performance_logger - DEBUG - This is a debug message
2026-04-21 14:08:12,504 - performance_logger - DEBUG - This is a debug message
2026-04-21 14:08:12,506 - performance_logger - DEBUG - This is a debug message
2026-04-21 14:08:12,507 - performance_logger - DEBUG - This is a debug message
2026-04-21 14:08:12,508 - performance_logger - DEBUG - This is a debug message
2026-04-21 14:08:12,509 - performance_logger - DEBUG - This is a debug message
2026-04-21 14:08:12,510 - performance_logger - DEBUG - This is a debug message
2026-04-21 14:08:12,510 - performance_logger - DEBUG - This is a debug message
2026-04-21 14:08:12,512 - performance_logger - DEBUG - This is a debug message
2026-04-21 14:08:12,513 - performance_logger - DEBUG - This is a debug message
2026-04-21 14:08:12,513 - performance_logger - DEBUG - This is a debug message
2026-04-21 14:08:12,515 - performance_logger - DEBUG - This is a debug message
2026-04-21 14:08:12,516 - performance_logger - DEBUG - This is a debug message
2026-04-21 14:08:12,516 - performance_logger - DEBUG - This is a debug message
2026-04-21 14:08:12,517 - performance_logger - DEBUG - This is a debug message
2026-04-21 14:08:12,518 - performance_logger - DEBUG - This is a debug message
2026-04-21 14:08:12,519 - performance_logger - DEBUG - This is a debug message
2026-04-21 14:08:12,521 - performance_logger - DEBUG - This is a debug message
2026-04-21 14:08:12,521 - performance_logger - DEBUG - This is a debug message
2026-04-21 14:08:12,523 - performance_logger - DEBUG - This is a debug message
2026-04-21 14:08:12,524 - performance_logger - DEBUG - This is a debug message
2026-04-21 14:08:12,526 - performance_logger - DEBUG - This is a debug message
2026-04-21 14:08:12,527 - performance_logger - DEBUG - This is a debug message
2026-04-21 14:08:12,529 - performance_logger - DEBUG - This is a debug message
2026-04-21 14:08:12,530 - performance_logger - DEBUG - This is a debug message
2026-04-21 14:08:12,531 - performance_logger - DEBUG - This is a debug message
2026-04-21 14:08:12,532 - performance_logger - DEBUG - This is a debug message
2026-04-21 14:08:12,533 - performance_logger - DEBUG - This is a debug message
2026-04-21 14:08:12,534 - performance_logger - DEBUG - This is a debug message
2026-04-21 14:08:12,535 - performance_logger - DEBUG - This is a debug message
2026-04-21 14:08:12,536 - performance_logger - DEBUG - This is a debug message
2026-04-21 14:08:12,538 - performance_logger - DEBUG - This is a debug message
2026-04-21 14:08:12,539 - performance_logger - DEBUG - This is a debug message
2026-04-21 14:08:12,539 - performance_logger - DEBUG - This is a debug message
2026-04-21 14:08:12,541 - performance_logger - DEBUG - This is a debug message
2026-04-21 14:08:12,544 - performance_logger - DEBUG - This is a debug message
2026-04-21 14:08:12,546 - performance_logger - DEBUG - This is a debug message
2026-04-21 14:08:12,547 - performance_logger - DEBUG - This is a debug message
2026-04-21 14:08:12,550 - performance_logger - DEBUG - This is a debug message
2026-04-21 14:08:12,551 - performance_logger - DEBUG - This is a debug message
2026-04-21 14:08:12,553 - performance_logger - DEBUG - This is a debug message
2026-04-21 14:08:12,555 - performance_logger - DEBUG - This is a debug message
2026-04-21 14:08:12,555 - performance_logger - DEBUG - This is a debug message
2026-04-21 14:08:12,556 - performance_logger - DEBUG - This is a debug message
2026-04-21 14:08:12,558 - performance_logger - DEBUG - This is a debug message
2026-04-21 14:08:12,559 - performance_logger - DEBUG - This is a debug message
2026-04-21 14:08:12,560 - performance_logger - DEBUG - This is a debug message
2026-04-21 14:08:12,560 - performance_logger - DEBUG - This is a debug message
2026-04-21 14:08:12,562 - performance_logger - DEBUG - This is a debug message
2026-04-21 14:08:12,564 - performance_logger - DEBUG - This is a debug message
2026-04-21 14:08:12,565 - performance_logger - DEBUG - This is a debug message
2026-04-21 14:08:12,565 - performance_logger - DEBUG - This is a debug message
2026-04-21 14:08:12,566 - performance_logger - DEBUG - This is a debug message
2026-04-21 14:08:12,567 - performance_logger - DEBUG - This is a debug message
2026-04-21 14:08:12,569 - performance_logger - DEBUG - This is a debug message
2026-04-21 14:08:12,570 - performance_logger - DEBUG - This is a debug message
2026-04-21 14:08:12,572 - performance_logger - DEBUG - This is a debug message
2026-04-21 14:08:12,573 - performance_logger - DEBUG - This is a debug message
2026-04-21 14:08:12,574 - performance_logger - DEBUG - This is a debug message
2026-04-21 14:08:12,575 - performance_logger - DEBUG - This is a debug message
2026-04-21 14:08:12,576 - performance_logger - DEBUG - This is a debug message
2026-04-21 14:08:12,577 - performance_logger - DEBUG - This is a debug message
2026-04-21 14:08:12,579 - performance_logger - DEBUG - This is a debug message
2026-04-21 14:08:12,580 - performance_logger - DEBUG - This is a debug message
2026-04-21 14:08:12,581 - performance_logger - DEBUG - This is a debug message
2026-04-21 14:08:12,583 - performance_logger - DEBUG - This is a debug message
2026-04-21 14:08:12,584 - performance_logger - DEBUG - This is a debug message
2026-04-21 14:08:12,585 - performance_logger - DEBUG - This is a debug message
2026-04-21 14:08:12,586 - performance_logger - DEBUG - This is a debug message
2026-04-21 14:08:12,587 - performance_logger - DEBUG - This is a debug message
2026-04-21 14:08:12,588 - performance_logger - DEBUG - This is a debug message
2026-04-21 14:08:12,589 - performance_logger - DEBUG - This is a debug message
2026-04-21 14:08:12,591 - performance_logger - DEBUG - This is a debug message
2026-04-21 14:08:12,591 - performance_logger - DEBUG - This is a debug message
2026-04-21 14:08:12,592 - performance_logger - DEBUG - This is a debug message
2026-04-21 14:08:12,594 - performance_logger - DEBUG - This is a debug message
2026-04-21 14:08:12,595 - performance_logger - DEBUG - This is a debug message
2026-04-21 14:08:12,596 - performance_logger - DEBUG - This is a debug message
2026-04-21 14:08:12,597 - performance_logger - DEBUG - This is a debug message
2026-04-21 14:08:12,599 - performance_logger - DEBUG - This is a debug message
2026-04-21 14:08:12,600 - performance_logger - DEBUG - This is a debug message
2026-04-21 14:08:12,601 - performance_logger - DEBUG - This is a debug message
2026-04-21 14:08:12,602 - performance_logger - DEBUG - This is a debug message
2026-04-21 14:08:12,602 - performance_logger - DEBUG - This is a debug message
2026-04-21 14:08:12,606 - performance_logger - DEBUG - This is a debug message
2026-04-21 14:08:12,608 - performance_logger - DEBUG - This is a debug message
2026-04-21 14:08:12,611 - performance_logger - DEBUG - This is a debug message
2026-04-21 14:08:12,615 - performance_logger - DEBUG - This is a debug message
2026-04-21 14:08:12,619 - performance_logger - DEBUG - This is a debug message
2026-04-21 14:08:12,622 - performance_logger - DEBUG - This is a debug message
2026-04-21 14:08:12,628 - performance_logger - DEBUG - This is a debug message
2026-04-21 14:08:12,634 - performance_logger - DEBUG - This is a debug message
2026-04-21 14:08:12,638 - performance_logger - DEBUG - This is a debug message
2026-04-21 14:08:12,642 - performance_logger - DEBUG - This is a debug message
2026-04-21 14:08:12,643 - performance_logger - DEBUG - This is a debug message
2026-04-21 14:08:12,647 - performance_logger - DEBUG - This is a debug message
2026-04-21 14:08:12,648 - performance_logger - DEBUG - This is a debug message
2026-04-21 14:08:12,649 - performance_logger - DEBUG - This is a debug message
2026-04-21 14:08:12,653 - performance_logger - DEBUG - This is a debug message
2026-04-21 14:08:12,654 - performance_logger - DEBUG - This is a debug message
2026-04-21 14:08:12,655 - performance_logger - DEBUG - This is a debug message
2026-04-21 14:08:12,659 - performance_logger - DEBUG - This is a debug message
2026-04-21 14:08:12,660 - performance_logger - DEBUG - This is a debug message
2026-04-21 14:08:12,664 - performance_logger - DEBUG - This is a debug message
2026-04-21 14:08:12,666 - performance_logger - DEBUG - This is a debug message
2026-04-21 14:08:12,666 - performance_logger - DEBUG - This is a debug message
2026-04-21 14:08:12,670 - performance_logger - DEBUG - This is a debug message
2026-04-21 14:08:12,671 - performance_logger - DEBUG - This is a debug message
2026-04-21 14:08:12,672 - performance_logger - DEBUG - This is a debug message
2026-04-21 14:08:12,674 - performance_logger - DEBUG - This is a debug message
2026-04-21 14:08:12,674 - performance_logger - DEBUG - This is a debug message
2026-04-21 14:08:12,675 - performance_logger - DEBUG - This is a debug message
2026-04-21 14:08:12,677 - performance_logger - DEBUG - This is a debug message
2026-04-21 14:08:12,678 - performance_logger - DEBUG - This is a debug message
2026-04-21 14:08:12,679 - performance_logger - DEBUG - This is a debug message
2026-04-21 14:08:12,679 - performance_logger - DEBUG - This is a debug message
2026-04-21 14:08:12,681 - performance_logger - DEBUG - This is a debug message
2026-04-21 14:08:12,682 - performance_logger - DEBUG - This is a debug message
2026-04-21 14:08:12,683 - performance_logger - DEBUG - This is a debug message
2026-04-21 14:08:12,685 - performance_logger - DEBUG - This is a debug message
2026-04-21 14:08:12,685 - performance_logger - DEBUG - This is a debug message
2026-04-21 14:08:12,687 - performance_logger - DEBUG - This is a debug message
2026-04-21 14:08:12,687 - performance_logger - DEBUG - This is a debug message
2026-04-21 14:08:12,689 - performance_logger - DEBUG - This is a debug message
2026-04-21 14:08:12,690 - performance_logger - DEBUG - This is a debug message
2026-04-21 14:08:12,692 - performance_logger - DEBUG - This is a debug message
2026-04-21 14:08:12,693 - performance_logger - DEBUG - This is a debug message
2026-04-21 14:08:12,694 - performance_logger - DEBUG - This is a debug message
2026-04-21 14:08:12,695 - performance_logger - DEBUG - This is a debug message
2026-04-21 14:08:12,696 - performance_logger - DEBUG - This is a debug message
2026-04-21 14:08:12,698 - performance_logger - DEBUG - This is a debug message
2026-04-21 14:08:12,699 - performance_logger - DEBUG - This is a debug message
2026-04-21 14:08:12,700 - performance_logger - DEBUG - This is a debug message
2026-04-21 14:08:12,701 - performance_logger - DEBUG - This is a debug message
2026-04-21 14:08:12,702 - performance_logger - DEBUG - This is a debug message
2026-04-21 14:08:12,703 - performance_logger - DEBUG - This is a debug message
2026-04-21 14:08:12,704 - performance_logger - DEBUG - This is a debug message
2026-04-21 14:08:12,704 - performance_logger - DEBUG - This is a debug message
2026-04-21 14:08:12,706 - performance_logger - DEBUG - This is a debug message
2026-04-21 14:08:12,707 - performance_logger - DEBUG - This is a debug message
2026-04-21 14:08:12,709 - performance_logger - DEBUG - This is a debug message
2026-04-21 14:08:12,710 - performance_logger - DEBUG - This is a debug message
2026-04-21 14:08:12,710 - performance_logger - DEBUG - This is a debug message
2026-04-21 14:08:12,711 - performance_logger - DEBUG - This is a debug message
2026-04-21 14:08:12,712 - performance_logger - DEBUG - This is a debug message
2026-04-21 14:08:12,713 - performance_logger - DEBUG - This is a debug message
2026-04-21 14:08:12,714 - performance_logger - DEBUG - This is a debug message
2026-04-21 14:08:12,714 - performance_logger - DEBUG - This is a debug message
2026-04-21 14:08:12,716 - performance_logger - DEBUG - This is a debug message
2026-04-21 14:08:12,717 - performance_logger - DEBUG - This is a debug message
2026-04-21 14:08:12,718 - performance_logger - DEBUG - This is a debug message
2026-04-21 14:08:12,720 - performance_logger - DEBUG - This is a debug message
2026-04-21 14:08:12,721 - performance_logger - DEBUG - This is a debug message
2026-04-21 14:08:12,723 - performance_logger - DEBUG - This is a debug message
2026-04-21 14:08:12,724 - performance_logger - DEBUG - This is a debug message
2026-04-21 14:08:12,725 - performance_logger - DEBUG - This is a debug message
2026-04-21 14:08:12,727 - performance_logger - DEBUG - This is a debug message
2026-04-21 14:08:12,728 - performance_logger - DEBUG - This is a debug message
2026-04-21 14:08:12,732 - performance_logger - DEBUG - This is a debug message
2026-04-21 14:08:12,734 - performance_logger - DEBUG - This is a debug message
2026-04-21 14:08:12,735 - performance_logger - DEBUG - This is a debug message
2026-04-21 14:08:12,736 - performance_logger - DEBUG - This is a debug message
2026-04-21 14:08:12,736 - performance_logger - DEBUG - This is a debug message
2026-04-21 14:08:12,738 - performance_logger - DEBUG - This is a debug message
2026-04-21 14:08:12,742 - performance_logger - DEBUG - This is a debug message
2026-04-21 14:08:12,744 - performance_logger - DEBUG - This is a debug message
2026-04-21 14:08:12,747 - performance_logger - DEBUG - This is a debug message
2026-04-21 14:08:12,750 - performance_logger - DEBUG - This is a debug message
2026-04-21 14:08:12,752 - performance_logger - DEBUG - This is a debug message
2026-04-21 14:08:12,755 - performance_logger - DEBUG - This is a debug message
2026-04-21 14:08:12,757 - performance_logger - DEBUG - This is a debug message
2026-04-21 14:08:12,760 - performance_logger - DEBUG - This is a debug message
2026-04-21 14:08:12,762 - performance_logger - DEBUG - This is a debug message
2026-04-21 14:08:12,764 - performance_logger - DEBUG - This is a debug message
2026-04-21 14:08:12,767 - performance_logger - DEBUG - This is a debug message
2026-04-21 14:08:12,769 - performance_logger - DEBUG - This is a debug message
2026-04-21 14:08:12,771 - performance_logger - DEBUG - This is a debug message
2026-04-21 14:08:12,773 - performance_logger - DEBUG - This is a debug message
2026-04-21 14:08:12,774 - performance_logger - DEBUG - This is a debug message
2026-04-21 14:08:12,776 - performance_logger - DEBUG - This is a debug message
2026-04-21 14:08:12,777 - performance_logger - DEBUG - This is a debug message
2026-04-21 14:08:12,778 - performance_logger - DEBUG - This is a debug message
2026-04-21 14:08:12,782 - performance_logger - DEBUG - This is a debug message
2026-04-21 14:08:12,785 - performance_logger - DEBUG - This is a debug message
2026-04-21 14:08:12,788 - performance_logger - DEBUG - This is a debug message
2026-04-21 14:08:12,790 - performance_logger - DEBUG - This is a debug message
2026-04-21 14:08:12,793 - performance_logger - DEBUG - This is a debug message
2026-04-21 14:08:12,794 - performance_logger - DEBUG - This is a debug message
2026-04-21 14:08:12,795 - performance_logger - DEBUG - This is a debug message
2026-04-21 14:08:12,797 - performance_logger - DEBUG - This is a debug message
2026-04-21 14:08:12,798 - performance_logger - DEBUG - This is a debug message
2026-04-21 14:08:12,799 - performance_logger - DEBUG - This is a debug message
2026-04-21 14:08:12,800 - performance_logger - DEBUG - This is a debug message
2026-04-21 14:08:12,801 - performance_logger - DEBUG - This is a debug message
2026-04-21 14:08:12,802 - performance_logger - DEBUG - This is a debug message
2026-04-21 14:08:12,803 - performance_logger - DEBUG - This is a debug message
2026-04-21 14:08:12,804 - performance_logger - DEBUG - This is a debug message
2026-04-21 14:08:12,805 - performance_logger - DEBUG - This is a debug message
2026-04-21 14:08:12,807 - performance_logger - DEBUG - This is a debug message
2026-04-21 14:08:12,808 - performance_logger - DEBUG - This is a debug message
2026-04-21 14:08:12,809 - performance_logger - DEBUG - This is a debug message
2026-04-21 14:08:12,810 - performance_logger - DEBUG - This is a debug message
2026-04-21 14:08:12,811 - performance_logger - DEBUG - This is a debug message
2026-04-21 14:08:12,812 - performance_logger - DEBUG - This is a debug message
2026-04-21 14:08:12,813 - performance_logger - DEBUG - This is a debug message
2026-04-21 14:08:12,815 - performance_logger - DEBUG - This is a debug message
2026-04-21 14:08:12,817 - performance_logger - DEBUG - This is a debug message
2026-04-21 14:08:12,818 - performance_logger - DEBUG - This is a debug message
2026-04-21 14:08:12,819 - performance_logger - DEBUG - This is a debug message
2026-04-21 14:08:12,820 - performance_logger - DEBUG - This is a debug message
2026-04-21 14:08:12,821 - performance_logger - DEBUG - This is a debug message
2026-04-21 14:08:12,822 - performance_logger - DEBUG - This is a debug message
2026-04-21 14:08:12,824 - performance_logger - DEBUG - This is a debug message
2026-04-21 14:08:12,824 - performance_logger - DEBUG - This is a debug message
2026-04-21 14:08:12,826 - performance_logger - DEBUG - This is a debug message
2026-04-21 14:08:12,827 - performance_logger - DEBUG - This is a debug message
2026-04-21 14:08:12,828 - performance_logger - DEBUG - This is a debug message
2026-04-21 14:08:12,829 - performance_logger - DEBUG - This is a debug message
2026-04-21 14:08:12,830 - performance_logger - DEBUG - This is a debug message
2026-04-21 14:08:12,831 - performance_logger - DEBUG - This is a debug message
2026-04-21 14:08:12,832 - performance_logger - DEBUG - This is a debug message
2026-04-21 14:08:12,833 - performance_logger - DEBUG - This is a debug message
2026-04-21 14:08:12,834 - performance_logger - DEBUG - This is a debug message
2026-04-21 14:08:12,835 - performance_logger - DEBUG - This is a debug message
2026-04-21 14:08:12,836 - performance_logger - DEBUG - This is a debug message
2026-04-21 14:08:12,837 - performance_logger - DEBUG - This is a debug message
2026-04-21 14:08:12,838 - performance_logger - DEBUG - This is a debug message
2026-04-21 14:08:12,839 - performance_logger - DEBUG - This is a debug message
2026-04-21 14:08:12,841 - performance_logger - DEBUG - This is a debug message
2026-04-21 14:08:12,842 - performance_logger - DEBUG - This is a debug message
2026-04-21 14:08:12,843 - performance_logger - DEBUG - This is a debug message
2026-04-21 14:08:12,845 - performance_logger - DEBUG - This is a debug message
2026-04-21 14:08:12,845 - performance_logger - DEBUG - This is a debug message
2026-04-21 14:08:12,847 - performance_logger - DEBUG - This is a debug message
2026-04-21 14:08:12,848 - performance_logger - DEBUG - This is a debug message
2026-04-21 14:08:12,849 - performance_logger - DEBUG - This is a debug message
2026-04-21 14:08:12,850 - performance_logger - DEBUG - This is a debug message
2026-04-21 14:08:12,851 - performance_logger - DEBUG - This is a debug message
2026-04-21 14:08:12,852 - performance_logger - DEBUG - This is a debug message
2026-04-21 14:08:12,853 - performance_logger - DEBUG - This is a debug message
2026-04-21 14:08:12,855 - performance_logger - DEBUG - This is a debug message
2026-04-21 14:08:12,856 - performance_logger - DEBUG - This is a debug message
2026-04-21 14:08:12,857 - performance_logger - DEBUG - This is a debug message
2026-04-21 14:08:12,858 - performance_logger - DEBUG - This is a debug message
2026-04-21 14:08:12,859 - performance_logger - DEBUG - This is a debug message
2026-04-21 14:08:12,860 - performance_logger - DEBUG - This is a debug message
2026-04-21 14:08:12,861 - performance_logger - DEBUG - This is a debug message
2026-04-21 14:08:12,863 - performance_logger - DEBUG - This is a debug message
2026-04-21 14:08:12,864 - performance_logger - DEBUG - This is a debug message
2026-04-21 14:08:12,872 - performance_logger - DEBUG - This is a debug message
2026-04-21 14:08:12,874 - performance_logger - DEBUG - This is a debug message
2026-04-21 14:08:12,878 - performance_logger - DEBUG - This is a debug message
2026-04-21 14:08:12,879 - performance_logger - DEBUG - This is a debug message
2026-04-21 14:08:12,881 - performance_logger - DEBUG - This is a debug message
2026-04-21 14:08:12,883 - performance_logger - DEBUG - This is a debug message
2026-04-21 14:08:12,885 - performance_logger - DEBUG - This is a debug message
2026-04-21 14:08:12,887 - performance_logger - DEBUG - This is a debug message
2026-04-21 14:08:12,889 - performance_logger - DEBUG - This is a debug message
2026-04-21 14:08:12,892 - performance_logger - DEBUG - This is a debug message
2026-04-21 14:08:12,893 - performance_logger - DEBUG - This is a debug message
2026-04-21 14:08:12,895 - performance_logger - DEBUG - This is a debug message
2026-04-21 14:08:12,898 - performance_logger - DEBUG - This is a debug message
2026-04-21 14:08:12,900 - performance_logger - DEBUG - This is a debug message
2026-04-21 14:08:12,901 - performance_logger - DEBUG - This is a debug message
2026-04-21 14:08:12,903 - performance_logger - DEBUG - This is a debug message
2026-04-21 14:08:12,905 - performance_logger - DEBUG - This is a debug message
2026-04-21 14:08:12,907 - performance_logger - DEBUG - This is a debug message
2026-04-21 14:08:12,910 - performance_logger - DEBUG - This is a debug message
2026-04-21 14:08:12,912 - performance_logger - DEBUG - This is a debug message
2026-04-21 14:08:12,914 - performance_logger - DEBUG - This is a debug message
2026-04-21 14:08:12,916 - performance_logger - DEBUG - This is a debug message
2026-04-21 14:08:12,918 - performance_logger - DEBUG - This is a debug message
2026-04-21 14:08:12,920 - performance_logger - DEBUG - This is a debug message
2026-04-21 14:08:12,921 - performance_logger - DEBUG - This is a debug message
2026-04-21 14:08:12,924 - performance_logger - DEBUG - This is a debug message
2026-04-21 14:08:12,926 - performance_logger - DEBUG - This is a debug message
2026-04-21 14:08:12,928 - performance_logger - DEBUG - This is a debug message
2026-04-21 14:08:12,930 - performance_logger - DEBUG - This is a debug message
2026-04-21 14:08:12,933 - performance_logger - DEBUG - This is a debug message
2026-04-21 14:08:12,934 - performance_logger - DEBUG - This is a debug message
2026-04-21 14:08:12,936 - performance_logger - DEBUG - This is a debug message
2026-04-21 14:08:12,938 - performance_logger - DEBUG - This is a debug message
2026-04-21 14:08:12,940 - performance_logger - DEBUG - This is a debug message
2026-04-21 14:08:12,942 - performance_logger - DEBUG - This is a debug message
2026-04-21 14:08:12,944 - performance_logger - DEBUG - This is a debug message
2026-04-21 14:08:12,946 - performance_logger - DEBUG - This is a debug message
2026-04-21 14:08:12,948 - performance_logger - DEBUG - This is a debug message
2026-04-21 14:08:12,950 - performance_logger - DEBUG - This is a debug message
2026-04-21 14:08:12,953 - performance_logger - DEBUG - This is a debug message
2026-04-21 14:08:12,954 - performance_logger - DEBUG - This is a debug message
2026-04-21 14:08:12,956 - performance_logger - DEBUG - This is a debug message
2026-04-21 14:08:12,958 - performance_logger - DEBUG - This is a debug message
2026-04-21 14:08:12,960 - performance_logger - DEBUG - This is a debug message
2026-04-21 14:08:12,962 - performance_logger - DEBUG - This is a debug message
2026-04-21 14:08:12,964 - performance_logger - DEBUG - This is a debug message
2026-04-21 14:08:12,967 - performance_logger - DEBUG - This is a debug message
2026-04-21 14:08:12,969 - performance_logger - DEBUG - This is a debug message
2026-04-21 14:08:12,971 - performance_logger - DEBUG - This is a debug message
2026-04-21 14:08:12,974 - performance_logger - DEBUG - This is a debug message
2026-04-21 14:08:12,976 - performance_logger - DEBUG - This is a debug message
2026-04-21 14:08:12,978 - performance_logger - DEBUG - This is a debug message
2026-04-21 14:08:12,980 - performance_logger - DEBUG - This is a debug message
2026-04-21 14:08:12,982 - performance_logger - DEBUG - This is a debug message
2026-04-21 14:08:12,985 - performance_logger - DEBUG - This is a debug message
2026-04-21 14:08:12,987 - performance_logger - DEBUG - This is a debug message
2026-04-21 14:08:12,989 - performance_logger - DEBUG - This is a debug message
2026-04-21 14:08:12,991 - performance_logger - DEBUG - This is a debug message
2026-04-21 14:08:12,993 - performance_logger - DEBUG - This is a debug message
2026-04-21 14:08:12,995 - performance_logger - DEBUG - This is a debug message
2026-04-21 14:08:12,998 - performance_logger - DEBUG - This is a debug message
2026-04-21 14:08:13,000 - performance_logger - DEBUG - This is a debug message
2026-04-21 14:08:13,002 - performance_logger - DEBUG - This is a debug message
2026-04-21 14:08:13,004 - performance_logger - DEBUG - This is a debug message
2026-04-21 14:08:13,006 - performance_logger - DEBUG - This is a debug message
2026-04-21 14:08:13,008 - performance_logger - DEBUG - This is a debug message
2026-04-21 14:08:13,010 - performance_logger - DEBUG - This is a debug message
2026-04-21 14:08:13,012 - performance_logger - DEBUG - This is a debug message
2026-04-21 14:08:13,014 - performance_logger - DEBUG - This is a debug message
2026-04-21 14:08:13,016 - performance_logger - DEBUG - This is a debug message
2026-04-21 14:08:13,018 - performance_logger - DEBUG - This is a debug message
2026-04-21 14:08:13,023 - performance_logger - DEBUG - This is a debug message
2026-04-21 14:08:13,025 - performance_logger - DEBUG - This is a debug message
2026-04-21 14:08:13,027 - performance_logger - DEBUG - This is a debug message
2026-04-21 14:08:13,029 - performance_logger - DEBUG - This is a debug message
2026-04-21 14:08:13,031 - performance_logger - DEBUG - This is a debug message
2026-04-21 14:08:13,033 - performance_logger - DEBUG - This is a debug message
2026-04-21 14:08:13,035 - performance_logger - DEBUG - This is a debug message
2026-04-21 14:08:13,036 - performance_logger - DEBUG - This is a debug message
2026-04-21 14:08:13,039 - performance_logger - DEBUG - This is a debug message
2026-04-21 14:08:13,041 - performance_logger - DEBUG - This is a debug message
2026-04-21 14:08:13,043 - performance_logger - DEBUG - This is a debug message
2026-04-21 14:08:13,045 - performance_logger - DEBUG - This is a debug message
2026-04-21 14:08:13,047 - performance_logger - DEBUG - This is a debug message
2026-04-21 14:08:13,049 - performance_logger - DEBUG - This is a debug message
2026-04-21 14:08:13,050 - performance_logger - DEBUG - This is a debug message
2026-04-21 14:08:13,053 - performance_logger - DEBUG - This is a debug message
2026-04-21 14:08:13,054 - performance_logger - DEBUG - This is a debug message
2026-04-21 14:08:13,056 - performance_logger - DEBUG - This is a debug message
2026-04-21 14:08:13,058 - performance_logger - DEBUG - This is a debug message
2026-04-21 14:08:13,061 - performance_logger - DEBUG - This is a debug message
2026-04-21 14:08:13,063 - performance_logger - DEBUG - This is a debug message
2026-04-21 14:08:13,065 - performance_logger - DEBUG - This is a debug message
2026-04-21 14:08:13,067 - performance_logger - DEBUG - This is a debug message
2026-04-21 14:08:13,069 - performance_logger - DEBUG - This is a debug message
2026-04-21 14:08:13,070 - performance_logger - DEBUG - This is a debug message
2026-04-21 14:08:13,072 - performance_logger - DEBUG - This is a debug message
2026-04-21 14:08:13,074 - performance_logger - DEBUG - This is a debug message
2026-04-21 14:08:13,076 - performance_logger - DEBUG - This is a debug message
2026-04-21 14:08:13,078 - performance_logger - DEBUG - This is a debug message
2026-04-21 14:08:13,080 - performance_logger - DEBUG - This is a debug message
2026-04-21 14:08:13,082 - performance_logger - DEBUG - This is a debug message
2026-04-21 14:08:13,085 - performance_logger - DEBUG - This is a debug message
2026-04-21 14:08:13,086 - performance_logger - DEBUG - This is a debug message
2026-04-21 14:08:13,088 - performance_logger - DEBUG - This is a debug message
2026-04-21 14:08:13,090 - performance_logger - DEBUG - This is a debug message
2026-04-21 14:08:13,091 - performance_logger - DEBUG - This is a debug message
2026-04-21 14:08:13,093 - performance_logger - DEBUG - This is a debug message
2026-04-21 14:08:13,095 - performance_logger - DEBUG - This is a debug message
2026-04-21 14:08:13,097 - performance_logger - DEBUG - This is a debug message
2026-04-21 14:08:13,099 - performance_logger - DEBUG - This is a debug message
2026-04-21 14:08:13,101 - performance_logger - DEBUG - This is a debug message
2026-04-21 14:08:13,103 - performance_logger - DEBUG - This is a debug message
2026-04-21 14:08:13,105 - performance_logger - DEBUG - This is a debug message
2026-04-21 14:08:13,107 - performance_logger - DEBUG - This is a debug message
2026-04-21 14:08:13,109 - performance_logger - DEBUG - This is a debug message
2026-04-21 14:08:13,111 - performance_logger - DEBUG - This is a debug message
2026-04-21 14:08:13,114 - performance_logger - DEBUG - This is a debug message
2026-04-21 14:08:13,115 - performance_logger - DEBUG - This is a debug message
2026-04-21 14:08:13,117 - performance_logger - DEBUG - This is a debug message
2026-04-21 14:08:13,119 - performance_logger - DEBUG - This is a debug message
2026-04-21 14:08:13,121 - performance_logger - DEBUG - This is a debug message
2026-04-21 14:08:13,123 - performance_logger - DEBUG - This is a debug message
2026-04-21 14:08:13,124 - performance_logger - DEBUG - This is a debug message
2026-04-21 14:08:13,127 - performance_logger - DEBUG - This is a debug message
2026-04-21 14:08:13,129 - performance_logger - DEBUG - This is a debug message
2026-04-21 14:08:13,131 - performance_logger - DEBUG - This is a debug message
2026-04-21 14:08:13,132 - performance_logger - DEBUG - This is a debug message
2026-04-21 14:08:13,134 - performance_logger - DEBUG - This is a debug message
2026-04-21 14:08:13,136 - performance_logger - DEBUG - This is a debug message
2026-04-21 14:08:13,138 - performance_logger - DEBUG - This is a debug message
2026-04-21 14:08:13,141 - performance_logger - DEBUG - This is a debug message
2026-04-21 14:08:13,143 - performance_logger - DEBUG - This is a debug message
2026-04-21 14:08:13,144 - performance_logger - DEBUG - This is a debug message
2026-04-21 14:08:13,146 - performance_logger - DEBUG - This is a debug message
2026-04-21 14:08:13,148 - performance_logger - DEBUG - This is a debug message
2026-04-21 14:08:13,150 - performance_logger - DEBUG - This is a debug message
2026-04-21 14:08:13,152 - performance_logger - DEBUG - This is a debug message
2026-04-21 14:08:13,154 - performance_logger - DEBUG - This is a debug message
2026-04-21 14:08:13,156 - performance_logger - DEBUG - This is a debug message
2026-04-21 14:08:13,158 - performance_logger - DEBUG - This is a debug message
2026-04-21 14:08:13,159 - performance_logger - DEBUG - This is a debug message
2026-04-21 14:08:13,161 - performance_logger - DEBUG - This is a debug message
2026-04-21 14:08:13,163 - performance_logger - DEBUG - This is a debug message
2026-04-21 14:08:13,165 - performance_logger - DEBUG - This is a debug message
2026-04-21 14:08:13,167 - performance_logger - DEBUG - This is a debug message
2026-04-21 14:08:13,169 - performance_logger - DEBUG - This is a debug message
2026-04-21 14:08:13,170 - performance_logger - DEBUG - This is a debug message
2026-04-21 14:08:13,172 - performance_logger - DEBUG - This is a debug message
2026-04-21 14:08:13,173 - performance_logger - DEBUG - This is a debug message
2026-04-21 14:08:13,176 - performance_logger - DEBUG - This is a debug message
2026-04-21 14:08:13,178 - performance_logger - DEBUG - This is a debug message
2026-04-21 14:08:13,179 - performance_logger - DEBUG - This is a debug message
2026-04-21 14:08:13,181 - performance_logger - DEBUG - This is a debug message
2026-04-21 14:08:13,182 - performance_logger - DEBUG - This is a debug message
2026-04-21 14:08:13,184 - performance_logger - DEBUG - This is a debug message
2026-04-21 14:08:13,186 - performance_logger - DEBUG - This is a debug message
2026-04-21 14:08:13,187 - performance_logger - DEBUG - This is a debug message
2026-04-21 14:08:13,189 - performance_logger - DEBUG - This is a debug message
2026-04-21 14:08:13,191 - performance_logger - DEBUG - This is a debug message
2026-04-21 14:08:13,192 - performance_logger - DEBUG - This is a debug message
2026-04-21 14:08:13,193 - performance_logger - DEBUG - This is a debug message
2026-04-21 14:08:13,194 - performance_logger - DEBUG - This is a debug message
2026-04-21 14:08:13,194 - performance_logger - DEBUG - This is a debug message
2026-04-21 14:08:13,196 - performance_logger - DEBUG - This is a debug message
2026-04-21 14:08:13,197 - performance_logger - DEBUG - This is a debug message
2026-04-21 14:08:13,199 - performance_logger - DEBUG - This is a debug message
2026-04-21 14:08:13,200 - performance_logger - DEBUG - This is a debug message
2026-04-21 14:08:13,201 - performance_logger - DEBUG - This is a debug message
2026-04-21 14:08:13,202 - performance_logger - DEBUG - This is a debug message
2026-04-21 14:08:13,203 - performance_logger - DEBUG - This is a debug message
2026-04-21 14:08:13,204 - performance_logger - DEBUG - This is a debug message
2026-04-21 14:08:13,205 - performance_logger - DEBUG - This is a debug message
2026-04-21 14:08:13,207 - performance_logger - DEBUG - This is a debug message
2026-04-21 14:08:13,208 - performance_logger - DEBUG - This is a debug message
2026-04-21 14:08:13,209 - performance_logger - DEBUG - This is a debug message
2026-04-21 14:08:13,210 - performance_logger - DEBUG - This is a debug message
2026-04-21 14:08:13,213 - performance_logger - DEBUG - This is a debug message
2026-04-21 14:08:13,215 - performance_logger - DEBUG - This is a debug message
2026-04-21 14:08:13,216 - performance_logger - DEBUG - This is a debug message
2026-04-21 14:08:13,218 - performance_logger - DEBUG - This is a debug message
2026-04-21 14:08:13,220 - performance_logger - DEBUG - This is a debug message
2026-04-21 14:08:13,222 - performance_logger - DEBUG - This is a debug message
2026-04-21 14:08:13,224 - performance_logger - DEBUG - This is a debug message
2026-04-21 14:08:13,226 - performance_logger - DEBUG - This is a debug message
2026-04-21 14:08:13,228 - performance_logger - DEBUG - This is a debug message
2026-04-21 14:08:13,230 - performance_logger - DEBUG - This is a debug message
2026-04-21 14:08:13,233 - performance_logger - DEBUG - This is a debug message
2026-04-21 14:08:13,234 - performance_logger - DEBUG - This is a debug message
2026-04-21 14:08:13,236 - performance_logger - DEBUG - This is a debug message
2026-04-21 14:08:13,238 - performance_logger - DEBUG - This is a debug message
2026-04-21 14:08:13,240 - performance_logger - DEBUG - This is a debug message
2026-04-21 14:08:13,245 - performance_logger - DEBUG - This is a debug message
2026-04-21 14:08:13,247 - performance_logger - DEBUG - This is a debug message
2026-04-21 14:08:13,249 - performance_logger - DEBUG - This is a debug message
2026-04-21 14:08:13,251 - performance_logger - DEBUG - This is a debug message
2026-04-21 14:08:13,253 - performance_logger - DEBUG - This is a debug message
2026-04-21 14:08:13,260 - performance_logger - DEBUG - This is a debug message
2026-04-21 14:08:13,265 - performance_logger - DEBUG - This is a debug message
2026-04-21 14:08:13,272 - performance_logger - DEBUG - This is a debug message
2026-04-21 14:08:13,274 - performance_logger - DEBUG - This is a debug message
2026-04-21 14:08:13,276 - performance_logger - DEBUG - This is a debug message
2026-04-21 14:08:13,284 - performance_logger - DEBUG - This is a debug message
2026-04-21 14:08:13,286 - performance_logger - DEBUG - This is a debug message
2026-04-21 14:08:13,296 - performance_logger - DEBUG - This is a debug message
2026-04-21 14:08:13,297 - performance_logger - DEBUG - This is a debug message
2026-04-21 14:08:13,299 - performance_logger - DEBUG - This is a debug message
2026-04-21 14:08:13,306 - performance_logger - DEBUG - This is a debug message
2026-04-21 14:08:13,308 - performance_logger - DEBUG - This is a debug message
2026-04-21 14:08:13,312 - performance_logger - DEBUG - This is a debug message
2026-04-21 14:08:13,316 - performance_logger - DEBUG - This is a debug message
2026-04-21 14:08:13,324 - performance_logger - DEBUG - This is a debug message
2026-04-21 14:08:13,326 - performance_logger - DEBUG - This is a debug message
2026-04-21 14:08:13,328 - performance_logger - DEBUG - This is a debug message
2026-04-21 14:08:13,334 - performance_logger - DEBUG - This is a debug message
2026-04-21 14:08:13,342 - performance_logger - DEBUG - This is a debug message
2026-04-21 14:08:13,348 - performance_logger - DEBUG - This is a debug message
2026-04-21 14:08:13,355 - performance_logger - DEBUG - This is a debug message
2026-04-21 14:08:13,357 - performance_logger - DEBUG - This is a debug message
2026-04-21 14:08:13,367 - performance_logger - DEBUG - This is a debug message
2026-04-21 14:08:13,368 - performance_logger - DEBUG - This is a debug message
2026-04-21 14:08:13,378 - performance_logger - DEBUG - This is a debug message
2026-04-21 14:08:13,380 - performance_logger - DEBUG - This is a debug message
2026-04-21 14:08:13,390 - performance_logger - DEBUG - This is a debug message
2026-04-21 14:08:13,395 - performance_logger - DEBUG - This is a debug message
2026-04-21 14:08:13,403 - performance_logger - DEBUG - This is a debug message
2026-04-21 14:08:13,404 - performance_logger - DEBUG - This is a debug message
2026-04-21 14:08:13,412 - performance_logger - DEBUG - This is a debug message
2026-04-21 14:08:13,418 - performance_logger - DEBUG - This is a debug message
2026-04-21 14:08:13,421 - performance_logger - DEBUG - This is a debug message
2026-04-21 14:08:13,429 - performance_logger - DEBUG - This is a debug message
2026-04-21 14:08:13,434 - performance_logger - DEBUG - This is a debug message
2026-04-21 14:08:13,442 - performance_logger - DEBUG - This is a debug message
2026-04-21 14:08:13,444 - performance_logger - DEBUG - This is a debug message
2026-04-21 14:08:13,449 - performance_logger - DEBUG - This is a debug message
2026-04-21 14:08:13,451 - performance_logger - DEBUG - This is a debug message
2026-04-21 14:08:13,458 - performance_logger - DEBUG - This is a debug message
2026-04-21 14:08:13,465 - performance_logger - DEBUG - This is a debug message
2026-04-21 14:08:13,473 - performance_logger - DEBUG - This is a debug message
2026-04-21 14:08:13,480 - performance_logger - DEBUG - This is a debug message
2026-04-21 14:08:13,488 - performance_logger - DEBUG - This is a debug message
2026-04-21 14:08:13,490 - performance_logger - DEBUG - This is a debug message
2026-04-21 14:08:13,499 - performance_logger - DEBUG - This is a debug message
2026-04-21 14:08:13,506 - performance_logger - DEBUG - This is a debug message
2026-04-21 14:08:13,513 - performance_logger - DEBUG - This is a debug message
2026-04-21 14:08:13,520 - performance_logger - DEBUG - This is a debug message
2026-04-21 14:08:13,522 - performance_logger - DEBUG - This is a debug message
2026-04-21 14:08:13,527 - performance_logger - DEBUG - This is a debug message
2026-04-21 14:08:13,529 - performance_logger - DEBUG - This is a debug message
2026-04-21 14:08:13,533 - performance_logger - DEBUG - This is a debug message
2026-04-21 14:08:13,540 - performance_logger - DEBUG - This is a debug message
2026-04-21 14:08:13,542 - performance_logger - DEBUG - This is a debug message
2026-04-21 14:08:13,550 - performance_logger - DEBUG - This is a debug message
2026-04-21 14:08:13,552 - performance_logger - DEBUG - This is a debug message
2026-04-21 14:08:13,556 - performance_logger - DEBUG - This is a debug message
2026-04-21 14:08:13,563 - performance_logger - DEBUG - This is a debug message
2026-04-21 14:08:13,565 - performance_logger - DEBUG - This is a debug message
2026-04-21 14:08:13,568 - performance_logger - DEBUG - This is a debug message
2026-04-21 14:08:13,573 - performance_logger - DEBUG - This is a debug message
2026-04-21 14:08:13,578 - performance_logger - DEBUG - This is a debug message
2026-04-21 14:08:13,587 - performance_logger - DEBUG - This is a debug message
2026-04-21 14:08:13,590 - performance_logger - DEBUG - This is a debug message
2026-04-21 14:08:13,597 - performance_logger - DEBUG - This is a debug message
2026-04-21 14:08:13,601 - performance_logger - DEBUG - This is a debug message
2026-04-21 14:08:13,602 - performance_logger - DEBUG - This is a debug message
2026-04-21 14:08:13,607 - performance_logger - DEBUG - This is a debug message
2026-04-21 14:08:13,611 - performance_logger - DEBUG - This is a debug message
2026-04-21 14:08:13,617 - performance_logger - DEBUG - This is a debug message
2026-04-21 14:08:13,619 - performance_logger - DEBUG - This is a debug message
2026-04-21 14:08:13,627 - performance_logger - DEBUG - This is a debug message
2026-04-21 14:08:13,628 - performance_logger - DEBUG - This is a debug message
2026-04-21 14:08:13,638 - performance_logger - DEBUG - This is a debug message
2026-04-21 14:08:13,639 - performance_logger - DEBUG - This is a debug message
2026-04-21 14:08:13,646 - performance_logger - DEBUG - This is a debug message
2026-04-21 14:08:13,648 - performance_logger - DEBUG - This is a debug message
2026-04-21 14:08:13,656 - performance_logger - DEBUG - This is a debug message
2026-04-21 14:08:13,658 - performance_logger - DEBUG - This is a debug message
2026-04-21 14:08:13,663 - performance_logger - DEBUG - This is a debug message
2026-04-21 14:08:13,667 - performance_logger - DEBUG - This is a debug message
2026-04-21 14:08:13,669 - performance_logger - DEBUG - This is a debug message
2026-04-21 14:08:13,674 - performance_logger - DEBUG - This is a debug message
2026-04-21 14:08:13,681 - performance_logger - DEBUG - This is a debug message
2026-04-21 14:08:13,685 - performance_logger - DEBUG - This is a debug message
2026-04-21 14:08:13,688 - performance_logger - DEBUG - This is a debug message
2026-04-21 14:08:13,696 - performance_logger - DEBUG - This is a debug message
2026-04-21 14:08:13,698 - performance_logger - DEBUG - This is a debug message
2026-04-21 14:08:13,706 - performance_logger - DEBUG - This is a debug message
2026-04-21 14:08:13,708 - performance_logger - DEBUG - This is a debug message
2026-04-21 14:08:13,710 - performance_logger - DEBUG - This is a debug message
2026-04-21 14:08:13,716 - performance_logger - DEBUG - This is a debug message
2026-04-21 14:08:13,720 - performance_logger - DEBUG - This is a debug message
2026-04-21 14:08:13,726 - performance_logger - DEBUG - This is a debug message
2026-04-21 14:08:13,727 - performance_logger - DEBUG - This is a debug message
2026-04-21 14:08:13,733 - performance_logger - DEBUG - This is a debug message
2026-04-21 14:08:13,736 - performance_logger - DEBUG - This is a debug message
2026-04-21 14:08:13,743 - performance_logger - DEBUG - This is a debug message
2026-04-21 14:08:13,745 - performance_logger - DEBUG - This is a debug message
2026-04-21 14:08:13,749 - performance_logger - DEBUG - This is a debug message
2026-04-21 14:08:13,756 - performance_logger - DEBUG - This is a debug message
2026-04-21 14:08:13,758 - performance_logger - DEBUG - This is a debug message
2026-04-21 14:08:13,766 - performance_logger - DEBUG - This is a debug message
2026-04-21 14:08:13,769 - performance_logger - DEBUG - This is a debug message
2026-04-21 14:08:13,775 - performance_logger - DEBUG - This is a debug message
2026-04-21 14:08:13,780 - performance_logger - DEBUG - This is a debug message
2026-04-21 14:08:13,785 - performance_logger - DEBUG - This is a debug message
2026-04-21 14:08:13,787 - performance_logger - DEBUG - This is a debug message
2026-04-21 14:08:13,794 - performance_logger - DEBUG - This is a debug message
2026-04-21 14:08:13,799 - performance_logger - DEBUG - This is a debug message
2026-04-21 14:08:13,804 - performance_logger - DEBUG - This is a debug message
2026-04-21 14:08:13,806 - performance_logger - DEBUG - This is a debug message
2026-04-21 14:08:13,815 - performance_logger - DEBUG - This is a debug message
2026-04-21 14:08:13,817 - performance_logger - DEBUG - This is a debug message
2026-04-21 14:08:13,819 - performance_logger - DEBUG - This is a debug message
2026-04-21 14:08:13,829 - performance_logger - DEBUG - This is a debug message
2026-04-21 14:08:13,831 - performance_logger - DEBUG - This is a debug message
2026-04-21 14:08:13,841 - performance_logger - DEBUG - This is a debug message
2026-04-21 14:08:13,843 - performance_logger - DEBUG - This is a debug message
2026-04-21 14:08:13,851 - performance_logger - DEBUG - This is a debug message
2026-04-21 14:08:13,853 - performance_logger - DEBUG - This is a debug message
2026-04-21 14:08:13,857 - performance_logger - DEBUG - This is a debug message
2026-04-21 14:08:13,862 - performance_logger - DEBUG - This is a debug message
2026-04-21 14:08:13,865 - performance_logger - DEBUG - This is a debug message
2026-04-21 14:08:13,870 - performance_logger - DEBUG - This is a debug message
2026-04-21 14:08:13,871 - performance_logger - DEBUG - This is a debug message
2026-04-21 14:08:13,876 - performance_logger - DEBUG - This is a debug message
2026-04-21 14:08:13,878 - performance_logger - DEBUG - This is a debug message
2026-04-21 14:08:13,884 - performance_logger - DEBUG - This is a debug message
2026-04-21 14:08:13,887 - performance_logger - DEBUG - This is a debug message
2026-04-21 14:08:13,888 - performance_logger - DEBUG - This is a debug message
2026-04-21 14:08:13,889 - performance_logger - DEBUG - This is a debug message
2026-04-21 14:08:13,890 - performance_logger - DEBUG - This is a debug message
2026-04-21 14:08:13,892 - performance_logger - DEBUG - This is a debug message
2026-04-21 14:08:13,894 - performance_logger - DEBUG - This is a debug message
2026-04-21 14:08:13,894 - performance_logger - DEBUG - This is a debug message
2026-04-21 14:08:13,895 - performance_logger - DEBUG - This is a debug message
2026-04-21 14:08:13,897 - performance_logger - DEBUG - This is a debug message
2026-04-21 14:08:13,898 - performance_logger - DEBUG - This is a debug message
2026-04-21 14:08:13,899 - performance_logger - DEBUG - This is a debug message
2026-04-21 14:08:13,900 - performance_logger - DEBUG - This is a debug message
2026-04-21 14:08:13,900 - performance_logger - DEBUG - This is a debug message
2026-04-21 14:08:13,901 - performance_logger - DEBUG - This is a debug message
2026-04-21 14:08:13,906 - performance_logger - DEBUG - This is a debug message
2026-04-21 14:08:13,907 - performance_logger - DEBUG - This is a debug message
2026-04-21 14:08:13,908 - performance_logger - DEBUG - This is a debug message
2026-04-21 14:08:13,912 - performance_logger - DEBUG - This is a debug message
2026-04-21 14:08:13,913 - performance_logger - DEBUG - This is a debug message
2026-04-21 14:08:13,914 - performance_logger - DEBUG - This is a debug message
2026-04-21 14:08:13,918 - performance_logger - DEBUG - This is a debug message
2026-04-21 14:08:13,925 - performance_logger - DEBUG - This is a debug message
2026-04-21 14:08:13,927 - performance_logger - DEBUG - This is a debug message
2026-04-21 14:08:13,939 - performance_logger - DEBUG - This is a debug message
2026-04-21 14:08:13,942 - performance_logger - DEBUG - This is a debug message
2026-04-21 14:08:13,948 - performance_logger - DEBUG - This is a debug message
2026-04-21 14:08:13,954 - performance_logger - DEBUG - This is a debug message
2026-04-21 14:08:13,960 - performance_logger - DEBUG - This is a debug message
2026-04-21 14:08:13,961 - performance_logger - DEBUG - This is a debug message
2026-04-21 14:08:13,970 - performance_logger - DEBUG - This is a debug message
2026-04-21 14:08:13,974 - performance_logger - DEBUG - This is a debug message
2026-04-21 14:08:13,976 - performance_logger - DEBUG - This is a debug message
2026-04-21 14:08:13,986 - performance_logger - DEBUG - This is a debug message
2026-04-21 14:08:13,989 - performance_logger - DEBUG - This is a debug message
2026-04-21 14:08:13,999 - performance_logger - DEBUG - This is a debug message
2026-04-21 14:08:14,003 - performance_logger - DEBUG - This is a debug message
2026-04-21 14:08:14,013 - performance_logger - DEBUG - This is a debug message
2026-04-21 14:08:14,015 - performance_logger - DEBUG - This is a debug message
2026-04-21 14:08:14,018 - performance_logger - DEBUG - This is a debug message
2026-04-21 14:08:14,023 - performance_logger - DEBUG - This is a debug message
2026-04-21 14:08:14,029 - performance_logger - DEBUG - This is a debug message
2026-04-21 14:08:14,035 - performance_logger - DEBUG - This is a debug message
2026-04-21 14:08:14,039 - performance_logger - DEBUG - This is a debug message
2026-04-21 14:08:14,041 - performance_logger - DEBUG - This is a debug message
2026-04-21 14:08:14,043 - performance_logger - DEBUG - This is a debug message
2026-04-21 14:08:14,052 - performance_logger - DEBUG - This is a debug message
2026-04-21 14:08:14,056 - performance_logger - DEBUG - This is a debug message
2026-04-21 14:08:14,060 - performance_logger - DEBUG - This is a debug message
2026-04-21 14:08:14,065 - performance_logger - DEBUG - This is a debug message
2026-04-21 14:08:14,069 - performance_logger - DEBUG - This is a debug message
2026-04-21 14:08:14,071 - performance_logger - DEBUG - This is a debug message
2026-04-21 14:08:14,071 - performance_logger - DEBUG - This is a debug message
2026-04-21 14:08:14,073 - performance_logger - DEBUG - This is a debug message
2026-04-21 14:08:14,073 - performance_logger - DEBUG - This is a debug message
2026-04-21 14:08:14,075 - performance_logger - DEBUG - This is a debug message
2026-04-21 14:08:14,076 - performance_logger - DEBUG - This is a debug message
2026-04-21 14:08:14,077 - performance_logger - DEBUG - This is a debug message
2026-04-21 14:08:14,078 - performance_logger - DEBUG - This is a debug message
2026-04-21 14:08:14,079 - performance_logger - DEBUG - This is a debug message
2026-04-21 14:08:14,080 - performance_logger - DEBUG - This is a debug message
2026-04-21 14:08:14,081 - performance_logger - DEBUG - This is a debug message
2026-04-21 14:08:14,083 - performance_logger - DEBUG - This is a debug message
2026-04-21 14:08:14,085 - performance_logger - DEBUG - This is a debug message
2026-04-21 14:08:14,089 - performance_logger - DEBUG - This is a debug message
2026-04-21 14:08:14,090 - performance_logger - DEBUG - This is a debug message
2026-04-21 14:08:14,091 - performance_logger - DEBUG - This is a debug message
2026-04-21 14:08:14,091 - performance_logger - DEBUG - This is a debug message
2026-04-21 14:08:14,092 - performance_logger - DEBUG - This is a debug message
2026-04-21 14:08:14,093 - performance_logger - DEBUG - This is a debug message
2026-04-21 14:08:14,095 - performance_logger - DEBUG - This is a debug message
2026-04-21 14:08:14,096 - performance_logger - DEBUG - This is a debug message
2026-04-21 14:08:14,097 - performance_logger - DEBUG - This is a debug message
2026-04-21 14:08:14,098 - performance_logger - DEBUG - This is a debug message
2026-04-21 14:08:14,099 - performance_logger - DEBUG - This is a debug message
2026-04-21 14:08:14,101 - performance_logger - DEBUG - This is a debug message
2026-04-21 14:08:14,102 - performance_logger - DEBUG - This is a debug message
2026-04-21 14:08:14,103 - performance_logger - DEBUG - This is a debug message
2026-04-21 14:08:14,106 - performance_logger - DEBUG - This is a debug message
2026-04-21 14:08:14,107 - performance_logger - DEBUG - This is a debug message
2026-04-21 14:08:14,110 - performance_logger - DEBUG - This is a debug message
2026-04-21 14:08:14,111 - performance_logger - DEBUG - This is a debug message
2026-04-21 14:08:14,112 - performance_logger - DEBUG - This is a debug message
2026-04-21 14:08:14,113 - performance_logger - DEBUG - This is a debug message
2026-04-21 14:08:14,115 - performance_logger - DEBUG - This is a debug message
2026-04-21 14:08:14,116 - performance_logger - DEBUG - This is a debug message
2026-04-21 14:08:14,117 - performance_logger - DEBUG - This is a debug message
2026-04-21 14:08:14,117 - performance_logger - DEBUG - This is a debug message
2026-04-21 14:08:14,118 - performance_logger - DEBUG - This is a debug message
2026-04-21 14:08:14,119 - performance_logger - DEBUG - This is a debug message
2026-04-21 14:08:14,121 - performance_logger - DEBUG - This is a debug message
2026-04-21 14:08:14,122 - performance_logger - DEBUG - This is a debug message
2026-04-21 14:08:14,123 - performance_logger - DEBUG - This is a debug message
2026-04-21 14:08:14,124 - performance_logger - DEBUG - This is a debug message
2026-04-21 14:08:14,125 - performance_logger - DEBUG - This is a debug message
2026-04-21 14:08:14,127 - performance_logger - DEBUG - This is a debug message
2026-04-21 14:08:14,128 - performance_logger - DEBUG - This is a debug message
2026-04-21 14:08:14,129 - performance_logger - DEBUG - This is a debug message
2026-04-21 14:08:14,130 - performance_logger - DEBUG - This is a debug message
2026-04-21 14:08:14,131 - performance_logger - DEBUG - This is a debug message
2026-04-21 14:08:14,132 - performance_logger - DEBUG - This is a debug message
2026-04-21 14:08:14,132 - performance_logger - DEBUG - This is a debug message
2026-04-21 14:08:14,135 - performance_logger - DEBUG - This is a debug message
2026-04-21 14:08:14,137 - performance_logger - DEBUG - This is a debug message
2026-04-21 14:08:14,138 - performance_logger - DEBUG - This is a debug message
2026-04-21 14:08:14,139 - performance_logger - DEBUG - This is a debug message
2026-04-21 14:08:14,140 - performance_logger - DEBUG - This is a debug message
2026-04-21 14:08:14,141 - performance_logger - DEBUG - This is a debug message
2026-04-21 14:08:14,142 - performance_logger - DEBUG - This is a debug message
2026-04-21 14:08:14,143 - performance_logger - DEBUG - This is a debug message
2026-04-21 14:08:14,144 - performance_logger - DEBUG - This is a debug message
2026-04-21 14:08:14,149 - performance_logger - DEBUG - This is a debug message
2026-04-21 14:08:14,151 - performance_logger - DEBUG - This is a debug message
2026-04-21 14:08:14,153 - performance_logger - DEBUG - This is a debug message
2026-04-21 14:08:14,155 - performance_logger - DEBUG - This is a debug message
2026-04-21 14:08:14,160 - performance_logger - DEBUG - This is a debug message
2026-04-21 14:08:14,161 - performance_logger - DEBUG - This is a debug message
2026-04-21 14:08:14,165 - performance_logger - DEBUG - This is a debug message
2026-04-21 14:08:14,166 - performance_logger - DEBUG - This is a debug message
2026-04-21 14:08:14,168 - performance_logger - DEBUG - This is a debug message
2026-04-21 14:08:14,173 - performance_logger - DEBUG - This is a debug message
2026-04-21 14:08:14,175 - performance_logger - DEBUG - This is a debug message
2026-04-21 14:08:14,177 - performance_logger - DEBUG - This is a debug message
2026-04-21 14:08:14,182 - performance_logger - DEBUG - This is a debug message
2026-04-21 14:08:14,184 - performance_logger - DEBUG - This is a debug message
2026-04-21 14:08:14,188 - performance_logger - DEBUG - This is a debug message
2026-04-21 14:08:14,190 - performance_logger - DEBUG - This is a debug message
2026-04-21 14:08:14,194 - performance_logger - DEBUG - This is a debug message
2026-04-21 14:08:14,195 - performance_logger - DEBUG - This is a debug message
2026-04-21 14:08:14,196 - performance_logger - DEBUG - This is a debug message
2026-04-21 14:08:14,198 - performance_logger - DEBUG - This is a debug message
2026-04-21 14:08:14,200 - performance_logger - DEBUG - This is a debug message
2026-04-21 14:08:14,202 - performance_logger - DEBUG - This is a debug message
2026-04-21 14:08:14,203 - performance_logger - DEBUG - This is a debug message
2026-04-21 14:08:14,204 - performance_logger - DEBUG - This is a debug message
2026-04-21 14:08:14,204 - performance_logger - DEBUG - This is a debug message
2026-04-21 14:08:14,205 - performance_logger - DEBUG - This is a debug message
2026-04-21 14:08:14,206 - performance_logger - DEBUG - This is a debug message
2026-04-21 14:08:14,208 - performance_logger - DEBUG - This is a debug message
2026-04-21 14:08:14,209 - performance_logger - DEBUG - This is a debug message
2026-04-21 14:08:14,210 - performance_logger - DEBUG - This is a debug message
2026-04-21 14:08:14,211 - performance_logger - DEBUG - This is a debug message
2026-04-21 14:08:14,212 - performance_logger - DEBUG - This is a debug message
2026-04-21 14:08:14,215 - performance_logger - DEBUG - This is a debug message
2026-04-21 14:08:14,217 - performance_logger - DEBUG - This is a debug message
2026-04-21 14:08:14,218 - performance_logger - DEBUG - This is a debug message
2026-04-21 14:08:14,219 - performance_logger - DEBUG - This is a debug message
2026-04-21 14:08:14,220 - performance_logger - DEBUG - This is a debug message
2026-04-21 14:08:14,221 - performance_logger - DEBUG - This is a debug message
2026-04-21 14:08:14,222 - performance_logger - DEBUG - This is a debug message
2026-04-21 14:08:14,224 - performance_logger - DEBUG - This is a debug message
2026-04-21 14:08:14,225 - performance_logger - DEBUG - This is a debug message
2026-04-21 14:08:14,227 - performance_logger - DEBUG - This is a debug message
2026-04-21 14:08:14,228 - performance_logger - DEBUG - This is a debug message
2026-04-21 14:08:14,230 - performance_logger - DEBUG - This is a debug message
2026-04-21 14:08:14,231 - performance_logger - DEBUG - This is a debug message
2026-04-21 14:08:14,233 - performance_logger - DEBUG - This is a debug message
2026-04-21 14:08:14,234 - performance_logger - DEBUG - This is a debug message
2026-04-21 14:08:14,235 - performance_logger - DEBUG - This is a debug message
2026-04-21 14:08:14,236 - performance_logger - DEBUG - This is a debug message
2026-04-21 14:08:14,238 - performance_logger - DEBUG - This is a debug message
2026-04-21 14:08:14,238 - performance_logger - DEBUG - This is a debug message
2026-04-21 14:08:14,240 - performance_logger - DEBUG - This is a debug message
2026-04-21 14:08:14,242 - performance_logger - DEBUG - This is a debug message
2026-04-21 14:08:14,245 - performance_logger - DEBUG - This is a debug message
2026-04-21 14:08:14,246 - performance_logger - DEBUG - This is a debug message
2026-04-21 14:08:14,249 - performance_logger - DEBUG - This is a debug message
2026-04-21 14:08:14,250 - performance_logger - DEBUG - This is a debug message
2026-04-21 14:08:14,251 - performance_logger - DEBUG - This is a debug message
2026-04-21 14:08:14,252 - performance_logger - DEBUG - This is a debug message
2026-04-21 14:08:14,255 - performance_logger - DEBUG - This is a debug message
2026-04-21 14:08:14,257 - performance_logger - DEBUG - This is a debug message
2026-04-21 14:08:14,262 - performance_logger - DEBUG - This is a debug message
2026-04-21 14:08:14,265 - performance_logger - DEBUG - This is a debug message
2026-04-21 14:08:14,269 - performance_logger - DEBUG - This is a debug message
2026-04-21 14:08:14,270 - performance_logger - DEBUG - This is a debug message
2026-04-21 14:08:14,273 - performance_logger - DEBUG - This is a debug message
2026-04-21 14:08:14,274 - performance_logger - DEBUG - This is a debug message
2026-04-21 14:08:14,275 - performance_logger - DEBUG - This is a debug message
2026-04-21 14:08:14,278 - performance_logger - DEBUG - This is a debug message
2026-04-21 14:08:14,281 - performance_logger - DEBUG - This is a debug message
2026-04-21 14:08:14,282 - performance_logger - DEBUG - This is a debug message
2026-04-21 14:08:14,284 - performance_logger - DEBUG - This is a debug message
2026-04-21 14:08:14,285 - performance_logger - DEBUG - This is a debug message
2026-04-21 14:08:14,286 - performance_logger - DEBUG - This is a debug message
2026-04-21 14:08:14,288 - performance_logger - DEBUG - This is a debug message
2026-04-21 14:08:14,289 - performance_logger - DEBUG - This is a debug message
2026-04-21 14:08:14,292 - performance_logger - DEBUG - This is a debug message
2026-04-21 14:08:14,293 - performance_logger - DEBUG - This is a debug message
2026-04-21 14:08:14,295 - performance_logger - DEBUG - This is a debug message
2026-04-21 14:08:14,296 - performance_logger - DEBUG - This is a debug message
2026-04-21 14:08:14,297 - performance_logger - DEBUG - This is a debug message
2026-04-21 14:08:14,300 - performance_logger - DEBUG - This is a debug message
2026-04-21 14:08:14,303 - performance_logger - DEBUG - This is a debug message
2026-04-21 14:08:14,307 - performance_logger - DEBUG - This is a debug message
2026-04-21 14:08:14,311 - performance_logger - DEBUG - This is a debug message
2026-04-21 14:08:14,312 - performance_logger - DEBUG - This is a debug message
2026-04-21 14:08:14,315 - performance_logger - DEBUG - This is a debug message
2026-04-21 14:08:14,316 - performance_logger - DEBUG - This is a debug message
2026-04-21 14:08:14,317 - performance_logger - DEBUG - This is a debug message
2026-04-21 14:08:14,318 - performance_logger - DEBUG - This is a debug message
2026-04-21 14:08:14,319 - performance_logger - DEBUG - This is a debug message
2026-04-21 14:08:14,320 - performance_logger - DEBUG - This is a debug message
2026-04-21 14:08:14,322 - performance_logger - DEBUG - This is a debug message
2026-04-21 14:08:14,325 - performance_logger - DEBUG - This is a debug message
2026-04-21 14:08:14,326 - performance_logger - DEBUG - This is a debug message
2026-04-21 14:08:14,328 - performance_logger - DEBUG - This is a debug message
2026-04-21 14:08:14,331 - performance_logger - DEBUG - This is a debug message
2026-04-21 14:08:14,336 - performance_logger - DEBUG - This is a debug message
2026-04-21 14:08:14,343 - performance_logger - DEBUG - This is a debug message
2026-04-21 14:08:14,345 - performance_logger - DEBUG - This is a debug message
2026-04-21 14:08:14,346 - performance_logger - DEBUG - This is a debug message
2026-04-21 14:08:14,351 - performance_logger - DEBUG - This is a debug message
2026-04-21 14:08:14,352 - performance_logger - DEBUG - This is a debug message
2026-04-21 14:08:14,359 - performance_logger - DEBUG - This is a debug message
2026-04-21 14:08:14,361 - performance_logger - DEBUG - This is a debug message
2026-04-21 14:08:14,362 - performance_logger - DEBUG - This is a debug message
2026-04-21 14:08:14,364 - performance_logger - DEBUG - This is a debug message
2026-04-21 14:08:14,367 - performance_logger - DEBUG - This is a debug message
2026-04-21 14:08:14,371 - performance_logger - DEBUG - This is a debug message
2026-04-21 14:08:14,373 - performance_logger - DEBUG - This is a debug message
2026-04-21 14:08:14,378 - performance_logger - DEBUG - This is a debug message
2026-04-21 14:08:14,381 - performance_logger - DEBUG - This is a debug message
2026-04-21 14:08:14,384 - performance_logger - DEBUG - This is a debug message
2026-04-21 14:08:14,388 - performance_logger - DEBUG - This is a debug message
2026-04-21 14:08:14,390 - performance_logger - DEBUG - This is a debug message
2026-04-21 14:08:14,398 - performance_logger - DEBUG - This is a debug message
2026-04-21 14:08:14,401 - performance_logger - DEBUG - This is a debug message
2026-04-21 14:08:14,408 - performance_logger - DEBUG - This is a debug message
2026-04-21 14:08:14,418 - performance_logger - DEBUG - This is a debug message
2026-04-21 14:08:14,420 - performance_logger - DEBUG - This is a debug message
2026-04-21 14:08:14,423 - performance_logger - DEBUG - This is a debug message
2026-04-21 14:08:14,431 - performance_logger - DEBUG - This is a debug message
2026-04-21 14:08:14,435 - performance_logger - DEBUG - This is a debug message
2026-04-21 14:08:14,439 - performance_logger - DEBUG - This is a debug message
2026-04-21 14:08:14,448 - performance_logger - DEBUG - This is a debug message
2026-04-21 14:08:14,452 - performance_logger - DEBUG - This is a debug message
2026-04-21 14:08:14,456 - performance_logger - DEBUG - This is a debug message
2026-04-21 14:08:14,463 - performance_logger - DEBUG - This is a debug message
2026-04-21 14:08:14,467 - performance_logger - DEBUG - This is a debug message
2026-04-21 14:08:14,480 - performance_logger - DEBUG - This is a debug message
2026-04-21 14:08:14,483 - performance_logger - DEBUG - This is a debug message
2026-04-21 14:08:14,486 - performance_logger - DEBUG - This is a debug message
2026-04-21 14:08:14,494 - performance_logger - DEBUG - This is a debug message
2026-04-21 14:08:14,498 - performance_logger - DEBUG - This is a debug message
2026-04-21 14:08:14,501 - performance_logger - DEBUG - This is a debug message
2026-04-21 14:08:14,514 - performance_logger - DEBUG - This is a debug message
2026-04-21 14:08:14,522 - performance_logger - DEBUG - This is a debug message
2026-04-21 14:08:14,528 - performance_logger - DEBUG - This is a debug message
2026-04-21 14:08:14,531 - performance_logger - DEBUG - This is a debug message
2026-04-21 14:08:14,538 - performance_logger - DEBUG - This is a debug message
2026-04-21 14:08:14,543 - performance_logger - DEBUG - This is a debug message
2026-04-21 14:08:14,551 - performance_logger - DEBUG - This is a debug message
2026-04-21 14:08:14,555 - performance_logger - DEBUG - This is a debug message
2026-04-21 14:08:14,563 - performance_logger - DEBUG - This is a debug message
2026-04-21 14:08:14,567 - performance_logger - DEBUG - This is a debug message
2026-04-21 14:08:14,575 - performance_logger - DEBUG - This is a debug message
2026-04-21 14:08:14,580 - performance_logger - DEBUG - This is a debug message
2026-04-21 14:08:14,588 - performance_logger - DEBUG - This is a debug message
2026-04-21 14:08:14,595 - performance_logger - DEBUG - This is a debug message
2026-04-21 14:08:14,601 - performance_logger - DEBUG - This is a debug message
2026-04-21 14:08:14,606 - performance_logger - DEBUG - This is a debug message
2026-04-21 14:08:14,614 - performance_logger - DEBUG - This is a debug message
2026-04-21 14:08:14,631 - performance_logger - DEBUG - This is a debug message
2026-04-21 14:08:14,637 - performance_logger - DEBUG - This is a debug message
2026-04-21 14:08:14,644 - performance_logger - DEBUG - This is a debug message
2026-04-21 14:08:14,648 - performance_logger - DEBUG - This is a debug message
2026-04-21 14:08:14,652 - performance_logger - DEBUG - This is a debug message
2026-04-21 14:08:14,661 - performance_logger - DEBUG - This is a debug message
2026-04-21 14:08:14,667 - performance_logger - DEBUG - This is a debug message
2026-04-21 14:08:14,671 - performance_logger - DEBUG - This is a debug message
2026-04-21 14:08:14,678 - performance_logger - DEBUG - This is a debug message
2026-04-21 14:08:14,683 - performance_logger - DEBUG - This is a debug message
2026-04-21 14:08:14,687 - performance_logger - DEBUG - This is a debug message
2026-04-21 14:08:14,691 - performance_logger - DEBUG - This is a debug message
2026-04-21 14:08:14,697 - performance_logger - DEBUG - This is a debug message
2026-04-21 14:08:14,701 - performance_logger - DEBUG - This is a debug message
2026-04-21 14:08:14,707 - performance_logger - DEBUG - This is a debug message
2026-04-21 14:08:14,715 - performance_logger - DEBUG - This is a debug message
2026-04-21 14:08:14,717 - performance_logger - DEBUG - This is a debug message
2026-04-21 14:08:14,720 - performance_logger - DEBUG - This is a debug message
2026-04-21 14:08:14,727 - performance_logger - DEBUG - This is a debug message
2026-04-21 14:08:14,729 - performance_logger - DEBUG - This is a debug message
2026-04-21 14:08:14,738 - performance_logger - DEBUG - This is a debug message
2026-04-21 14:08:14,740 - performance_logger - DEBUG - This is a debug message
2026-04-21 14:08:14,750 - performance_logger - DEBUG - This is a debug message
2026-04-21 14:08:14,755 - performance_logger - DEBUG - This is a debug message
2026-04-21 14:08:14,764 - performance_logger - DEBUG - This is a debug message
2026-04-21 14:08:14,770 - performance_logger - DEBUG - This is a debug message
2026-04-21 14:08:14,778 - performance_logger - DEBUG - This is a debug message
2026-04-21 14:08:14,780 - performance_logger - DEBUG - This is a debug message
2026-04-21 14:08:14,788 - performance_logger - DEBUG - This is a debug message
2026-04-21 14:08:14,791 - performance_logger - DEBUG - This is a debug message
2026-04-21 14:08:14,798 - performance_logger - DEBUG - This is a debug message
2026-04-21 14:08:14,803 - performance_logger - DEBUG - This is a debug message
2026-04-21 14:08:14,810 - performance_logger - DEBUG - This is a debug message
2026-04-21 14:08:14,816 - performance_logger - DEBUG - This is a debug message
2026-04-21 14:08:14,821 - performance_logger - DEBUG - This is a debug message
2026-04-21 14:08:14,825 - performance_logger - DEBUG - This is a debug message
2026-04-21 14:08:14,835 - performance_logger - DEBUG - This is a debug message
2026-04-21 14:08:14,841 - performance_logger - DEBUG - This is a debug message
2026-04-21 14:08:14,842 - performance_logger - DEBUG - This is a debug message
2026-04-21 14:08:14,846 - performance_logger - DEBUG - This is a debug message
2026-04-21 14:08:14,852 - performance_logger - DEBUG - This is a debug message
2026-04-21 14:08:14,854 - performance_logger - DEBUG - This is a debug message
2026-04-21 14:08:14,856 - performance_logger - DEBUG - This is a debug message
2026-04-21 14:08:14,858 - performance_logger - DEBUG - This is a debug message
2026-04-21 14:08:14,862 - performance_logger - DEBUG - This is a debug message
2026-04-21 14:08:14,865 - performance_logger - DEBUG - This is a debug message
2026-04-21 14:08:14,870 - performance_logger - DEBUG - This is a debug message
2026-04-21 14:08:14,876 - performance_logger - DEBUG - This is a debug message
2026-04-21 14:08:14,881 - performance_logger - DEBUG - This is a debug message
2026-04-21 14:08:14,884 - performance_logger - DEBUG - This is a debug message
2026-04-21 14:08:14,887 - performance_logger - DEBUG - This is a debug message
2026-04-21 14:08:14,893 - performance_logger - DEBUG - This is a debug message
2026-04-21 14:08:14,896 - performance_logger - DEBUG - This is a debug message
2026-04-21 14:08:14,900 - performance_logger - DEBUG - This is a debug message
2026-04-21 14:08:14,906 - performance_logger - DEBUG - This is a debug message
2026-04-21 14:08:14,909 - performance_logger - DEBUG - This is a debug message
2026-04-21 14:08:14,915 - performance_logger - DEBUG - This is a debug message
2026-04-21 14:08:14,918 - performance_logger - DEBUG - This is a debug message
2026-04-21 14:08:14,920 - performance_logger - DEBUG - This is a debug message
2026-04-21 14:08:14,922 - performance_logger - DEBUG - This is a debug message
2026-04-21 14:08:14,923 - performance_logger - DEBUG - This is a debug message
2026-04-21 14:08:14,925 - performance_logger - DEBUG - This is a debug message
2026-04-21 14:08:14,928 - performance_logger - DEBUG - This is a debug message
2026-04-21 14:08:14,932 - performance_logger - DEBUG - This is a debug message
2026-04-21 14:08:14,936 - performance_logger - DEBUG - This is a debug message
2026-04-21 14:08:14,938 - performance_logger - DEBUG - This is a debug message
2026-04-21 14:08:14,940 - performance_logger - DEBUG - This is a debug message
2026-04-21 14:08:14,941 - performance_logger - DEBUG - This is a debug message
2026-04-21 14:08:14,947 - performance_logger - DEBUG - This is a debug message
2026-04-21 14:08:14,949 - performance_logger - DEBUG - This is a debug message
2026-04-21 14:08:14,952 - performance_logger - DEBUG - This is a debug message
2026-04-21 14:08:14,953 - performance_logger - DEBUG - This is a debug message
2026-04-21 14:08:14,956 - performance_logger - DEBUG - This is a debug message
2026-04-21 14:08:14,966 - performance_logger - DEBUG - This is a debug message
2026-04-21 14:08:14,969 - performance_logger - DEBUG - This is a debug message
2026-04-21 14:08:14,975 - performance_logger - DEBUG - This is a debug message
2026-04-21 14:08:14,977 - performance_logger - DEBUG - This is a debug message
2026-04-21 14:08:14,985 - performance_logger - DEBUG - This is a debug message
2026-04-21 14:08:14,986 - performance_logger - DEBUG - This is a debug message
2026-04-21 14:08:14,989 - performance_logger - DEBUG - This is a debug message
2026-04-21 14:08:14,990 - performance_logger - DEBUG - This is a debug message
2026-04-21 14:08:14,998 - performance_logger - DEBUG - This is a debug message
2026-04-21 14:08:15,003 - performance_logger - DEBUG - This is a debug message
2026-04-21 14:08:15,009 - performance_logger - DEBUG - This is a debug message
2026-04-21 14:08:15,013 - performance_logger - DEBUG - This is a debug message
2026-04-21 14:08:15,022 - performance_logger - DEBUG - This is a debug message
2026-04-21 14:08:15,025 - performance_logger - DEBUG - This is a debug message
2026-04-21 14:08:15,029 - performance_logger - DEBUG - This is a debug message
2026-04-21 14:08:15,037 - performance_logger - DEBUG - This is a debug message
2026-04-21 14:08:15,039 - performance_logger - DEBUG - This is a debug message
2026-04-21 14:08:15,041 - performance_logger - DEBUG - This is a debug message
2026-04-21 14:08:15,047 - performance_logger - DEBUG - This is a debug message
2026-04-21 14:08:15,049 - performance_logger - DEBUG - This is a debug message
2026-04-21 14:08:15,053 - performance_logger - DEBUG - This is a debug message
2026-04-21 14:08:15,058 - performance_logger - DEBUG - This is a debug message
2026-04-21 14:08:15,066 - performance_logger - DEBUG - This is a debug message
2026-04-21 14:08:15,067 - performance_logger - DEBUG - This is a debug message
2026-04-21 14:08:15,071 - performance_logger - DEBUG - This is a debug message
2026-04-21 14:08:15,078 - performance_logger - DEBUG - This is a debug message
2026-04-21 14:08:15,080 - performance_logger - DEBUG - This is a debug message
2026-04-21 14:08:15,087 - performance_logger - DEBUG - This is a debug message
2026-04-21 14:08:15,088 - performance_logger - DEBUG - This is a debug message
2026-04-21 14:08:15,093 - performance_logger - DEBUG - This is a debug message
2026-04-21 14:08:15,100 - performance_logger - DEBUG - This is a debug message
2026-04-21 14:08:15,104 - performance_logger - DEBUG - This is a debug message
2026-04-21 14:08:15,106 - performance_logger - DEBUG - This is a debug message
2026-04-21 14:08:15,114 - performance_logger - DEBUG - This is a debug message
2026-04-21 14:08:15,121 - performance_logger - DEBUG - This is a debug message
2026-04-21 14:08:15,125 - performance_logger - DEBUG - This is a debug message
2026-04-21 14:08:15,131 - performance_logger - DEBUG - This is a debug message
2026-04-21 14:08:15,133 - performance_logger - DEBUG - This is a debug message
2026-04-21 14:08:15,137 - performance_logger - DEBUG - This is a debug message
2026-04-21 14:08:15,139 - performance_logger - DEBUG - This is a debug message
2026-04-21 14:08:15,146 - performance_logger - DEBUG - This is a debug message
2026-04-21 14:08:15,148 - performance_logger - DEBUG - This is a debug message
2026-04-21 14:08:15,154 - performance_logger - DEBUG - This is a debug message
2026-04-21 14:08:15,157 - performance_logger - DEBUG - This is a debug message
2026-04-21 14:08:15,168 - performance_logger - DEBUG - This is a debug message
2026-04-21 14:08:15,173 - performance_logger - DEBUG - This is a debug message
2026-04-21 14:08:15,174 - performance_logger - DEBUG - This is a debug message
2026-04-21 14:08:15,181 - performance_logger - DEBUG - This is a debug message
2026-04-21 14:08:15,184 - performance_logger - DEBUG - This is a debug message
2026-04-21 14:08:15,190 - performance_logger - DEBUG - This is a debug message
2026-04-21 14:08:15,196 - performance_logger - DEBUG - This is a debug message
2026-04-21 14:08:15,199 - performance_logger - DEBUG - This is a debug message
2026-04-21 14:08:15,202 - performance_logger - DEBUG - This is a debug message
2026-04-21 14:08:15,202 - performance_logger - DEBUG - This is a debug message
2026-04-21 14:08:15,203 - performance_logger - DEBUG - This is a debug message
2026-04-21 14:08:15,205 - performance_logger - DEBUG - This is a debug message
2026-04-21 14:08:15,205 - performance_logger - DEBUG - This is a debug message
2026-04-21 14:08:15,206 - performance_logger - DEBUG - This is a debug message
2026-04-21 14:08:15,207 - performance_logger - DEBUG - This is a debug message
2026-04-21 14:08:15,208 - performance_logger - DEBUG - This is a debug message
2026-04-21 14:08:15,212 - performance_logger - DEBUG - This is a debug message
2026-04-21 14:08:15,216 - performance_logger - DEBUG - This is a debug message
2026-04-21 14:08:15,219 - performance_logger - DEBUG - This is a debug message
2026-04-21 14:08:15,220 - performance_logger - DEBUG - This is a debug message
2026-04-21 14:08:15,220 - performance_logger - DEBUG - This is a debug message
2026-04-21 14:08:15,222 - performance_logger - DEBUG - This is a debug message
2026-04-21 14:08:15,222 - performance_logger - DEBUG - This is a debug message
2026-04-21 14:08:15,223 - performance_logger - DEBUG - This is a debug message
2026-04-21 14:08:15,224 - performance_logger - DEBUG - This is a debug message
2026-04-21 14:08:15,229 - performance_logger - DEBUG - This is a debug message
2026-04-21 14:08:15,233 - performance_logger - DEBUG - This is a debug message
2026-04-21 14:08:15,236 - performance_logger - DEBUG - This is a debug message
2026-04-21 14:08:15,237 - performance_logger - DEBUG - This is a debug message
2026-04-21 14:08:15,238 - performance_logger - DEBUG - This is a debug message
2026-04-21 14:08:15,240 - performance_logger - DEBUG - This is a debug message
2026-04-21 14:08:15,241 - performance_logger - DEBUG - This is a debug message
2026-04-21 14:08:15,246 - performance_logger - DEBUG - This is a debug message
2026-04-21 14:08:15,251 - performance_logger - DEBUG - This is a debug message
2026-04-21 14:08:15,255 - performance_logger - DEBUG - This is a debug message
2026-04-21 14:08:15,257 - performance_logger - DEBUG - This is a debug message
2026-04-21 14:08:15,259 - performance_logger - DEBUG - This is a debug message
2026-04-21 14:08:15,261 - performance_logger - DEBUG - This is a debug message
2026-04-21 14:08:15,262 - performance_logger - DEBUG - This is a debug message
2026-04-21 14:08:15,264 - performance_logger - DEBUG - This is a debug message
2026-04-21 14:08:15,265 - performance_logger - DEBUG - This is a debug message
2026-04-21 14:08:15,267 - performance_logger - DEBUG - This is a debug message
2026-04-21 14:08:15,269 - performance_logger - DEBUG - This is a debug message
2026-04-21 14:08:15,271 - performance_logger - DEBUG - This is a debug message
2026-04-21 14:08:15,273 - performance_logger - DEBUG - This is a debug message
2026-04-21 14:08:15,275 - performance_logger - DEBUG - This is a debug message
2026-04-21 14:08:15,277 - performance_logger - DEBUG - This is a debug message
2026-04-21 14:08:15,279 - performance_logger - DEBUG - This is a debug message
2026-04-21 14:08:15,280 - performance_logger - DEBUG - This is a debug message
2026-04-21 14:08:15,282 - performance_logger - DEBUG - This is a debug message
2026-04-21 14:08:15,283 - performance_logger - DEBUG - This is a debug message
2026-04-21 14:08:15,286 - performance_logger - DEBUG - This is a debug message
2026-04-21 14:08:15,287 - performance_logger - DEBUG - This is a debug message
2026-04-21 14:08:15,289 - performance_logger - DEBUG - This is a debug message
2026-04-21 14:08:15,290 - performance_logger - DEBUG - This is a debug message
2026-04-21 14:08:15,292 - performance_logger - DEBUG - This is a debug message
2026-04-21 14:08:15,294 - performance_logger - DEBUG - This is a debug message
2026-04-21 14:08:15,296 - performance_logger - DEBUG - This is a debug message
2026-04-21 14:08:15,297 - performance_logger - DEBUG - This is a debug message
2026-04-21 14:08:15,299 - performance_logger - DEBUG - This is a debug message
2026-04-21 14:08:15,301 - performance_logger - DEBUG - This is a debug message
2026-04-21 14:08:15,302 - performance_logger - DEBUG - This is a debug message
2026-04-21 14:08:15,304 - performance_logger - DEBUG - This is a debug message
2026-04-21 14:08:15,306 - performance_logger - DEBUG - This is a debug message
2026-04-21 14:08:15,307 - performance_logger - DEBUG - This is a debug message
2026-04-21 14:08:15,309 - performance_logger - DEBUG - This is a debug message
2026-04-21 14:08:15,311 - performance_logger - DEBUG - This is a debug message
2026-04-21 14:08:15,312 - performance_logger - DEBUG - This is a debug message
2026-04-21 14:08:15,314 - performance_logger - DEBUG - This is a debug message
2026-04-21 14:08:15,316 - performance_logger - DEBUG - This is a debug message
2026-04-21 14:08:15,317 - performance_logger - DEBUG - This is a debug message
2026-04-21 14:08:15,319 - performance_logger - DEBUG - This is a debug message
2026-04-21 14:08:15,321 - performance_logger - DEBUG - This is a debug message
2026-04-21 14:08:15,323 - performance_logger - DEBUG - This is a debug message
2026-04-21 14:08:15,324 - performance_logger - DEBUG - This is a debug message
2026-04-21 14:08:15,326 - performance_logger - DEBUG - This is a debug message
2026-04-21 14:08:15,327 - performance_logger - DEBUG - This is a debug message
2026-04-21 14:08:15,329 - performance_logger - DEBUG - This is a debug message
2026-04-21 14:08:15,331 - performance_logger - DEBUG - This is a debug message
2026-04-21 14:08:15,347 - performance_logger - DEBUG - This is a debug message
2026-04-21 14:08:15,350 - performance_logger - DEBUG - This is a debug message
2026-04-21 14:08:15,353 - performance_logger - DEBUG - This is a debug message
2026-04-21 14:08:15,360 - performance_logger - DEBUG - This is a debug message
2026-04-21 14:08:15,379 - performance_logger - DEBUG - This is a debug message
2026-04-21 14:08:15,388 - performance_logger - DEBUG - This is a debug message
2026-04-21 14:08:15,392 - performance_logger - DEBUG - This is a debug message
2026-04-21 14:08:15,397 - performance_logger - DEBUG - This is a debug message
2026-04-21 14:08:15,408 - performance_logger - DEBUG - This is a debug message
2026-04-21 14:08:15,414 - performance_logger - DEBUG - This is a debug message
2026-04-21 14:08:15,418 - performance_logger - DEBUG - This is a debug message
2026-04-21 14:08:15,428 - performance_logger - DEBUG - This is a debug message
2026-04-21 14:08:15,434 - performance_logger - DEBUG - This is a debug message
2026-04-21 14:08:15,438 - performance_logger - DEBUG - This is a debug message
2026-04-21 14:08:15,442 - performance_logger - DEBUG - This is a debug message
2026-04-21 14:08:15,448 - performance_logger - DEBUG - This is a debug message
2026-04-21 14:08:15,451 - performance_logger - DEBUG - This is a debug message
2026-04-21 14:08:15,458 - performance_logger - DEBUG - This is a debug message
2026-04-21 14:08:15,466 - performance_logger - DEBUG - This is a debug message
2026-04-21 14:08:15,467 - performance_logger - DEBUG - This is a debug message
2026-04-21 14:08:15,475 - performance_logger - DEBUG - This is a debug message
2026-04-21 14:08:15,477 - performance_logger - DEBUG - This is a debug message
2026-04-21 14:08:15,484 - performance_logger - DEBUG - This is a debug message
2026-04-21 14:08:15,485 - performance_logger - DEBUG - This is a debug message
2026-04-21 14:08:15,491 - performance_logger - DEBUG - This is a debug message
2026-04-21 14:08:15,493 - performance_logger - DEBUG - This is a debug message
2026-04-21 14:08:15,499 - performance_logger - DEBUG - This is a debug message
2026-04-21 14:08:15,504 - performance_logger - DEBUG - This is a debug message
2026-04-21 14:08:15,508 - performance_logger - DEBUG - This is a debug message
2026-04-21 14:08:15,512 - performance_logger - DEBUG - This is a debug message
2026-04-21 14:08:15,513 - performance_logger - DEBUG - This is a debug message
2026-04-21 14:08:15,514 - performance_logger - DEBUG - This is a debug message
2026-04-21 14:08:15,516 - performance_logger - DEBUG - This is a debug message
2026-04-21 14:08:15,516 - performance_logger - DEBUG - This is a debug message
2026-04-21 14:08:15,517 - performance_logger - DEBUG - This is a debug message
2026-04-21 14:08:15,518 - performance_logger - DEBUG - This is a debug message
2026-04-21 14:08:15,519 - performance_logger - DEBUG - This is a debug message
2026-04-21 14:08:15,520 - performance_logger - DEBUG - This is a debug message
2026-04-21 14:08:15,521 - performance_logger - DEBUG - This is a debug message
2026-04-21 14:08:15,522 - performance_logger - DEBUG - This is a debug message
2026-04-21 14:08:15,523 - performance_logger - DEBUG - This is a debug message
2026-04-21 14:08:15,524 - performance_logger - DEBUG - This is a debug message
2026-04-21 14:08:15,525 - performance_logger - DEBUG - This is a debug message
2026-04-21 14:08:15,528 - performance_logger - DEBUG - This is a debug message
2026-04-21 14:08:15,531 - performance_logger - DEBUG - This is a debug message
2026-04-21 14:08:15,532 - performance_logger - DEBUG - This is a debug message
2026-04-21 14:08:15,533 - performance_logger - DEBUG - This is a debug message
2026-04-21 14:08:15,534 - performance_logger - DEBUG - This is a debug message
2026-04-21 14:08:15,535 - performance_logger - DEBUG - This is a debug message
2026-04-21 14:08:15,538 - performance_logger - DEBUG - This is a debug message
2026-04-21 14:08:15,539 - performance_logger - DEBUG - This is a debug message
2026-04-21 14:08:15,539 - performance_logger - DEBUG - This is a debug message
2026-04-21 14:08:15,540 - performance_logger - DEBUG - This is a debug message
2026-04-21 14:08:15,541 - performance_logger - DEBUG - This is a debug message
2026-04-21 14:08:15,541 - performance_logger - DEBUG - This is a debug message
2026-04-21 14:08:15,542 - performance_logger - DEBUG - This is a debug message
2026-04-21 14:08:15,545 - performance_logger - DEBUG - This is a debug message
2026-04-21 14:08:15,545 - performance_logger - DEBUG - This is a debug message
2026-04-21 14:08:15,546 - performance_logger - DEBUG - This is a debug message
2026-04-21 14:08:15,547 - performance_logger - DEBUG - This is a debug message
2026-04-21 14:08:15,549 - performance_logger - DEBUG - This is a debug message
2026-04-21 14:08:15,550 - performance_logger - DEBUG - This is a debug message
2026-04-21 14:08:15,551 - performance_logger - DEBUG - This is a debug message
2026-04-21 14:08:15,551 - performance_logger - DEBUG - This is a debug message
2026-04-21 14:08:15,552 - performance_logger - DEBUG - This is a debug message
2026-04-21 14:08:15,553 - performance_logger - DEBUG - This is a debug message
2026-04-21 14:08:15,555 - performance_logger - DEBUG - This is a debug message
2026-04-21 14:08:15,556 - performance_logger - DEBUG - This is a debug message
2026-04-21 14:08:15,556 - performance_logger - DEBUG - This is a debug message
2026-04-21 14:08:15,557 - performance_logger - DEBUG - This is a debug message
2026-04-21 14:08:15,561 - performance_logger - DEBUG - This is a debug message
2026-04-21 14:08:15,563 - performance_logger - DEBUG - This is a debug message
2026-04-21 14:08:15,567 - performance_logger - DEBUG - This is a debug message
2026-04-21 14:08:15,569 - performance_logger - DEBUG - This is a debug message
2026-04-21 14:08:15,570 - performance_logger - DEBUG - This is a debug message
2026-04-21 14:08:15,571 - performance_logger - DEBUG - This is a debug message
2026-04-21 14:08:15,575 - performance_logger - DEBUG - This is a debug message
2026-04-21 14:08:15,576 - performance_logger - DEBUG - This is a debug message
2026-04-21 14:08:15,577 - performance_logger - DEBUG - This is a debug message
2026-04-21 14:08:15,578 - performance_logger - DEBUG - This is a debug message
2026-04-21 14:08:15,579 - performance_logger - DEBUG - This is a debug message
2026-04-21 14:08:15,581 - performance_logger - DEBUG - This is a debug message
2026-04-21 14:08:15,582 - performance_logger - DEBUG - This is a debug message
2026-04-21 14:08:15,584 - performance_logger - DEBUG - This is a debug message
2026-04-21 14:08:15,585 - performance_logger - DEBUG - This is a debug message
2026-04-21 14:08:15,585 - performance_logger - DEBUG - This is a debug message
2026-04-21 14:08:15,586 - performance_logger - DEBUG - This is a debug message
2026-04-21 14:08:15,587 - performance_logger - DEBUG - This is a debug message
2026-04-21 14:08:15,588 - performance_logger - DEBUG - This is a debug message
2026-04-21 14:08:15,592 - performance_logger - DEBUG - This is a debug message
2026-04-21 14:08:15,593 - performance_logger - DEBUG - This is a debug message
2026-04-21 14:08:15,596 - performance_logger - DEBUG - This is a debug message
2026-04-21 14:08:15,601 - performance_logger - DEBUG - This is a debug message
2026-04-21 14:08:15,602 - performance_logger - DEBUG - This is a debug message
2026-04-21 14:08:15,611 - performance_logger - DEBUG - This is a debug message
2026-04-21 14:08:15,615 - performance_logger - DEBUG - This is a debug message
2026-04-21 14:08:15,621 - performance_logger - DEBUG - This is a debug message
2026-04-21 14:08:15,623 - performance_logger - DEBUG - This is a debug message
2026-04-21 14:08:15,626 - performance_logger - DEBUG - This is a debug message
2026-04-21 14:08:15,633 - performance_logger - DEBUG - This is a debug message
2026-04-21 14:08:15,634 - performance_logger - DEBUG - This is a debug message
2026-04-21 14:08:15,635 - performance_logger - DEBUG - This is a debug message
2026-04-21 14:08:15,636 - performance_logger - DEBUG - This is a debug message
2026-04-21 14:08:15,637 - performance_logger - DEBUG - This is a debug message
2026-04-21 14:08:15,639 - performance_logger - DEBUG - This is a debug message
2026-04-21 14:08:15,641 - performance_logger - DEBUG - This is a debug message
2026-04-21 14:08:15,646 - performance_logger - DEBUG - This is a debug message
2026-04-21 14:08:15,648 - performance_logger - DEBUG - This is a debug message
2026-04-21 14:08:15,651 - performance_logger - DEBUG - This is a debug message
2026-04-21 14:08:15,654 - performance_logger - DEBUG - This is a debug message
2026-04-21 14:08:15,658 - performance_logger - DEBUG - This is a debug message
2026-04-21 14:08:15,662 - performance_logger - DEBUG - This is a debug message
2026-04-21 14:08:15,664 - performance_logger - DEBUG - This is a debug message
2026-04-21 14:08:15,666 - performance_logger - DEBUG - This is a debug message
2026-04-21 14:08:15,667 - performance_logger - DEBUG - This is a debug message
2026-04-21 14:08:15,667 - performance_logger - DEBUG - This is a debug message
2026-04-21 14:08:15,672 - performance_logger - DEBUG - This is a debug message
2026-04-21 14:08:15,674 - performance_logger - DEBUG - This is a debug message
2026-04-21 14:08:15,676 - performance_logger - DEBUG - This is a debug message
2026-04-21 14:08:15,677 - performance_logger - DEBUG - This is a debug message
2026-04-21 14:08:15,681 - performance_logger - DEBUG - This is a debug message
2026-04-21 14:08:15,683 - performance_logger - DEBUG - This is a debug message
2026-04-21 14:08:15,684 - performance_logger - DEBUG - This is a debug message
2026-04-21 14:08:15,687 - performance_logger - DEBUG - This is a debug message
2026-04-21 14:08:15,690 - performance_logger - DEBUG - This is a debug message
2026-04-21 14:08:15,693 - performance_logger - DEBUG - This is a debug message
2026-04-21 14:08:15,694 - performance_logger - DEBUG - This is a debug message
2026-04-21 14:08:15,695 - performance_logger - DEBUG - This is a debug message
2026-04-21 14:08:15,697 - performance_logger - DEBUG - This is a debug message
2026-04-21 14:08:15,701 - performance_logger - DEBUG - This is a debug message
2026-04-21 14:08:15,704 - performance_logger - DEBUG - This is a debug message
2026-04-21 14:08:15,706 - performance_logger - DEBUG - This is a debug message
2026-04-21 14:08:15,711 - performance_logger - DEBUG - This is a debug message
2026-04-21 14:08:15,715 - performance_logger - DEBUG - This is a debug message
2026-04-21 14:08:15,722 - performance_logger - DEBUG - This is a debug message
2026-04-21 14:08:15,725 - performance_logger - DEBUG - This is a debug message
2026-04-21 14:08:15,734 - performance_logger - DEBUG - This is a debug message
2026-04-21 14:08:15,737 - performance_logger - DEBUG - This is a debug message
2026-04-21 14:08:15,739 - performance_logger - DEBUG - This is a debug message
2026-04-21 14:08:15,744 - performance_logger - DEBUG - This is a debug message
2026-04-21 14:08:15,748 - performance_logger - DEBUG - This is a debug message
2026-04-21 14:08:15,754 - performance_logger - DEBUG - This is a debug message
2026-04-21 14:08:15,759 - performance_logger - DEBUG - This is a debug message
2026-04-21 14:08:15,764 - performance_logger - DEBUG - This is a debug message
2026-04-21 14:08:15,767 - performance_logger - DEBUG - This is a debug message
2026-04-21 14:08:15,773 - performance_logger - DEBUG - This is a debug message
2026-04-21 14:08:15,776 - performance_logger - DEBUG - This is a debug message
2026-04-21 14:08:15,784 - performance_logger - DEBUG - This is a debug message
2026-04-21 14:08:15,787 - performance_logger - DEBUG - This is a debug message
2026-04-21 14:08:15,792 - performance_logger - DEBUG - This is a debug message
2026-04-21 14:08:15,798 - performance_logger - DEBUG - This is a debug message
2026-04-21 14:08:15,799 - performance_logger - DEBUG - This is a debug message
2026-04-21 14:08:15,801 - performance_logger - DEBUG - This is a debug message
2026-04-21 14:08:15,814 - performance_logger - DEBUG - This is a debug message
2026-04-21 14:08:15,820 - performance_logger - DEBUG - This is a debug message
2026-04-21 14:08:15,824 - performance_logger - DEBUG - This is a debug message
2026-04-21 14:08:15,829 - performance_logger - DEBUG - This is a debug message
2026-04-21 14:08:15,831 - performance_logger - DEBUG - This is a debug message
2026-04-21 14:08:15,836 - performance_logger - DEBUG - This is a debug message
2026-04-21 14:08:15,837 - performance_logger - DEBUG - This is a debug message
2026-04-21 14:08:15,843 - performance_logger - DEBUG - This is a debug message
2026-04-21 14:08:15,846 - performance_logger - DEBUG - This is a debug message
2026-04-21 14:08:15,850 - performance_logger - DEBUG - This is a debug message
2026-04-21 14:08:15,851 - performance_logger - DEBUG - This is a debug message
2026-04-21 14:08:15,862 - performance_logger - DEBUG - This is a debug message
2026-04-21 14:08:15,868 - performance_logger - DEBUG - This is a debug message
2026-04-21 14:08:15,874 - performance_logger - DEBUG - This is a debug message
2026-04-21 14:08:15,876 - performance_logger - DEBUG - This is a debug message
2026-04-21 14:08:15,878 - performance_logger - DEBUG - This is a debug message
2026-04-21 14:08:15,878 - performance_logger - DEBUG - This is a debug message
2026-04-21 14:08:15,880 - performance_logger - DEBUG - This is a debug message
2026-04-21 14:08:15,881 - performance_logger - DEBUG - This is a debug message
2026-04-21 14:08:15,883 - performance_logger - DEBUG - This is a debug message
2026-04-21 14:08:15,884 - performance_logger - DEBUG - This is a debug message
2026-04-21 14:08:15,885 - performance_logger - DEBUG - This is a debug message
2026-04-21 14:08:15,886 - performance_logger - DEBUG - This is a debug message
2026-04-21 14:08:15,890 - performance_logger - DEBUG - This is a debug message
2026-04-21 14:08:15,892 - performance_logger - DEBUG - This is a debug message
2026-04-21 14:08:15,895 - performance_logger - DEBUG - This is a debug message
2026-04-21 14:08:15,895 - performance_logger - DEBUG - This is a debug message
2026-04-21 14:08:15,896 - performance_logger - DEBUG - This is a debug message
2026-04-21 14:08:15,897 - performance_logger - DEBUG - This is a debug message
2026-04-21 14:08:15,899 - performance_logger - DEBUG - This is a debug message
2026-04-21 14:08:15,900 - performance_logger - DEBUG - This is a debug message
2026-04-21 14:08:15,901 - performance_logger - DEBUG - This is a debug message
2026-04-21 14:08:15,902 - performance_logger - DEBUG - This is a debug message
2026-04-21 14:08:15,904 - performance_logger - DEBUG - This is a debug message
2026-04-21 14:08:15,908 - performance_logger - DEBUG - This is a debug message
2026-04-21 14:08:15,909 - performance_logger - DEBUG - This is a debug message
2026-04-21 14:08:15,910 - performance_logger - DEBUG - This is a debug message
2026-04-21 14:08:15,912 - performance_logger - DEBUG - This is a debug message
2026-04-21 14:08:15,913 - performance_logger - DEBUG - This is a debug message
2026-04-21 14:08:15,915 - performance_logger - DEBUG - This is a debug message
2026-04-21 14:08:15,916 - performance_logger - DEBUG - This is a debug message
2026-04-21 14:08:15,917 - performance_logger - DEBUG - This is a debug message
2026-04-21 14:08:15,918 - performance_logger - DEBUG - This is a debug message
2026-04-21 14:08:15,920 - performance_logger - DEBUG - This is a debug message
2026-04-21 14:08:15,924 - performance_logger - DEBUG - This is a debug message
2026-04-21 14:08:15,925 - performance_logger - DEBUG - This is a debug message
2026-04-21 14:08:15,926 - performance_logger - DEBUG - This is a debug message
2026-04-21 14:08:15,928 - performance_logger - DEBUG - This is a debug message
2026-04-21 14:08:15,929 - performance_logger - DEBUG - This is a debug message
2026-04-21 14:08:15,931 - performance_logger - DEBUG - This is a debug message
2026-04-21 14:08:15,932 - performance_logger - DEBUG - This is a debug message
2026-04-21 14:08:15,934 - performance_logger - DEBUG - This is a debug message
2026-04-21 14:08:15,935 - performance_logger - DEBUG - This is a debug message
2026-04-21 14:08:15,936 - performance_logger - DEBUG - This is a debug message
2026-04-21 14:08:15,949 - performance_logger - DEBUG - This is a debug message
2026-04-21 14:08:15,952 - performance_logger - DEBUG - This is a debug message
2026-04-21 14:08:15,965 - performance_logger - DEBUG - This is a debug message
2026-04-21 14:08:15,968 - performance_logger - DEBUG - This is a debug message
2026-04-21 14:08:15,980 - performance_logger - DEBUG - This is a debug message
2026-04-21 14:08:15,984 - performance_logger - DEBUG - This is a debug message
2026-04-21 14:08:15,989 - performance_logger - DEBUG - This is a debug message
2026-04-21 14:08:15,999 - performance_logger - DEBUG - This is a debug message
2026-04-21 14:08:16,007 - performance_logger - DEBUG - This is a debug message
2026-04-21 14:08:16,010 - performance_logger - DEBUG - This is a debug message
2026-04-21 14:08:16,018 - performance_logger - DEBUG - This is a debug message
2026-04-21 14:08:16,021 - performance_logger - DEBUG - This is a debug message
2026-04-21 14:08:16,032 - performance_logger - DEBUG - This is a debug message
2026-04-21 14:08:16,037 - performance_logger - DEBUG - This is a debug message
2026-04-21 14:08:16,048 - performance_logger - DEBUG - This is a debug message
2026-04-21 14:08:16,055 - performance_logger - DEBUG - This is a debug message
2026-04-21 14:08:16,060 - performance_logger - DEBUG - This is a debug message
2026-04-21 14:08:16,063 - performance_logger - DEBUG - This is a debug message
2026-04-21 14:08:16,065 - performance_logger - DEBUG - This is a debug message
2026-04-21 14:08:16,066 - performance_logger - DEBUG - This is a debug message
2026-04-21 14:08:16,068 - performance_logger - DEBUG - This is a debug message
2026-04-21 14:08:16,070 - performance_logger - DEBUG - This is a debug message
2026-04-21 14:08:16,074 - performance_logger - DEBUG - This is a debug message
2026-04-21 14:08:16,075 - performance_logger - DEBUG - This is a debug message
2026-04-21 14:08:16,077 - performance_logger - DEBUG - This is a debug message
2026-04-21 14:08:16,081 - performance_logger - DEBUG - This is a debug message
2026-04-21 14:08:16,084 - performance_logger - DEBUG - This is a debug message
2026-04-21 14:08:16,086 - performance_logger - DEBUG - This is a debug message
2026-04-21 14:08:16,087 - performance_logger - DEBUG - This is a debug message
2026-04-21 14:08:16,091 - performance_logger - DEBUG - This is a debug message
2026-04-21 14:08:16,093 - performance_logger - DEBUG - This is a debug message
2026-04-21 14:08:16,095 - performance_logger - DEBUG - This is a debug message
2026-04-21 14:08:16,097 - performance_logger - DEBUG - This is a debug message
2026-04-21 14:08:16,099 - performance_logger - DEBUG - This is a debug message
2026-04-21 14:08:16,100 - performance_logger - DEBUG - This is a debug message
2026-04-21 14:08:16,102 - performance_logger - DEBUG - This is a debug message
2026-04-21 14:08:16,107 - performance_logger - DEBUG - This is a debug message
2026-04-21 14:08:16,109 - performance_logger - DEBUG - This is a debug message
2026-04-21 14:08:16,112 - performance_logger - DEBUG - This is a debug message
2026-04-21 14:08:16,114 - performance_logger - DEBUG - This is a debug message
2026-04-21 14:08:16,115 - performance_logger - DEBUG - This is a debug message
2026-04-21 14:08:16,117 - performance_logger - DEBUG - This is a debug message
2026-04-21 14:08:16,119 - performance_logger - DEBUG - This is a debug message
2026-04-21 14:08:16,123 - performance_logger - DEBUG - This is a debug message
2026-04-21 14:08:16,126 - performance_logger - DEBUG - This is a debug message
2026-04-21 14:08:16,129 - performance_logger - DEBUG - This is a debug message
2026-04-21 14:08:16,131 - performance_logger - DEBUG - This is a debug message
2026-04-21 14:08:16,132 - performance_logger - DEBUG - This is a debug message
2026-04-21 14:08:16,134 - performance_logger - DEBUG - This is a debug message
2026-04-21 14:08:16,136 - performance_logger - DEBUG - This is a debug message
2026-04-21 14:08:16,141 - performance_logger - DEBUG - This is a debug message
2026-04-21 14:08:16,143 - performance_logger - DEBUG - This is a debug message
2026-04-21 14:08:16,145 - performance_logger - DEBUG - This is a debug message
2026-04-21 14:08:16,147 - performance_logger - DEBUG - This is a debug message
2026-04-21 14:08:16,149 - performance_logger - DEBUG - This is a debug message
2026-04-21 14:08:16,151 - performance_logger - DEBUG - This is a debug message
2026-04-21 14:08:16,153 - performance_logger - DEBUG - This is a debug message
2026-04-21 14:08:16,157 - performance_logger - DEBUG - This is a debug message
2026-04-21 14:08:16,160 - performance_logger - DEBUG - This is a debug message
2026-04-21 14:08:16,163 - performance_logger - DEBUG - This is a debug message
2026-04-21 14:08:16,166 - performance_logger - DEBUG - This is a debug message
2026-04-21 14:08:16,167 - performance_logger - DEBUG - This is a debug message
2026-04-21 14:08:16,169 - performance_logger - DEBUG - This is a debug message
2026-04-21 14:08:16,175 - performance_logger - DEBUG - This is a debug message
2026-04-21 14:08:16,180 - performance_logger - DEBUG - This is a debug message
2026-04-21 14:08:16,184 - performance_logger - DEBUG - This is a debug message
2026-04-21 14:08:16,192 - performance_logger - DEBUG - This is a debug message
2026-04-21 14:08:16,194 - performance_logger - DEBUG - This is a debug message
2026-04-21 14:08:16,196 - performance_logger - DEBUG - This is a debug message
2026-04-21 14:08:16,198 - performance_logger - DEBUG - This is a debug message
2026-04-21 14:08:16,200 - performance_logger - DEBUG - This is a debug message
2026-04-21 14:08:16,201 - performance_logger - DEBUG - This is a debug message
2026-04-21 14:08:16,204 - performance_logger - DEBUG - This is a debug message
2026-04-21 14:08:16,208 - performance_logger - DEBUG - This is a debug message
2026-04-21 14:08:16,211 - performance_logger - DEBUG - This is a debug message
2026-04-21 14:08:16,213 - performance_logger - DEBUG - This is a debug message
2026-04-21 14:08:16,214 - performance_logger - DEBUG - This is a debug message
2026-04-21 14:08:16,216 - performance_logger - DEBUG - This is a debug message
2026-04-21 14:08:16,218 - performance_logger - DEBUG - This is a debug message
2026-04-21 14:08:16,222 - performance_logger - DEBUG - This is a debug message
2026-04-21 14:08:16,226 - performance_logger - DEBUG - This is a debug message
2026-04-21 14:08:16,229 - performance_logger - DEBUG - This is a debug message
2026-04-21 14:08:16,231 - performance_logger - DEBUG - This is a debug message
2026-04-21 14:08:16,233 - performance_logger - DEBUG - This is a debug message
2026-04-21 14:08:16,234 - performance_logger - DEBUG - This is a debug message
2026-04-21 14:08:16,236 - performance_logger - DEBUG - This is a debug message
2026-04-21 14:08:16,241 - performance_logger - DEBUG - This is a debug message
2026-04-21 14:08:16,246 - performance_logger - DEBUG - This is a debug message
2026-04-21 14:08:16,248 - performance_logger - DEBUG - This is a debug message
2026-04-21 14:08:16,250 - performance_logger - DEBUG - This is a debug message
2026-04-21 14:08:16,256 - performance_logger - DEBUG - This is a debug message
2026-04-21 14:08:16,257 - performance_logger - DEBUG - This is a debug message
2026-04-21 14:08:16,259 - performance_logger - DEBUG - This is a debug message
2026-04-21 14:08:16,265 - performance_logger - DEBUG - This is a debug message
2026-04-21 14:08:16,266 - performance_logger - DEBUG - This is a debug message
2026-04-21 14:08:16,267 - performance_logger - DEBUG - This is a debug message
2026-04-21 14:08:16,271 - performance_logger - DEBUG - This is a debug message
2026-04-21 14:08:16,274 - performance_logger - DEBUG - This is a debug message
2026-04-21 14:08:16,274 - performance_logger - DEBUG - This is a debug message
2026-04-21 14:08:16,276 - performance_logger - DEBUG - This is a debug message
2026-04-21 14:08:16,281 - performance_logger - DEBUG - This is a debug message
2026-04-21 14:08:16,282 - performance_logger - DEBUG - This is a debug message
2026-04-21 14:08:16,283 - performance_logger - DEBUG - This is a debug message
2026-04-21 14:08:16,286 - performance_logger - DEBUG - This is a debug message
2026-04-21 14:08:16,289 - performance_logger - DEBUG - This is a debug message
2026-04-21 14:08:16,291 - performance_logger - DEBUG - This is a debug message
2026-04-21 14:08:16,292 - performance_logger - DEBUG - This is a debug message
2026-04-21 14:08:16,295 - performance_logger - DEBUG - This is a debug message
2026-04-21 14:08:16,297 - performance_logger - DEBUG - This is a debug message
2026-04-21 14:08:16,298 - performance_logger - DEBUG - This is a debug message
2026-04-21 14:08:16,299 - performance_logger - DEBUG - This is a debug message
2026-04-21 14:08:16,300 - performance_logger - DEBUG - This is a debug message
2026-04-21 14:08:16,302 - performance_logger - DEBUG - This is a debug message
2026-04-21 14:08:16,303 - performance_logger - DEBUG - This is a debug message
2026-04-21 14:08:16,304 - performance_logger - DEBUG - This is a debug message
2026-04-21 14:08:16,306 - performance_logger - DEBUG - This is a debug message
2026-04-21 14:08:16,312 - performance_logger - DEBUG - This is a debug message
2026-04-21 14:08:16,315 - performance_logger - DEBUG - This is a debug message
2026-04-21 14:08:16,325 - performance_logger - DEBUG - This is a debug message
2026-04-21 14:08:16,329 - performance_logger - DEBUG - This is a debug message
2026-04-21 14:08:16,331 - performance_logger - DEBUG - This is a debug message
2026-04-21 14:08:16,334 - performance_logger - DEBUG - This is a debug message
2026-04-21 14:08:16,341 - performance_logger - DEBUG - This is a debug message
2026-04-21 14:08:16,345 - performance_logger - DEBUG - This is a debug message
2026-04-21 14:08:16,348 - performance_logger - DEBUG - This is a debug message
2026-04-21 14:08:16,352 - performance_logger - DEBUG - This is a debug message
2026-04-21 14:08:16,353 - performance_logger - DEBUG - This is a debug message
2026-04-21 14:08:16,355 - performance_logger - DEBUG - This is a debug message
2026-04-21 14:08:16,357 - performance_logger - DEBUG - This is a debug message
2026-04-21 14:08:16,360 - performance_logger - DEBUG - This is a debug message
2026-04-21 14:08:16,363 - performance_logger - DEBUG - This is a debug message
2026-04-21 14:08:16,367 - performance_logger - DEBUG - This is a debug message
2026-04-21 14:08:16,370 - performance_logger - DEBUG - This is a debug message
2026-04-21 14:08:16,370 - performance_logger - DEBUG - This is a debug message
2026-04-21 14:08:16,373 - performance_logger - DEBUG - This is a debug message
2026-04-21 14:08:16,376 - performance_logger - DEBUG - This is a debug message
2026-04-21 14:08:16,380 - performance_logger - DEBUG - This is a debug message
2026-04-21 14:08:16,382 - performance_logger - DEBUG - This is a debug message
2026-04-21 14:08:16,384 - performance_logger - DEBUG - This is a debug message
2026-04-21 14:08:16,387 - performance_logger - DEBUG - This is a debug message
2026-04-21 14:08:16,388 - performance_logger - DEBUG - This is a debug message
2026-04-21 14:08:16,389 - performance_logger - DEBUG - This is a debug message
2026-04-21 14:08:16,396 - performance_logger - DEBUG - This is a debug message
2026-04-21 14:08:16,398 - performance_logger - DEBUG - This is a debug message
2026-04-21 14:08:16,401 - performance_logger - DEBUG - This is a debug message
2026-04-21 14:08:16,403 - performance_logger - DEBUG - This is a debug message
2026-04-21 14:08:16,404 - performance_logger - DEBUG - This is a debug message
2026-04-21 14:08:16,407 - performance_logger - DEBUG - This is a debug message
2026-04-21 14:08:16,410 - performance_logger - DEBUG - This is a debug message
2026-04-21 14:08:16,414 - performance_logger - DEBUG - This is a debug message
2026-04-21 14:08:16,417 - performance_logger - DEBUG - This is a debug message
2026-04-21 14:08:16,418 - performance_logger - DEBUG - This is a debug message
2026-04-21 14:08:16,419 - performance_logger - DEBUG - This is a debug message
2026-04-21 14:08:16,423 - performance_logger - DEBUG - This is a debug message
2026-04-21 14:08:16,424 - performance_logger - DEBUG - This is a debug message
2026-04-21 14:08:16,428 - performance_logger - DEBUG - This is a debug message
2026-04-21 14:08:16,429 - performance_logger - DEBUG - This is a debug message
2026-04-21 14:08:16,431 - performance_logger - DEBUG - This is a debug message
2026-04-21 14:08:16,432 - performance_logger - DEBUG - This is a debug message
2026-04-21 14:08:16,433 - performance_logger - DEBUG - This is a debug message
2026-04-21 14:08:16,434 - performance_logger - DEBUG - This is a debug message
2026-04-21 14:08:16,435 - performance_logger - DEBUG - This is a debug message
2026-04-21 14:08:16,436 - performance_logger - DEBUG - This is a debug message
2026-04-21 14:08:16,437 - performance_logger - DEBUG - This is a debug message
2026-04-21 14:08:16,438 - performance_logger - DEBUG - This is a debug message
2026-04-21 14:08:16,439 - performance_logger - DEBUG - This is a debug message
2026-04-21 14:08:16,440 - performance_logger - DEBUG - This is a debug message
2026-04-21 14:08:16,440 - performance_logger - DEBUG - This is a debug message
2026-04-21 14:08:16,441 - performance_logger - DEBUG - This is a debug message
2026-04-21 14:08:16,447 - performance_logger - DEBUG - This is a debug message
2026-04-21 14:08:16,448 - performance_logger - DEBUG - This is a debug message
2026-04-21 14:08:16,451 - performance_logger - DEBUG - This is a debug message
2026-04-21 14:08:16,452 - performance_logger - DEBUG - This is a debug message
2026-04-21 14:08:16,452 - performance_logger - DEBUG - This is a debug message
2026-04-21 14:08:16,454 - performance_logger - DEBUG - This is a debug message
2026-04-21 14:08:16,457 - performance_logger - DEBUG - This is a debug message
2026-04-21 14:08:16,458 - performance_logger - DEBUG - This is a debug message
2026-04-21 14:08:16,459 - performance_logger - DEBUG - This is a debug message
2026-04-21 14:08:16,463 - performance_logger - DEBUG - This is a debug message
2026-04-21 14:08:16,464 - performance_logger - DEBUG - This is a debug message
2026-04-21 14:08:16,468 - performance_logger - DEBUG - This is a debug message
2026-04-21 14:08:16,470 - performance_logger - DEBUG - This is a debug message
2026-04-21 14:08:16,473 - performance_logger - DEBUG - This is a debug message
2026-04-21 14:08:16,474 - performance_logger - DEBUG - This is a debug message
2026-04-21 14:08:16,475 - performance_logger - DEBUG - This is a debug message
2026-04-21 14:08:16,477 - performance_logger - DEBUG - This is a debug message
2026-04-21 14:08:16,478 - performance_logger - DEBUG - This is a debug message
2026-04-21 14:08:16,479 - performance_logger - DEBUG - This is a debug message
2026-04-21 14:08:16,481 - performance_logger - DEBUG - This is a debug message
2026-04-21 14:08:16,481 - performance_logger - DEBUG - This is a debug message
2026-04-21 14:08:16,482 - performance_logger - DEBUG - This is a debug message
2026-04-21 14:08:16,483 - performance_logger - DEBUG - This is a debug message
2026-04-21 14:08:16,484 - performance_logger - DEBUG - This is a debug message
2026-04-21 14:08:16,485 - performance_logger - DEBUG - This is a debug message
2026-04-21 14:08:16,486 - performance_logger - DEBUG - This is a debug message
2026-04-21 14:08:16,487 - performance_logger - DEBUG - This is a debug message
2026-04-21 14:08:16,488 - performance_logger - DEBUG - This is a debug message
2026-04-21 14:08:16,490 - performance_logger - DEBUG - This is a debug message
2026-04-21 14:08:16,491 - performance_logger - DEBUG - This is a debug message
2026-04-21 14:08:16,491 - performance_logger - DEBUG - This is a debug message
2026-04-21 14:08:16,495 - performance_logger - DEBUG - This is a debug message
2026-04-21 14:08:16,496 - performance_logger - DEBUG - This is a debug message
2026-04-21 14:08:16,497 - performance_logger - DEBUG - This is a debug message
2026-04-21 14:08:16,498 - performance_logger - DEBUG - This is a debug message
2026-04-21 14:08:16,499 - performance_logger - DEBUG - This is a debug message
2026-04-21 14:08:16,500 - performance_logger - DEBUG - This is a debug message
2026-04-21 14:08:16,501 - performance_logger - DEBUG - This is a debug message
2026-04-21 14:08:16,502 - performance_logger - DEBUG - This is a debug message
2026-04-21 14:08:16,504 - performance_logger - DEBUG - This is a debug message
2026-04-21 14:08:16,506 - performance_logger - DEBUG - This is a debug message
2026-04-21 14:08:16,507 - performance_logger - DEBUG - This is a debug message
2026-04-21 14:08:16,509 - performance_logger - DEBUG - This is a debug message
2026-04-21 14:08:16,512 - performance_logger - DEBUG - This is a debug message
2026-04-21 14:08:16,513 - performance_logger - DEBUG - This is a debug message
2026-04-21 14:08:16,514 - performance_logger - DEBUG - This is a debug message
2026-04-21 14:08:16,515 - performance_logger - DEBUG - This is a debug message
2026-04-21 14:08:16,516 - performance_logger - DEBUG - This is a debug message
2026-04-21 14:08:16,517 - performance_logger - DEBUG - This is a debug message
2026-04-21 14:08:16,518 - performance_logger - DEBUG - This is a debug message
2026-04-21 14:08:16,519 - performance_logger - DEBUG - This is a debug message
2026-04-21 14:08:16,520 - performance_logger - DEBUG - This is a debug message
2026-04-21 14:08:16,521 - performance_logger - DEBUG - This is a debug message
2026-04-21 14:08:16,522 - performance_logger - DEBUG - This is a debug message
2026-04-21 14:08:16,523 - performance_logger - DEBUG - This is a debug message
2026-04-21 14:08:16,524 - performance_logger - DEBUG - This is a debug message
2026-04-21 14:08:16,527 - performance_logger - DEBUG - This is a debug message
2026-04-21 14:08:16,529 - performance_logger - DEBUG - This is a debug message
2026-04-21 14:08:16,532 - performance_logger - DEBUG - This is a debug message
2026-04-21 14:08:16,536 - performance_logger - DEBUG - This is a debug message
2026-04-21 14:08:16,537 - performance_logger - DEBUG - This is a debug message
2026-04-21 14:08:16,538 - performance_logger - DEBUG - This is a debug message
2026-04-21 14:08:16,543 - performance_logger - DEBUG - This is a debug message
2026-04-21 14:08:16,544 - performance_logger - DEBUG - This is a debug message
2026-04-21 14:08:16,545 - performance_logger - DEBUG - This is a debug message
2026-04-21 14:08:16,545 - performance_logger - DEBUG - This is a debug message
2026-04-21 14:08:16,546 - performance_logger - DEBUG - This is a debug message
2026-04-21 14:08:16,548 - performance_logger - DEBUG - This is a debug message
2026-04-21 14:08:16,550 - performance_logger - DEBUG - This is a debug message
2026-04-21 14:08:16,551 - performance_logger - DEBUG - This is a debug message
2026-04-21 14:08:16,552 - performance_logger - DEBUG - This is a debug message
2026-04-21 14:08:16,554 - performance_logger - DEBUG - This is a debug message
2026-04-21 14:08:16,555 - performance_logger - DEBUG - This is a debug message
2026-04-21 14:08:16,555 - performance_logger - DEBUG - This is a debug message
2026-04-21 14:08:16,557 - performance_logger - DEBUG - This is a debug message
2026-04-21 14:08:16,558 - performance_logger - DEBUG - This is a debug message
2026-04-21 14:08:16,559 - performance_logger - DEBUG - This is a debug message
2026-04-21 14:08:16,560 - performance_logger - DEBUG - This is a debug message
2026-04-21 14:08:16,561 - performance_logger - DEBUG - This is a debug message
2026-04-21 14:08:16,562 - performance_logger - DEBUG - This is a debug message
2026-04-21 14:08:16,563 - performance_logger - DEBUG - This is a debug message
2026-04-21 14:08:16,565 - performance_logger - DEBUG - This is a debug message
2026-04-21 14:08:16,565 - performance_logger - DEBUG - This is a debug message
2026-04-21 14:08:16,566 - performance_logger - DEBUG - This is a debug message
2026-04-21 14:08:16,567 - performance_logger - DEBUG - This is a debug message
2026-04-21 14:08:16,569 - performance_logger - DEBUG - This is a debug message
2026-04-21 14:08:16,570 - performance_logger - DEBUG - This is a debug message
2026-04-21 14:08:16,571 - performance_logger - DEBUG - This is a debug message
2026-04-21 14:08:16,572 - performance_logger - DEBUG - This is a debug message
2026-04-21 14:08:16,573 - performance_logger - DEBUG - This is a debug message
2026-04-21 14:08:16,574 - performance_logger - DEBUG - This is a debug message
2026-04-21 14:08:16,576 - performance_logger - DEBUG - This is a debug message
2026-04-21 14:08:16,577 - performance_logger - DEBUG - This is a debug message
2026-04-21 14:08:16,578 - performance_logger - DEBUG - This is a debug message
2026-04-21 14:08:16,579 - performance_logger - DEBUG - This is a debug message
2026-04-21 14:08:16,581 - performance_logger - DEBUG - This is a debug message
2026-04-21 14:08:16,582 - performance_logger - DEBUG - This is a debug message
2026-04-21 14:08:16,582 - performance_logger - DEBUG - This is a debug message
2026-04-21 14:08:16,583 - performance_logger - DEBUG - This is a debug message
2026-04-21 14:08:16,585 - performance_logger - DEBUG - This is a debug message
2026-04-21 14:08:16,585 - performance_logger - DEBUG - This is a debug message
2026-04-21 14:08:16,586 - performance_logger - DEBUG - This is a debug message
2026-04-21 14:08:16,588 - performance_logger - DEBUG - This is a debug message
2026-04-21 14:08:16,588 - performance_logger - DEBUG - This is a debug message
2026-04-21 14:08:16,589 - performance_logger - DEBUG - This is a debug message
2026-04-21 14:08:16,591 - performance_logger - DEBUG - This is a debug message
2026-04-21 14:08:16,592 - performance_logger - DEBUG - This is a debug message
2026-04-21 14:08:16,593 - performance_logger - DEBUG - This is a debug message
2026-04-21 14:08:16,594 - performance_logger - DEBUG - This is a debug message
2026-04-21 14:08:16,595 - performance_logger - DEBUG - This is a debug message
2026-04-21 14:08:16,596 - performance_logger - DEBUG - This is a debug message
2026-04-21 14:08:16,597 - performance_logger - DEBUG - This is a debug message
2026-04-21 14:08:16,598 - performance_logger - DEBUG - This is a debug message
2026-04-21 14:08:16,599 - performance_logger - DEBUG - This is a debug message
2026-04-21 14:08:16,600 - performance_logger - DEBUG - This is a debug message
2026-04-21 14:08:16,601 - performance_logger - DEBUG - This is a debug message
2026-04-21 14:08:16,602 - performance_logger - DEBUG - This is a debug message
2026-04-21 14:08:16,603 - performance_logger - DEBUG - This is a debug message
2026-04-21 14:08:16,604 - performance_logger - DEBUG - This is a debug message
2026-04-21 14:08:16,604 - performance_logger - DEBUG - This is a debug message
2026-04-21 14:08:16,606 - performance_logger - DEBUG - This is a debug message
2026-04-21 14:08:16,606 - performance_logger - DEBUG - This is a debug message
2026-04-21 14:08:16,608 - performance_logger - DEBUG - This is a debug message
2026-04-21 14:08:16,609 - performance_logger - DEBUG - This is a debug message
2026-04-21 14:08:16,610 - performance_logger - DEBUG - This is a debug message
2026-04-21 14:08:16,611 - performance_logger - DEBUG - This is a debug message
2026-04-21 14:08:16,612 - performance_logger - DEBUG - This is a debug message
2026-04-21 14:08:16,614 - performance_logger - DEBUG - This is a debug message
2026-04-21 14:08:16,615 - performance_logger - DEBUG - This is a debug message
2026-04-21 14:08:16,616 - performance_logger - DEBUG - This is a debug message
2026-04-21 14:08:16,617 - performance_logger - DEBUG - This is a debug message
2026-04-21 14:08:16,617 - performance_logger - DEBUG - This is a debug message
2026-04-21 14:08:16,619 - performance_logger - DEBUG - This is a debug message
2026-04-21 14:08:16,619 - performance_logger - DEBUG - This is a debug message
2026-04-21 14:08:16,621 - performance_logger - DEBUG - This is a debug message
2026-04-21 14:08:16,622 - performance_logger - DEBUG - This is a debug message
2026-04-21 14:08:16,623 - performance_logger - DEBUG - This is a debug message
2026-04-21 14:08:16,624 - performance_logger - DEBUG - This is a debug message
2026-04-21 14:08:16,625 - performance_logger - DEBUG - This is a debug message
2026-04-21 14:08:16,626 - performance_logger - DEBUG - This is a debug message
2026-04-21 14:08:16,627 - performance_logger - DEBUG - This is a debug message
2026-04-21 14:08:16,629 - performance_logger - DEBUG - This is a debug message
2026-04-21 14:08:16,630 - performance_logger - DEBUG - This is a debug message
2026-04-21 14:08:16,631 - performance_logger - DEBUG - This is a debug message
2026-04-21 14:08:16,632 - performance_logger - DEBUG - This is a debug message
2026-04-21 14:08:16,632 - performance_logger - DEBUG - This is a debug message
2026-04-21 14:08:16,634 - performance_logger - DEBUG - This is a debug message
2026-04-21 14:08:16,634 - performance_logger - DEBUG - This is a debug message
2026-04-21 14:08:16,636 - performance_logger - DEBUG - This is a debug message
2026-04-21 14:08:16,637 - performance_logger - DEBUG - This is a debug message
2026-04-21 14:08:16,638 - performance_logger - DEBUG - This is a debug message
2026-04-21 14:08:16,639 - performance_logger - DEBUG - This is a debug message
2026-04-21 14:08:16,639 - performance_logger - DEBUG - This is a debug message
2026-04-21 14:08:16,640 - performance_logger - DEBUG - This is a debug message
2026-04-21 14:08:16,642 - performance_logger - DEBUG - This is a debug message
2026-04-21 14:08:16,643 - performance_logger - DEBUG - This is a debug message
2026-04-21 14:08:16,644 - performance_logger - DEBUG - This is a debug message
2026-04-21 14:08:16,644 - performance_logger - DEBUG - This is a debug message
2026-04-21 14:08:16,646 - performance_logger - DEBUG - This is a debug message
2026-04-21 14:08:16,647 - performance_logger - DEBUG - This is a debug message
2026-04-21 14:08:16,648 - performance_logger - DEBUG - This is a debug message
2026-04-21 14:08:16,649 - performance_logger - DEBUG - This is a debug message
2026-04-21 14:08:16,650 - performance_logger - DEBUG - This is a debug message
2026-04-21 14:08:16,651 - performance_logger - DEBUG - This is a debug message
2026-04-21 14:08:16,653 - performance_logger - DEBUG - This is a debug message
2026-04-21 14:08:16,653 - performance_logger - DEBUG - This is a debug message
2026-04-21 14:08:16,654 - performance_logger - DEBUG - This is a debug message
2026-04-21 14:08:16,655 - performance_logger - DEBUG - This is a debug message
2026-04-21 14:08:16,657 - performance_logger - DEBUG - This is a debug message
2026-04-21 14:08:16,658 - performance_logger - DEBUG - This is a debug message
2026-04-21 14:08:16,659 - performance_logger - DEBUG - This is a debug message
2026-04-21 14:08:16,660 - performance_logger - DEBUG - This is a debug message
2026-04-21 14:08:16,661 - performance_logger - DEBUG - This is a debug message
2026-04-21 14:08:16,662 - performance_logger - DEBUG - This is a debug message
2026-04-21 14:08:16,664 - performance_logger - DEBUG - This is a debug message
2026-04-21 14:08:16,665 - performance_logger - DEBUG - This is a debug message
2026-04-21 14:08:16,666 - performance_logger - DEBUG - This is a debug message
2026-04-21 14:08:16,667 - performance_logger - DEBUG - This is a debug message
2026-04-21 14:08:16,668 - performance_logger - DEBUG - This is a debug message
2026-04-21 14:08:16,669 - performance_logger - DEBUG - This is a debug message
2026-04-21 14:08:16,670 - performance_logger - DEBUG - This is a debug message
2026-04-21 14:08:16,671 - performance_logger - DEBUG - This is a debug message
2026-04-21 14:08:16,672 - performance_logger - DEBUG - This is a debug message
2026-04-21 14:08:16,673 - performance_logger - DEBUG - This is a debug message
2026-04-21 14:08:16,674 - performance_logger - DEBUG - This is a debug message
2026-04-21 14:08:16,676 - performance_logger - DEBUG - This is a debug message
2026-04-21 14:08:16,676 - performance_logger - DEBUG - This is a debug message
2026-04-21 14:08:16,678 - performance_logger - DEBUG - This is a debug message
2026-04-21 14:08:16,678 - performance_logger - DEBUG - This is a debug message
2026-04-21 14:08:16,679 - performance_logger - DEBUG - This is a debug message
2026-04-21 14:08:16,681 - performance_logger - DEBUG - This is a debug message
2026-04-21 14:08:16,683 - performance_logger - DEBUG - This is a debug message
2026-04-21 14:08:16,685 - performance_logger - DEBUG - This is a debug message
2026-04-21 14:08:16,685 - performance_logger - DEBUG - This is a debug message
2026-04-21 14:08:16,687 - performance_logger - DEBUG - This is a debug message
2026-04-21 14:08:16,688 - performance_logger - DEBUG - This is a debug message
2026-04-21 14:08:16,689 - performance_logger - DEBUG - This is a debug message
2026-04-21 14:08:16,690 - performance_logger - DEBUG - This is a debug message
2026-04-21 14:08:16,692 - performance_logger - DEBUG - This is a debug message
2026-04-21 14:08:16,693 - performance_logger - DEBUG - This is a debug message
2026-04-21 14:08:16,694 - performance_logger - DEBUG - This is a debug message
2026-04-21 14:08:16,695 - performance_logger - DEBUG - This is a debug message
2026-04-21 14:08:16,697 - performance_logger - DEBUG - This is a debug message
2026-04-21 14:08:16,697 - performance_logger - DEBUG - This is a debug message
2026-04-21 14:08:16,699 - performance_logger - DEBUG - This is a debug message
2026-04-21 14:08:16,699 - performance_logger - DEBUG - This is a debug message
2026-04-21 14:08:16,701 - performance_logger - DEBUG - This is a debug message
2026-04-21 14:08:16,702 - performance_logger - DEBUG - This is a debug message
2026-04-21 14:08:16,702 - performance_logger - DEBUG - This is a debug message
2026-04-21 14:08:16,704 - performance_logger - DEBUG - This is a debug message
2026-04-21 14:08:16,705 - performance_logger - DEBUG - This is a debug message
2026-04-21 14:08:16,706 - performance_logger - DEBUG - This is a debug message
2026-04-21 14:08:16,707 - performance_logger - DEBUG - This is a debug message
2026-04-21 14:08:16,708 - performance_logger - DEBUG - This is a debug message
2026-04-21 14:08:16,710 - performance_logger - DEBUG - This is a debug message
2026-04-21 14:08:16,711 - performance_logger - DEBUG - This is a debug message
2026-04-21 14:08:16,712 - performance_logger - DEBUG - This is a debug message
2026-04-21 14:08:16,713 - performance_logger - DEBUG - This is a debug message
2026-04-21 14:08:16,714 - performance_logger - DEBUG - This is a debug message
2026-04-21 14:08:16,715 - performance_logger - DEBUG - This is a debug message
2026-04-21 14:08:16,717 - performance_logger - DEBUG - This is a debug message
2026-04-21 14:08:16,717 - performance_logger - DEBUG - This is a debug message
2026-04-21 14:08:16,719 - performance_logger - DEBUG - This is a debug message
2026-04-21 14:08:16,719 - performance_logger - DEBUG - This is a debug message
2026-04-21 14:08:16,720 - performance_logger - DEBUG - This is a debug message
2026-04-21 14:08:16,722 - performance_logger - DEBUG - This is a debug message
2026-04-21 14:08:16,723 - performance_logger - DEBUG - This is a debug message
2026-04-21 14:08:16,724 - performance_logger - DEBUG - This is a debug message
2026-04-21 14:08:16,725 - performance_logger - DEBUG - This is a debug message
2026-04-21 14:08:16,726 - performance_logger - DEBUG - This is a debug message
2026-04-21 14:08:16,727 - performance_logger - DEBUG - This is a debug message
2026-04-21 14:08:16,729 - performance_logger - DEBUG - This is a debug message
2026-04-21 14:08:16,730 - performance_logger - DEBUG - This is a debug message
2026-04-21 14:08:16,731 - performance_logger - DEBUG - This is a debug message
2026-04-21 14:08:16,733 - performance_logger - DEBUG - This is a debug message
2026-04-21 14:08:16,734 - performance_logger - DEBUG - This is a debug message
2026-04-21 14:08:16,734 - performance_logger - DEBUG - This is a debug message
2026-04-21 14:08:16,736 - performance_logger - DEBUG - This is a debug message
2026-04-21 14:08:16,737 - performance_logger - DEBUG - This is a debug message
2026-04-21 14:08:16,738 - performance_logger - DEBUG - This is a debug message
2026-04-21 14:08:16,739 - performance_logger - DEBUG - This is a debug message
2026-04-21 14:08:16,740 - performance_logger - DEBUG - This is a debug message
2026-04-21 14:08:16,741 - performance_logger - DEBUG - This is a debug message
2026-04-21 14:08:16,742 - performance_logger - DEBUG - This is a debug message
2026-04-21 14:08:16,743 - performance_logger - DEBUG - This is a debug message
2026-04-21 14:08:16,745 - performance_logger - DEBUG - This is a debug message
2026-04-21 14:08:16,746 - performance_logger - DEBUG - This is a debug message
2026-04-21 14:08:16,748 - performance_logger - DEBUG - This is a debug message
2026-04-21 14:08:16,749 - performance_logger - DEBUG - This is a debug message
2026-04-21 14:08:16,751 - performance_logger - DEBUG - This is a debug message
2026-04-21 14:08:16,751 - performance_logger - DEBUG - This is a debug message
2026-04-21 14:08:16,752 - performance_logger - DEBUG - This is a debug message
2026-04-21 14:08:16,753 - performance_logger - DEBUG - This is a debug message
2026-04-21 14:08:16,755 - performance_logger - DEBUG - This is a debug message
2026-04-21 14:08:16,756 - performance_logger - DEBUG - This is a debug message
2026-04-21 14:08:16,757 - performance_logger - DEBUG - This is a debug message
2026-04-21 14:08:16,758 - performance_logger - DEBUG - This is a debug message
2026-04-21 14:08:16,759 - performance_logger - DEBUG - This is a debug message
2026-04-21 14:08:16,760 - performance_logger - DEBUG - This is a debug message
2026-04-21 14:08:16,761 - performance_logger - DEBUG - This is a debug message
2026-04-21 14:08:16,762 - performance_logger - DEBUG - This is a debug message
2026-04-21 14:08:16,764 - performance_logger - DEBUG - This is a debug message
2026-04-21 14:08:16,765 - performance_logger - DEBUG - This is a debug message
2026-04-21 14:08:16,766 - performance_logger - DEBUG - This is a debug message
2026-04-21 14:08:16,767 - performance_logger - DEBUG - This is a debug message
2026-04-21 14:08:16,768 - performance_logger - DEBUG - This is a debug message
2026-04-21 14:08:16,769 - performance_logger - DEBUG - This is a debug message
2026-04-21 14:08:16,771 - performance_logger - DEBUG - This is a debug message
2026-04-21 14:08:16,772 - performance_logger - DEBUG - This is a debug message
2026-04-21 14:08:16,773 - performance_logger - DEBUG - This is a debug message
2026-04-21 14:08:16,775 - performance_logger - DEBUG - This is a debug message
2026-04-21 14:08:16,776 - performance_logger - DEBUG - This is a debug message
2026-04-21 14:08:16,779 - performance_logger - DEBUG - This is a debug message
2026-04-21 14:08:16,781 - performance_logger - DEBUG - This is a debug message
2026-04-21 14:08:16,783 - performance_logger - DEBUG - This is a debug message
2026-04-21 14:08:16,787 - performance_logger - DEBUG - This is a debug message
2026-04-21 14:08:16,789 - performance_logger - DEBUG - This is a debug message
2026-04-21 14:08:16,793 - performance_logger - DEBUG - This is a debug message
2026-04-21 14:08:16,795 - performance_logger - DEBUG - This is a debug message
2026-04-21 14:08:16,797 - performance_logger - DEBUG - This is a debug message
2026-04-21 14:08:16,800 - performance_logger - DEBUG - This is a debug message
2026-04-21 14:08:16,802 - performance_logger - DEBUG - This is a debug message
2026-04-21 14:08:16,805 - performance_logger - DEBUG - This is a debug message
2026-04-21 14:08:16,807 - performance_logger - DEBUG - This is a debug message
2026-04-21 14:08:16,809 - performance_logger - DEBUG - This is a debug message
2026-04-21 14:08:16,811 - performance_logger - DEBUG - This is a debug message
2026-04-21 14:08:16,814 - performance_logger - DEBUG - This is a debug message
2026-04-21 14:08:16,816 - performance_logger - DEBUG - This is a debug message
2026-04-21 14:08:16,818 - performance_logger - DEBUG - This is a debug message
2026-04-21 14:08:16,821 - performance_logger - DEBUG - This is a debug message
2026-04-21 14:08:16,823 - performance_logger - DEBUG - This is a debug message
2026-04-21 14:08:16,825 - performance_logger - DEBUG - This is a debug message
2026-04-21 14:08:16,827 - performance_logger - DEBUG - This is a debug message
2026-04-21 14:08:16,830 - performance_logger - DEBUG - This is a debug message
2026-04-21 14:08:16,832 - performance_logger - DEBUG - This is a debug message
2026-04-21 14:08:16,836 - performance_logger - DEBUG - This is a debug message
2026-04-21 14:08:16,840 - performance_logger - DEBUG - This is a debug message
2026-04-21 14:08:16,841 - performance_logger - DEBUG - This is a debug message
2026-04-21 14:08:16,844 - performance_logger - DEBUG - This is a debug message
2026-04-21 14:08:16,847 - performance_logger - DEBUG - This is a debug message
2026-04-21 14:08:16,848 - performance_logger - DEBUG - This is a debug message
2026-04-21 14:08:16,851 - performance_logger - DEBUG - This is a debug message
2026-04-21 14:08:16,855 - performance_logger - DEBUG - This is a debug message
2026-04-21 14:08:16,858 - performance_logger - DEBUG - This is a debug message
2026-04-21 14:08:16,860 - performance_logger - DEBUG - This is a debug message
2026-04-21 14:08:16,863 - performance_logger - DEBUG - This is a debug message
2026-04-21 14:08:16,866 - performance_logger - DEBUG - This is a debug message
2026-04-21 14:08:16,870 - performance_logger - DEBUG - This is a debug message
2026-04-21 14:08:16,871 - performance_logger - DEBUG - This is a debug message
2026-04-21 14:08:16,875 - performance_logger - DEBUG - This is a debug message
2026-04-21 14:08:16,876 - performance_logger - DEBUG - This is a debug message
2026-04-21 14:08:16,878 - performance_logger - DEBUG - This is a debug message
2026-04-21 14:08:16,883 - performance_logger - DEBUG - This is a debug message
2026-04-21 14:08:16,888 - performance_logger - DEBUG - This is a debug message
2026-04-21 14:08:16,890 - performance_logger - DEBUG - This is a debug message
2026-04-21 14:08:16,897 - performance_logger - DEBUG - This is a debug message
2026-04-21 14:08:16,899 - performance_logger - DEBUG - This is a debug message
2026-04-21 14:08:16,905 - performance_logger - DEBUG - This is a debug message
2026-04-21 14:08:16,907 - performance_logger - DEBUG - This is a debug message
2026-04-21 14:08:16,915 - performance_logger - DEBUG - This is a debug message
2026-04-21 14:08:16,919 - performance_logger - DEBUG - This is a debug message
2026-04-21 14:08:16,920 - performance_logger - DEBUG - This is a debug message
2026-04-21 14:08:16,925 - performance_logger - DEBUG - This is a debug message
2026-04-21 14:08:16,930 - performance_logger - DEBUG - This is a debug message
2026-04-21 14:08:16,932 - performance_logger - DEBUG - This is a debug message
2026-04-21 14:08:16,940 - performance_logger - DEBUG - This is a debug message
2026-04-21 14:08:16,945 - performance_logger - DEBUG - This is a debug message
2026-04-21 14:08:16,949 - performance_logger - DEBUG - This is a debug message
2026-04-21 14:08:16,952 - performance_logger - DEBUG - This is a debug message
2026-04-21 14:08:16,957 - performance_logger - DEBUG - This is a debug message
2026-04-21 14:08:16,961 - performance_logger - DEBUG - This is a debug message
2026-04-21 14:08:16,972 - performance_logger - DEBUG - This is a debug message
2026-04-21 14:08:16,974 - performance_logger - DEBUG - This is a debug message
2026-04-21 14:08:16,976 - performance_logger - DEBUG - This is a debug message
2026-04-21 14:08:16,982 - performance_logger - DEBUG - This is a debug message
2026-04-21 14:08:16,986 - performance_logger - DEBUG - This is a debug message
2026-04-21 14:08:16,993 - performance_logger - DEBUG - This is a debug message
2026-04-21 14:08:16,995 - performance_logger - DEBUG - This is a debug message
2026-04-21 14:08:17,000 - performance_logger - DEBUG - This is a debug message
2026-04-21 14:08:17,005 - performance_logger - DEBUG - This is a debug message
2026-04-21 14:08:17,009 - performance_logger - DEBUG - This is a debug message
2026-04-21 14:08:17,019 - performance_logger - DEBUG - This is a debug message
2026-04-21 14:08:17,023 - performance_logger - DEBUG - This is a debug message
2026-04-21 14:08:17,026 - performance_logger - DEBUG - This is a debug message
2026-04-21 14:08:17,028 - performance_logger - DEBUG - This is a debug message
2026-04-21 14:08:17,032 - performance_logger - DEBUG - This is a debug message
2026-04-21 14:08:17,035 - performance_logger - DEBUG - This is a debug message
2026-04-21 14:08:17,037 - performance_logger - DEBUG - This is a debug message
2026-04-21 14:08:17,039 - performance_logger - DEBUG - This is a debug message
2026-04-21 14:08:17,044 - performance_logger - DEBUG - This is a debug message
2026-04-21 14:08:17,045 - performance_logger - DEBUG - This is a debug message
2026-04-21 14:08:17,051 - performance_logger - DEBUG - This is a debug message
2026-04-21 14:08:17,055 - performance_logger - DEBUG - This is a debug message
2026-04-21 14:08:17,056 - performance_logger - DEBUG - This is a debug message
2026-04-21 14:08:17,061 - performance_logger - DEBUG - This is a debug message
2026-04-21 14:08:17,064 - performance_logger - DEBUG - This is a debug message
2026-04-21 14:08:17,068 - performance_logger - DEBUG - This is a debug message
2026-04-21 14:08:17,070 - performance_logger - DEBUG - This is a debug message
2026-04-21 14:08:17,075 - performance_logger - DEBUG - This is a debug message
2026-04-21 14:08:17,077 - performance_logger - DEBUG - This is a debug message
2026-04-21 14:08:17,081 - performance_logger - DEBUG - This is a debug message
2026-04-21 14:08:17,083 - performance_logger - DEBUG - This is a debug message
2026-04-21 14:08:17,088 - performance_logger - DEBUG - This is a debug message
2026-04-21 14:08:17,090 - performance_logger - DEBUG - This is a debug message
2026-04-21 14:08:17,093 - performance_logger - DEBUG - This is a debug message
2026-04-21 14:08:17,095 - performance_logger - DEBUG - This is a debug message
2026-04-21 14:08:17,101 - performance_logger - DEBUG - This is a debug message
2026-04-21 14:08:17,103 - performance_logger - DEBUG - This is a debug message
2026-04-21 14:08:17,109 - performance_logger - DEBUG - This is a debug message
2026-04-21 14:08:17,114 - performance_logger - DEBUG - This is a debug message
2026-04-21 14:08:17,116 - performance_logger - DEBUG - This is a debug message
2026-04-21 14:08:17,118 - performance_logger - DEBUG - This is a debug message
2026-04-21 14:08:17,120 - performance_logger - DEBUG - This is a debug message
2026-04-21 14:08:17,121 - performance_logger - DEBUG - This is a debug message
2026-04-21 14:08:17,123 - performance_logger - DEBUG - This is a debug message
2026-04-21 14:08:17,126 - performance_logger - DEBUG - This is a debug message
2026-04-21 14:08:17,127 - performance_logger - DEBUG - This is a debug message
2026-04-21 14:08:17,130 - performance_logger - DEBUG - This is a debug message
2026-04-21 14:08:17,132 - performance_logger - DEBUG - This is a debug message
2026-04-21 14:08:17,142 - performance_logger - DEBUG - This is a debug message
2026-04-21 14:08:17,144 - performance_logger - DEBUG - This is a debug message
2026-04-21 14:08:17,145 - performance_logger - DEBUG - This is a debug message
2026-04-21 14:08:17,148 - performance_logger - DEBUG - This is a debug message
2026-04-21 14:08:17,150 - performance_logger - DEBUG - This is a debug message
2026-04-21 14:08:17,155 - performance_logger - DEBUG - This is a debug message
2026-04-21 14:08:17,163 - performance_logger - DEBUG - This is a debug message
2026-04-21 14:08:17,164 - performance_logger - DEBUG - This is a debug message
2026-04-21 14:08:17,166 - performance_logger - DEBUG - This is a debug message
2026-04-21 14:08:17,169 - performance_logger - DEBUG - This is a debug message
2026-04-21 14:08:17,176 - performance_logger - DEBUG - This is a debug message
2026-04-21 14:08:17,178 - performance_logger - DEBUG - This is a debug message
2026-04-21 14:08:17,184 - performance_logger - DEBUG - This is a debug message
2026-04-21 14:08:17,189 - performance_logger - DEBUG - This is a debug message
2026-04-21 14:08:17,196 - performance_logger - DEBUG - This is a debug message
2026-04-21 14:08:17,200 - performance_logger - DEBUG - This is a debug message
2026-04-21 14:08:17,203 - performance_logger - DEBUG - This is a debug message
2026-04-21 14:08:17,211 - performance_logger - DEBUG - This is a debug message
2026-04-21 14:08:17,216 - performance_logger - DEBUG - This is a debug message
2026-04-21 14:08:17,226 - performance_logger - DEBUG - This is a debug message
2026-04-21 14:08:17,230 - performance_logger - DEBUG - This is a debug message
2026-04-21 14:08:17,236 - performance_logger - DEBUG - This is a debug message
2026-04-21 14:08:17,242 - performance_logger - DEBUG - This is a debug message
2026-04-21 14:08:17,249 - performance_logger - DEBUG - This is a debug message
2026-04-21 14:08:17,257 - performance_logger - DEBUG - This is a debug message
2026-04-21 14:08:17,259 - performance_logger - DEBUG - This is a debug message
2026-04-21 14:08:17,265 - performance_logger - DEBUG - This is a debug message
2026-04-21 14:08:17,278 - performance_logger - DEBUG - This is a debug message
2026-04-21 14:08:17,280 - performance_logger - DEBUG - This is a debug message
2026-04-21 14:08:17,285 - performance_logger - DEBUG - This is a debug message
2026-04-21 14:08:17,292 - performance_logger - DEBUG - This is a debug message
2026-04-21 14:08:17,296 - performance_logger - DEBUG - This is a debug message
2026-04-21 14:08:17,298 - performance_logger - DEBUG - This is a debug message
2026-04-21 14:08:17,307 - performance_logger - DEBUG - This is a debug message
2026-04-21 14:08:17,309 - performance_logger - DEBUG - This is a debug message
2026-04-21 14:08:17,317 - performance_logger - DEBUG - This is a debug message
2026-04-21 14:08:17,322 - performance_logger - DEBUG - This is a debug message
2026-04-21 14:08:17,328 - performance_logger - DEBUG - This is a debug message
2026-04-21 14:08:17,333 - performance_logger - DEBUG - This is a debug message
2026-04-21 14:08:17,338 - performance_logger - DEBUG - This is a debug message
2026-04-21 14:08:17,345 - performance_logger - DEBUG - This is a debug message
2026-04-21 14:08:17,348 - performance_logger - DEBUG - This is a debug message
2026-04-21 14:08:17,359 - performance_logger - DEBUG - This is a debug message
2026-04-21 14:08:17,364 - performance_logger - DEBUG - This is a debug message
2026-04-21 14:08:17,368 - performance_logger - DEBUG - This is a debug message
2026-04-21 14:08:17,378 - performance_logger - DEBUG - This is a debug message
2026-04-21 14:08:17,380 - performance_logger - DEBUG - This is a debug message
2026-04-21 14:08:17,387 - performance_logger - DEBUG - This is a debug message
2026-04-21 14:08:17,403 - performance_logger - DEBUG - This is a debug message
2026-04-21 14:08:17,411 - performance_logger - DEBUG - This is a debug message
2026-04-21 14:08:17,424 - performance_logger - DEBUG - This is a debug message
2026-04-21 14:08:17,432 - performance_logger - DEBUG - This is a debug message
2026-04-21 14:08:17,437 - performance_logger - DEBUG - This is a debug message
2026-04-21 14:08:17,443 - performance_logger - DEBUG - This is a debug message
2026-04-21 14:08:17,454 - performance_logger - DEBUG - This is a debug message
2026-04-21 14:08:17,460 - performance_logger - DEBUG - This is a debug message
2026-04-21 14:08:17,467 - performance_logger - DEBUG - This is a debug message
2026-04-21 14:08:17,470 - performance_logger - DEBUG - This is a debug message
2026-04-21 14:08:17,487 - performance_logger - DEBUG - This is a debug message
2026-04-21 14:08:17,494 - performance_logger - DEBUG - This is a debug message
2026-04-21 14:08:17,503 - performance_logger - DEBUG - This is a debug message
2026-04-21 14:08:17,512 - performance_logger - DEBUG - This is a debug message
2026-04-21 14:08:17,514 - performance_logger - DEBUG - This is a debug message
2026-04-21 14:08:17,515 - performance_logger - DEBUG - This is a debug message
2026-04-21 14:08:17,519 - performance_logger - DEBUG - This is a debug message
2026-04-21 14:08:17,520 - performance_logger - DEBUG - This is a debug message
2026-04-21 14:08:17,521 - performance_logger - DEBUG - This is a debug message
2026-04-21 14:08:17,523 - performance_logger - DEBUG - This is a debug message
2026-04-21 14:08:17,523 - performance_logger - DEBUG - This is a debug message
2026-04-21 14:08:17,524 - performance_logger - DEBUG - This is a debug message
2026-04-21 14:08:17,525 - performance_logger - DEBUG - This is a debug message
2026-04-21 14:08:17,526 - performance_logger - DEBUG - This is a debug message
2026-04-21 14:08:17,528 - performance_logger - DEBUG - This is a debug message
2026-04-21 14:08:17,532 - performance_logger - DEBUG - This is a debug message
2026-04-21 14:08:17,534 - performance_logger - DEBUG - This is a debug message
2026-04-21 14:08:17,538 - performance_logger - DEBUG - This is a debug message
2026-04-21 14:08:17,543 - performance_logger - DEBUG - This is a debug message
2026-04-21 14:08:17,544 - performance_logger - DEBUG - This is a debug message
2026-04-21 14:08:17,549 - performance_logger - DEBUG - This is a debug message
2026-04-21 14:08:17,555 - performance_logger - DEBUG - This is a debug message
2026-04-21 14:08:17,556 - performance_logger - DEBUG - This is a debug message
2026-04-21 14:08:17,558 - performance_logger - DEBUG - This is a debug message
2026-04-21 14:08:17,560 - performance_logger - DEBUG - This is a debug message
2026-04-21 14:08:17,569 - performance_logger - DEBUG - This is a debug message
2026-04-21 14:08:17,573 - performance_logger - DEBUG - This is a debug message
2026-04-21 14:08:17,574 - performance_logger - DEBUG - This is a debug message
2026-04-21 14:08:17,575 - performance_logger - DEBUG - This is a debug message
2026-04-21 14:08:17,584 - performance_logger - DEBUG - This is a debug message
2026-04-21 14:08:17,585 - performance_logger - DEBUG - This is a debug message
2026-04-21 14:08:17,586 - performance_logger - DEBUG - This is a debug message
2026-04-21 14:08:17,588 - performance_logger - DEBUG - This is a debug message
2026-04-21 14:08:17,590 - performance_logger - DEBUG - This is a debug message
2026-04-21 14:08:17,592 - performance_logger - DEBUG - This is a debug message
2026-04-21 14:08:17,595 - performance_logger - DEBUG - This is a debug message
2026-04-21 14:08:17,599 - performance_logger - DEBUG - This is a debug message
2026-04-21 14:08:17,601 - performance_logger - DEBUG - This is a debug message
2026-04-21 14:08:17,602 - performance_logger - DEBUG - This is a debug message
2026-04-21 14:08:17,603 - performance_logger - DEBUG - This is a debug message
2026-04-21 14:08:17,604 - performance_logger - DEBUG - This is a debug message
2026-04-21 14:08:17,605 - performance_logger - DEBUG - This is a debug message
2026-04-21 14:08:17,606 - performance_logger - DEBUG - This is a debug message
2026-04-21 14:08:17,607 - performance_logger - DEBUG - This is a debug message
2026-04-21 14:08:17,608 - performance_logger - DEBUG - This is a debug message
2026-04-21 14:08:17,609 - performance_logger - DEBUG - This is a debug message
2026-04-21 14:08:17,610 - performance_logger - DEBUG - This is a debug message
2026-04-21 14:08:17,612 - performance_logger - DEBUG - This is a debug message
2026-04-21 14:08:17,615 - performance_logger - DEBUG - This is a debug message
2026-04-21 14:08:17,617 - performance_logger - DEBUG - This is a debug message
2026-04-21 14:08:17,618 - performance_logger - DEBUG - This is a debug message
2026-04-21 14:08:17,619 - performance_logger - DEBUG - This is a debug message
2026-04-21 14:08:17,620 - performance_logger - DEBUG - This is a debug message
2026-04-21 14:08:17,628 - performance_logger - DEBUG - This is a debug message
2026-04-21 14:08:17,632 - performance_logger - DEBUG - This is a debug message
2026-04-21 14:08:17,636 - performance_logger - DEBUG - This is a debug message
2026-04-21 14:08:17,640 - performance_logger - DEBUG - This is a debug message
2026-04-21 14:08:17,642 - performance_logger - DEBUG - This is a debug message
2026-04-21 14:08:17,651 - performance_logger - DEBUG - This is a debug message
2026-04-21 14:08:17,654 - performance_logger - DEBUG - This is a debug message
2026-04-21 14:08:17,660 - performance_logger - DEBUG - This is a debug message
2026-04-21 14:08:17,665 - performance_logger - DEBUG - This is a debug message
2026-04-21 14:08:17,671 - performance_logger - DEBUG - This is a debug message
2026-04-21 14:08:17,673 - performance_logger - DEBUG - This is a debug message
2026-04-21 14:08:17,680 - performance_logger - DEBUG - This is a debug message
2026-04-21 14:08:17,682 - performance_logger - DEBUG - This is a debug message
2026-04-21 14:08:17,686 - performance_logger - DEBUG - This is a debug message
2026-04-21 14:08:17,697 - performance_logger - DEBUG - This is a debug message
2026-04-21 14:08:17,708 - performance_logger - DEBUG - This is a debug message
2026-04-21 14:08:17,716 - performance_logger - DEBUG - This is a debug message
2026-04-21 14:08:17,720 - performance_logger - DEBUG - This is a debug message
2026-04-21 14:08:17,732 - performance_logger - DEBUG - This is a debug message
2026-04-21 14:08:17,733 - performance_logger - DEBUG - This is a debug message
2026-04-21 14:08:17,740 - performance_logger - DEBUG - This is a debug message
2026-04-21 14:08:17,742 - performance_logger - DEBUG - This is a debug message
2026-04-21 14:08:17,749 - performance_logger - DEBUG - This is a debug message
2026-04-21 14:08:17,759 - performance_logger - DEBUG - This is a debug message
2026-04-21 14:08:17,763 - performance_logger - DEBUG - This is a debug message
2026-04-21 14:08:17,770 - performance_logger - DEBUG - This is a debug message
2026-04-21 14:08:17,772 - performance_logger - DEBUG - This is a debug message
2026-04-21 14:08:17,773 - performance_logger - DEBUG - This is a debug message
2026-04-21 14:08:17,775 - performance_logger - DEBUG - This is a debug message
2026-04-21 14:08:17,779 - performance_logger - DEBUG - This is a debug message
2026-04-21 14:08:17,782 - performance_logger - DEBUG - This is a debug message
2026-04-21 14:08:17,784 - performance_logger - DEBUG - This is a debug message
2026-04-21 14:08:17,790 - performance_logger - DEBUG - This is a debug message
2026-04-21 14:08:17,793 - performance_logger - DEBUG - This is a debug message
2026-04-21 14:08:17,802 - performance_logger - DEBUG - This is a debug message
2026-04-21 14:08:17,804 - performance_logger - DEBUG - This is a debug message
2026-04-21 14:08:17,806 - performance_logger - DEBUG - This is a debug message
2026-04-21 14:08:17,810 - performance_logger - DEBUG - This is a debug message
2026-04-21 14:08:17,811 - performance_logger - DEBUG - This is a debug message
2026-04-21 14:08:17,816 - performance_logger - DEBUG - This is a debug message
2026-04-21 14:08:17,818 - performance_logger - DEBUG - This is a debug message
2026-04-21 14:08:17,820 - performance_logger - DEBUG - This is a debug message
2026-04-21 14:08:17,828 - performance_logger - DEBUG - This is a debug message
2026-04-21 14:08:17,831 - performance_logger - DEBUG - This is a debug message
2026-04-21 14:08:17,838 - performance_logger - DEBUG - This is a debug message
2026-04-21 14:08:17,840 - performance_logger - DEBUG - This is a debug message
2026-04-21 14:08:17,842 - performance_logger - DEBUG - This is a debug message
2026-04-21 14:08:17,851 - performance_logger - DEBUG - This is a debug message
2026-04-21 14:08:17,853 - performance_logger - DEBUG - This is a debug message
2026-04-21 14:08:17,859 - performance_logger - DEBUG - This is a debug message
2026-04-21 14:08:17,861 - performance_logger - DEBUG - This is a debug message
2026-04-21 14:08:17,867 - performance_logger - DEBUG - This is a debug message
2026-04-21 14:08:17,872 - performance_logger - DEBUG - This is a debug message
2026-04-21 14:08:17,876 - performance_logger - DEBUG - This is a debug message
2026-04-21 14:08:17,881 - performance_logger - DEBUG - This is a debug message
2026-04-21 14:08:17,885 - performance_logger - DEBUG - This is a debug message
2026-04-21 14:08:17,890 - performance_logger - DEBUG - This is a debug message
2026-04-21 14:08:17,897 - performance_logger - DEBUG - This is a debug message
2026-04-21 14:08:17,899 - performance_logger - DEBUG - This is a debug message
2026-04-21 14:08:17,907 - performance_logger - DEBUG - This is a debug message
2026-04-21 14:08:17,908 - performance_logger - DEBUG - This is a debug message
2026-04-21 14:08:17,915 - performance_logger - DEBUG - This is a debug message
2026-04-21 14:08:17,917 - performance_logger - DEBUG - This is a debug message
2026-04-21 14:08:17,918 - performance_logger - DEBUG - This is a debug message
2026-04-21 14:08:17,927 - performance_logger - DEBUG - This is a debug message
2026-04-21 14:08:17,932 - performance_logger - DEBUG - This is a debug message
2026-04-21 14:08:17,934 - performance_logger - DEBUG - This is a debug message
2026-04-21 14:08:17,938 - performance_logger - DEBUG - This is a debug message
2026-04-21 14:08:17,939 - performance_logger - DEBUG - This is a debug message
2026-04-21 14:08:17,941 - performance_logger - DEBUG - This is a debug message
2026-04-21 14:08:17,946 - performance_logger - DEBUG - This is a debug message
2026-04-21 14:08:17,948 - performance_logger - DEBUG - This is a debug message
2026-04-21 14:08:17,957 - performance_logger - DEBUG - This is a debug message
2026-04-21 14:08:17,959 - performance_logger - DEBUG - This is a debug message
2026-04-21 14:08:17,962 - performance_logger - DEBUG - This is a debug message
2026-04-21 14:08:17,963 - performance_logger - DEBUG - This is a debug message
2026-04-21 14:08:17,972 - performance_logger - DEBUG - This is a debug message
2026-04-21 14:08:17,975 - performance_logger - DEBUG - This is a debug message
2026-04-21 14:08:17,981 - performance_logger - DEBUG - This is a debug message
2026-04-21 14:08:17,983 - performance_logger - DEBUG - This is a debug message
2026-04-21 14:08:17,990 - performance_logger - DEBUG - This is a debug message
2026-04-21 14:08:17,992 - performance_logger - DEBUG - This is a debug message
2026-04-21 14:08:17,998 - performance_logger - DEBUG - This is a debug message
2026-04-21 14:08:18,000 - performance_logger - DEBUG - This is a debug message
2026-04-21 14:08:18,002 - performance_logger - DEBUG - This is a debug message
2026-04-21 14:08:18,009 - performance_logger - DEBUG - This is a debug message
2026-04-21 14:08:18,014 - performance_logger - DEBUG - This is a debug message
2026-04-21 14:08:18,015 - performance_logger - DEBUG - This is a debug message
2026-04-21 14:08:18,021 - performance_logger - DEBUG - This is a debug message
2026-04-21 14:08:18,029 - performance_logger - DEBUG - This is a debug message
2026-04-21 14:08:18,037 - performance_logger - DEBUG - This is a debug message
2026-04-21 14:08:18,051 - performance_logger - DEBUG - This is a debug message
2026-04-21 14:08:18,055 - performance_logger - DEBUG - This is a debug message
2026-04-21 14:08:18,062 - performance_logger - DEBUG - This is a debug message
2026-04-21 14:08:18,069 - performance_logger - DEBUG - This is a debug message
2026-04-21 14:08:18,076 - performance_logger - DEBUG - This is a debug message
2026-04-21 14:08:18,084 - performance_logger - DEBUG - This is a debug message
2026-04-21 14:08:18,086 - performance_logger - DEBUG - This is a debug message
2026-04-21 14:08:18,098 - performance_logger - DEBUG - This is a debug message
2026-04-21 14:08:18,109 - performance_logger - DEBUG - This is a debug message
2026-04-21 14:08:18,115 - performance_logger - DEBUG - This is a debug message
2026-04-21 14:08:18,123 - performance_logger - DEBUG - This is a debug message
2026-04-21 14:08:18,125 - performance_logger - DEBUG - This is a debug message
2026-04-21 14:08:18,130 - performance_logger - DEBUG - This is a debug message
2026-04-21 14:08:18,136 - performance_logger - DEBUG - This is a debug message
2026-04-21 14:08:18,146 - performance_logger - DEBUG - This is a debug message
2026-04-21 14:08:18,152 - performance_logger - DEBUG - This is a debug message
2026-04-21 14:08:18,159 - performance_logger - DEBUG - This is a debug message
2026-04-21 14:08:18,163 - performance_logger - DEBUG - This is a debug message
2026-04-21 14:08:18,172 - performance_logger - DEBUG - This is a debug message
2026-04-21 14:08:18,178 - performance_logger - DEBUG - This is a debug message
2026-04-21 14:08:18,187 - performance_logger - DEBUG - This is a debug message
2026-04-21 14:08:18,192 - performance_logger - DEBUG - This is a debug message
2026-04-21 14:08:18,198 - performance_logger - DEBUG - This is a debug message
2026-04-21 14:08:18,205 - performance_logger - DEBUG - This is a debug message
2026-04-21 14:08:18,207 - performance_logger - DEBUG - This is a debug message
2026-04-21 14:08:18,211 - performance_logger - DEBUG - This is a debug message
2026-04-21 14:08:18,217 - performance_logger - DEBUG - This is a debug message
2026-04-21 14:08:18,224 - performance_logger - DEBUG - This is a debug message
2026-04-21 14:08:18,230 - performance_logger - DEBUG - This is a debug message
2026-04-21 14:08:18,237 - performance_logger - DEBUG - This is a debug message
2026-04-21 14:08:18,242 - performance_logger - DEBUG - This is a debug message
2026-04-21 14:08:18,244 - performance_logger - DEBUG - This is a debug message
2026-04-21 14:08:18,247 - performance_logger - DEBUG - This is a debug message
2026-04-21 14:08:18,252 - performance_logger - DEBUG - This is a debug message
2026-04-21 14:08:18,258 - performance_logger - DEBUG - This is a debug message
2026-04-21 14:08:18,263 - performance_logger - DEBUG - This is a debug message
2026-04-21 14:08:18,270 - performance_logger - DEBUG - This is a debug message
2026-04-21 14:08:18,279 - performance_logger - DEBUG - This is a debug message
2026-04-21 14:08:18,288 - performance_logger - DEBUG - This is a debug message
2026-04-21 14:08:18,291 - performance_logger - DEBUG - This is a debug message
2026-04-21 14:08:18,302 - performance_logger - DEBUG - This is a debug message
2026-04-21 14:08:18,304 - performance_logger - DEBUG - This is a debug message
2026-04-21 14:08:18,312 - performance_logger - DEBUG - This is a debug message
2026-04-21 14:08:18,322 - performance_logger - DEBUG - This is a debug message
2026-04-21 14:08:18,324 - performance_logger - DEBUG - This is a debug message
2026-04-21 14:08:18,330 - performance_logger - DEBUG - This is a debug message
2026-04-21 14:08:18,337 - performance_logger - DEBUG - This is a debug message
2026-04-21 14:08:18,343 - performance_logger - DEBUG - This is a debug message
2026-04-21 14:08:18,349 - performance_logger - DEBUG - This is a debug message
2026-04-21 14:08:18,356 - performance_logger - DEBUG - This is a debug message
2026-04-21 14:08:18,357 - performance_logger - DEBUG - This is a debug message
2026-04-21 14:08:18,365 - performance_logger - DEBUG - This is a debug message
2026-04-21 14:08:18,370 - performance_logger - DEBUG - This is a debug message
2026-04-21 14:08:18,375 - performance_logger - DEBUG - This is a debug message
2026-04-21 14:08:18,380 - performance_logger - DEBUG - This is a debug message
2026-04-21 14:08:18,389 - performance_logger - DEBUG - This is a debug message
2026-04-21 14:08:18,394 - performance_logger - DEBUG - This is a debug message
2026-04-21 14:08:18,399 - performance_logger - DEBUG - This is a debug message
2026-04-21 14:08:18,401 - performance_logger - DEBUG - This is a debug message
2026-04-21 14:08:18,403 - performance_logger - DEBUG - This is a debug message
2026-04-21 14:08:18,406 - performance_logger - DEBUG - This is a debug message
2026-04-21 14:08:18,410 - performance_logger - DEBUG - This is a debug message
2026-04-21 14:08:18,412 - performance_logger - DEBUG - This is a debug message
2026-04-21 14:08:18,414 - performance_logger - DEBUG - This is a debug message
2026-04-21 14:08:18,419 - performance_logger - DEBUG - This is a debug message
2026-04-21 14:08:18,423 - performance_logger - DEBUG - This is a debug message
2026-04-21 14:08:18,427 - performance_logger - DEBUG - This is a debug message
2026-04-21 14:08:18,431 - performance_logger - DEBUG - This is a debug message
2026-04-21 14:08:18,434 - performance_logger - DEBUG - This is a debug message
2026-04-21 14:08:18,435 - performance_logger - DEBUG - This is a debug message
2026-04-21 14:08:18,437 - performance_logger - DEBUG - This is a debug message
2026-04-21 14:08:18,441 - performance_logger - DEBUG - This is a debug message
2026-04-21 14:08:18,443 - performance_logger - DEBUG - This is a debug message
2026-04-21 14:08:18,446 - performance_logger - DEBUG - This is a debug message
2026-04-21 14:08:18,447 - performance_logger - DEBUG - This is a debug message
2026-04-21 14:08:18,450 - performance_logger - DEBUG - This is a debug message
2026-04-21 14:08:18,451 - performance_logger - DEBUG - This is a debug message
2026-04-21 14:08:18,455 - performance_logger - DEBUG - This is a debug message
2026-04-21 14:08:18,457 - performance_logger - DEBUG - This is a debug message
2026-04-21 14:08:18,464 - performance_logger - DEBUG - This is a debug message
2026-04-21 14:08:18,466 - performance_logger - DEBUG - This is a debug message
2026-04-21 14:08:18,470 - performance_logger - DEBUG - This is a debug message
2026-04-21 14:08:18,474 - performance_logger - DEBUG - This is a debug message
2026-04-21 14:08:18,476 - performance_logger - DEBUG - This is a debug message
2026-04-21 14:08:18,481 - performance_logger - DEBUG - This is a debug message
2026-04-21 14:08:18,483 - performance_logger - DEBUG - This is a debug message
2026-04-21 14:08:18,485 - performance_logger - DEBUG - This is a debug message
2026-04-21 14:08:18,487 - performance_logger - DEBUG - This is a debug message
2026-04-21 14:08:18,491 - performance_logger - DEBUG - This is a debug message
2026-04-21 14:08:18,492 - performance_logger - DEBUG - This is a debug message
2026-04-21 14:08:18,494 - performance_logger - DEBUG - This is a debug message
2026-04-21 14:08:18,496 - performance_logger - DEBUG - This is a debug message
2026-04-21 14:08:18,499 - performance_logger - DEBUG - This is a debug message
2026-04-21 14:08:18,506 - performance_logger - DEBUG - This is a debug message
2026-04-21 14:08:18,507 - performance_logger - DEBUG - This is a debug message
2026-04-21 14:08:18,510 - performance_logger - DEBUG - This is a debug message
2026-04-21 14:08:18,514 - performance_logger - DEBUG - This is a debug message
2026-04-21 14:08:18,516 - performance_logger - DEBUG - This is a debug message
2026-04-21 14:08:18,517 - performance_logger - DEBUG - This is a debug message
2026-04-21 14:08:18,519 - performance_logger - DEBUG - This is a debug message
2026-04-21 14:08:18,523 - performance_logger - DEBUG - This is a debug message
2026-04-21 14:08:18,529 - performance_logger - DEBUG - This is a debug message
2026-04-21 14:08:18,532 - performance_logger - DEBUG - This is a debug message
2026-04-21 14:08:18,535 - performance_logger - DEBUG - This is a debug message
2026-04-21 14:08:18,539 - performance_logger - DEBUG - This is a debug message
2026-04-21 14:08:18,543 - performance_logger - DEBUG - This is a debug message
2026-04-21 14:08:18,548 - performance_logger - DEBUG - This is a debug message
2026-04-21 14:08:18,549 - performance_logger - DEBUG - This is a debug message
2026-04-21 14:08:18,556 - performance_logger - DEBUG - This is a debug message
2026-04-21 14:08:18,558 - performance_logger - DEBUG - This is a debug message
2026-04-21 14:08:18,563 - performance_logger - DEBUG - This is a debug message
2026-04-21 14:08:18,567 - performance_logger - DEBUG - This is a debug message
2026-04-21 14:08:18,572 - performance_logger - DEBUG - This is a debug message
2026-04-21 14:08:18,581 - performance_logger - DEBUG - This is a debug message
2026-04-21 14:08:18,591 - performance_logger - DEBUG - This is a debug message
2026-04-21 14:08:18,595 - performance_logger - DEBUG - This is a debug message
2026-04-21 14:08:18,600 - performance_logger - DEBUG - This is a debug message
2026-04-21 14:08:18,607 - performance_logger - DEBUG - This is a debug message
2026-04-21 14:08:18,613 - performance_logger - DEBUG - This is a debug message
2026-04-21 14:08:18,622 - performance_logger - DEBUG - This is a debug message
2026-04-21 14:08:18,624 - performance_logger - DEBUG - This is a debug message
2026-04-21 14:08:18,638 - performance_logger - DEBUG - This is a debug message
2026-04-21 14:08:18,642 - performance_logger - DEBUG - This is a debug message
2026-04-21 14:08:18,649 - performance_logger - DEBUG - This is a debug message
2026-04-21 14:08:18,660 - performance_logger - DEBUG - This is a debug message
2026-04-21 14:08:18,662 - performance_logger - DEBUG - This is a debug message
2026-04-21 14:08:18,674 - performance_logger - DEBUG - This is a debug message
2026-04-21 14:08:18,682 - performance_logger - DEBUG - This is a debug message
2026-04-21 14:08:18,684 - performance_logger - DEBUG - This is a debug message
2026-04-21 14:08:18,692 - performance_logger - DEBUG - This is a debug message
2026-04-21 14:08:18,697 - performance_logger - DEBUG - This is a debug message
2026-04-21 14:08:18,706 - performance_logger - DEBUG - This is a debug message
2026-04-21 14:08:18,711 - performance_logger - DEBUG - This is a debug message
2026-04-21 14:08:18,714 - performance_logger - DEBUG - This is a debug message
2026-04-21 14:08:18,716 - performance_logger - DEBUG - This is a debug message
2026-04-21 14:08:18,718 - performance_logger - DEBUG - This is a debug message
2026-04-21 14:08:18,719 - performance_logger - DEBUG - This is a debug message
2026-04-21 14:08:18,723 - performance_logger - DEBUG - This is a debug message
2026-04-21 14:08:18,726 - performance_logger - DEBUG - This is a debug message
2026-04-21 14:08:18,730 - performance_logger - DEBUG - This is a debug message
2026-04-21 14:08:18,732 - performance_logger - DEBUG - This is a debug message
2026-04-21 14:08:18,734 - performance_logger - DEBUG - This is a debug message
2026-04-21 14:08:18,736 - performance_logger - DEBUG - This is a debug message
2026-04-21 14:08:18,739 - performance_logger - DEBUG - This is a debug message
2026-04-21 14:08:18,750 - performance_logger - DEBUG - This is a debug message
2026-04-21 14:08:18,755 - performance_logger - DEBUG - This is a debug message
2026-04-21 14:08:18,758 - performance_logger - DEBUG - This is a debug message
2026-04-21 14:08:18,765 - performance_logger - DEBUG - This is a debug message
2026-04-21 14:08:18,777 - performance_logger - DEBUG - This is a debug message
2026-04-21 14:08:18,782 - performance_logger - DEBUG - This is a debug message
2026-04-21 14:08:18,788 - performance_logger - DEBUG - This is a debug message
2026-04-21 14:08:18,789 - performance_logger - DEBUG - This is a debug message
2026-04-21 14:08:18,792 - performance_logger - DEBUG - This is a debug message
2026-04-21 14:08:18,794 - performance_logger - DEBUG - This is a debug message
2026-04-21 14:08:18,798 - performance_logger - DEBUG - This is a debug message
2026-04-21 14:08:18,800 - performance_logger - DEBUG - This is a debug message
2026-04-21 14:08:18,801 - performance_logger - DEBUG - This is a debug message
2026-04-21 14:08:18,802 - performance_logger - DEBUG - This is a debug message
2026-04-21 14:08:18,805 - performance_logger - DEBUG - This is a debug message
2026-04-21 14:08:18,806 - performance_logger - DEBUG - This is a debug message
2026-04-21 14:08:18,809 - performance_logger - DEBUG - This is a debug message
2026-04-21 14:08:18,809 - performance_logger - DEBUG - This is a debug message
2026-04-21 14:08:18,810 - performance_logger - DEBUG - This is a debug message
2026-04-21 14:08:18,811 - performance_logger - DEBUG - This is a debug message
2026-04-21 14:08:18,812 - performance_logger - DEBUG - This is a debug message
2026-04-21 14:08:18,813 - performance_logger - DEBUG - This is a debug message
2026-04-21 14:08:18,816 - performance_logger - DEBUG - This is a debug message
2026-04-21 14:08:18,817 - performance_logger - DEBUG - This is a debug message
2026-04-21 14:08:18,817 - performance_logger - DEBUG - This is a debug message
2026-04-21 14:08:18,828 - performance_logger - DEBUG - This is a debug message
2026-04-21 14:08:18,829 - performance_logger - DEBUG - This is a debug message
2026-04-21 14:08:18,830 - performance_logger - DEBUG - This is a debug message
2026-04-21 14:08:18,832 - performance_logger - DEBUG - This is a debug message
2026-04-21 14:08:18,835 - performance_logger - DEBUG - This is a debug message
2026-04-21 14:08:18,839 - performance_logger - DEBUG - This is a debug message
2026-04-21 14:08:18,843 - performance_logger - DEBUG - This is a debug message
2026-04-21 14:08:18,844 - performance_logger - DEBUG - This is a debug message
2026-04-21 14:08:18,845 - performance_logger - DEBUG - This is a debug message
2026-04-21 14:08:18,847 - performance_logger - DEBUG - This is a debug message
2026-04-21 14:08:18,848 - performance_logger - DEBUG - This is a debug message
2026-04-21 14:08:18,849 - performance_logger - DEBUG - This is a debug message
2026-04-21 14:08:18,850 - performance_logger - DEBUG - This is a debug message
2026-04-21 14:08:18,851 - performance_logger - DEBUG - This is a debug message
2026-04-21 14:08:18,856 - performance_logger - DEBUG - This is a debug message
2026-04-21 14:08:18,857 - performance_logger - DEBUG - This is a debug message
2026-04-21 14:08:18,858 - performance_logger - DEBUG - This is a debug message
2026-04-21 14:08:18,859 - performance_logger - DEBUG - This is a debug message
2026-04-21 14:08:18,861 - performance_logger - DEBUG - This is a debug message
2026-04-21 14:08:18,864 - performance_logger - DEBUG - This is a debug message
2026-04-21 14:08:18,866 - performance_logger - DEBUG - This is a debug message
2026-04-21 14:08:18,867 - performance_logger - DEBUG - This is a debug message
2026-04-21 14:08:18,873 - performance_logger - DEBUG - This is a debug message
2026-04-21 14:08:18,876 - performance_logger - DEBUG - This is a debug message
2026-04-21 14:08:18,877 - performance_logger - DEBUG - This is a debug message
2026-04-21 14:08:18,878 - performance_logger - DEBUG - This is a debug message
2026-04-21 14:08:18,880 - performance_logger - DEBUG - This is a debug message
2026-04-21 14:08:18,883 - performance_logger - DEBUG - This is a debug message
2026-04-21 14:08:18,884 - performance_logger - DEBUG - This is a debug message
2026-04-21 14:08:18,885 - performance_logger - DEBUG - This is a debug message
2026-04-21 14:08:18,886 - performance_logger - DEBUG - This is a debug message
2026-04-21 14:08:18,888 - performance_logger - DEBUG - This is a debug message
2026-04-21 14:08:18,890 - performance_logger - DEBUG - This is a debug message
2026-04-21 14:08:18,895 - performance_logger - DEBUG - This is a debug message
2026-04-21 14:08:18,898 - performance_logger - DEBUG - This is a debug message
2026-04-21 14:08:18,899 - performance_logger - DEBUG - This is a debug message
2026-04-21 14:08:18,901 - performance_logger - DEBUG - This is a debug message
2026-04-21 14:08:18,905 - performance_logger - DEBUG - This is a debug message
2026-04-21 14:08:18,907 - performance_logger - DEBUG - This is a debug message
2026-04-21 14:08:18,910 - performance_logger - DEBUG - This is a debug message
2026-04-21 14:08:18,912 - performance_logger - DEBUG - This is a debug message
2026-04-21 14:08:18,913 - performance_logger - DEBUG - This is a debug message
2026-04-21 14:08:18,915 - performance_logger - DEBUG - This is a debug message
2026-04-21 14:08:18,921 - performance_logger - DEBUG - This is a debug message
2026-04-21 14:08:18,922 - performance_logger - DEBUG - This is a debug message
2026-04-21 14:08:18,925 - performance_logger - DEBUG - This is a debug message
2026-04-21 14:08:18,927 - performance_logger - DEBUG - This is a debug message
2026-04-21 14:08:18,928 - performance_logger - DEBUG - This is a debug message
2026-04-21 14:08:18,931 - performance_logger - DEBUG - This is a debug message
2026-04-21 14:08:18,932 - performance_logger - DEBUG - This is a debug message
2026-04-21 14:08:18,933 - performance_logger - DEBUG - This is a debug message
2026-04-21 14:08:18,934 - performance_logger - DEBUG - This is a debug message
2026-04-21 14:08:18,939 - performance_logger - DEBUG - This is a debug message
2026-04-21 14:08:18,943 - performance_logger - DEBUG - This is a debug message
2026-04-21 14:08:18,944 - performance_logger - DEBUG - This is a debug message
2026-04-21 14:08:18,946 - performance_logger - DEBUG - This is a debug message
2026-04-21 14:08:18,948 - performance_logger - DEBUG - This is a debug message
2026-04-21 14:08:18,949 - performance_logger - DEBUG - This is a debug message
2026-04-21 14:08:18,950 - performance_logger - DEBUG - This is a debug message
2026-04-21 14:08:18,951 - performance_logger - DEBUG - This is a debug message
2026-04-21 14:08:18,957 - performance_logger - DEBUG - This is a debug message
2026-04-21 14:08:18,958 - performance_logger - DEBUG - This is a debug message
2026-04-21 14:08:18,961 - performance_logger - DEBUG - This is a debug message
2026-04-21 14:08:18,963 - performance_logger - DEBUG - This is a debug message
2026-04-21 14:08:18,964 - performance_logger - DEBUG - This is a debug message
2026-04-21 14:08:18,965 - performance_logger - DEBUG - This is a debug message
2026-04-21 14:08:18,966 - performance_logger - DEBUG - This is a debug message
2026-04-21 14:08:18,968 - performance_logger - DEBUG - This is a debug message
2026-04-21 14:08:18,973 - performance_logger - DEBUG - This is a debug message
2026-04-21 14:08:18,976 - performance_logger - DEBUG - This is a debug message
2026-04-21 14:08:18,977 - performance_logger - DEBUG - This is a debug message
2026-04-21 14:08:18,978 - performance_logger - DEBUG - This is a debug message
2026-04-21 14:08:18,979 - performance_logger - DEBUG - This is a debug message
2026-04-21 14:08:18,980 - performance_logger - DEBUG - This is a debug message
2026-04-21 14:08:18,982 - performance_logger - DEBUG - This is a debug message
2026-04-21 14:08:18,983 - performance_logger - DEBUG - This is a debug message
2026-04-21 14:08:18,984 - performance_logger - DEBUG - This is a debug message
2026-04-21 14:08:18,985 - performance_logger - DEBUG - This is a debug message
2026-04-21 14:08:18,985 - performance_logger - DEBUG - This is a debug message
2026-04-21 14:08:18,987 - performance_logger - DEBUG - This is a debug message
2026-04-21 14:08:18,990 - performance_logger - DEBUG - This is a debug message
2026-04-21 14:08:18,992 - performance_logger - DEBUG - This is a debug message
2026-04-21 14:08:18,993 - performance_logger - DEBUG - This is a debug message
2026-04-21 14:08:18,995 - performance_logger - DEBUG - This is a debug message
2026-04-21 14:08:18,996 - performance_logger - DEBUG - This is a debug message
2026-04-21 14:08:18,997 - performance_logger - DEBUG - This is a debug message
2026-04-21 14:08:18,999 - performance_logger - DEBUG - This is a debug message
2026-04-21 14:08:19,000 - performance_logger - DEBUG - This is a debug message
2026-04-21 14:08:19,001 - performance_logger - DEBUG - This is a debug message
2026-04-21 14:08:19,003 - performance_logger - DEBUG - This is a debug message
2026-04-21 14:08:19,006 - performance_logger - DEBUG - This is a debug message
2026-04-21 14:08:19,007 - performance_logger - DEBUG - This is a debug message
2026-04-21 14:08:19,009 - performance_logger - DEBUG - This is a debug message
2026-04-21 14:08:19,010 - performance_logger - DEBUG - This is a debug message
2026-04-21 14:08:19,011 - performance_logger - DEBUG - This is a debug message
2026-04-21 14:08:19,012 - performance_logger - DEBUG - This is a debug message
2026-04-21 14:08:19,014 - performance_logger - DEBUG - This is a debug message
2026-04-21 14:08:19,016 - performance_logger - DEBUG - This is a debug message
2026-04-21 14:08:19,016 - performance_logger - DEBUG - This is a debug message
2026-04-21 14:08:19,017 - performance_logger - DEBUG - This is a debug message
2026-04-21 14:08:19,019 - performance_logger - DEBUG - This is a debug message
2026-04-21 14:08:19,020 - performance_logger - DEBUG - This is a debug message
2026-04-21 14:08:19,023 - performance_logger - DEBUG - This is a debug message
2026-04-21 14:08:19,024 - performance_logger - DEBUG - This is a debug message
2026-04-21 14:08:19,025 - performance_logger - DEBUG - This is a debug message
2026-04-21 14:08:19,027 - performance_logger - DEBUG - This is a debug message
2026-04-21 14:08:19,028 - performance_logger - DEBUG - This is a debug message
2026-04-21 14:08:19,034 - performance_logger - DEBUG - This is a debug message
2026-04-21 14:08:19,039 - performance_logger - DEBUG - This is a debug message
2026-04-21 14:08:19,040 - performance_logger - DEBUG - This is a debug message
2026-04-21 14:08:19,041 - performance_logger - DEBUG - This is a debug message
2026-04-21 14:08:19,043 - performance_logger - DEBUG - This is a debug message
2026-04-21 14:08:19,046 - performance_logger - DEBUG - This is a debug message
2026-04-21 14:08:19,048 - performance_logger - DEBUG - This is a debug message
2026-04-21 14:08:19,050 - performance_logger - DEBUG - This is a debug message
2026-04-21 14:08:19,054 - performance_logger - DEBUG - This is a debug message
2026-04-21 14:08:19,055 - performance_logger - DEBUG - This is a debug message
2026-04-21 14:08:19,058 - performance_logger - DEBUG - This is a debug message
2026-04-21 14:08:19,060 - performance_logger - DEBUG - This is a debug message
2026-04-21 14:08:19,068 - performance_logger - DEBUG - This is a debug message
2026-04-21 14:08:19,070 - performance_logger - DEBUG - This is a debug message
2026-04-21 14:08:19,074 - performance_logger - DEBUG - This is a debug message
2026-04-21 14:08:19,078 - performance_logger - DEBUG - This is a debug message
2026-04-21 14:08:19,079 - performance_logger - DEBUG - This is a debug message
2026-04-21 14:08:19,083 - performance_logger - DEBUG - This is a debug message
2026-04-21 14:08:19,085 - performance_logger - DEBUG - This is a debug message
2026-04-21 14:08:19,089 - performance_logger - DEBUG - This is a debug message
2026-04-21 14:08:19,090 - performance_logger - DEBUG - This is a debug message
2026-04-21 14:08:19,091 - performance_logger - DEBUG - This is a debug message
2026-04-21 14:08:19,094 - performance_logger - DEBUG - This is a debug message
2026-04-21 14:08:19,097 - performance_logger - DEBUG - This is a debug message
2026-04-21 14:08:19,098 - performance_logger - DEBUG - This is a debug message
2026-04-21 14:08:19,099 - performance_logger - DEBUG - This is a debug message
2026-04-21 14:08:19,100 - performance_logger - DEBUG - This is a debug message
2026-04-21 14:08:19,102 - performance_logger - DEBUG - This is a debug message
2026-04-21 14:08:19,107 - performance_logger - DEBUG - This is a debug message
2026-04-21 14:08:19,108 - performance_logger - DEBUG - This is a debug message
2026-04-21 14:08:19,114 - performance_logger - DEBUG - This is a debug message
2026-04-21 14:08:19,116 - performance_logger - DEBUG - This is a debug message
2026-04-21 14:08:19,118 - performance_logger - DEBUG - This is a debug message
2026-04-21 14:08:19,123 - performance_logger - DEBUG - This is a debug message
2026-04-21 14:08:19,124 - performance_logger - DEBUG - This is a debug message
2026-04-21 14:08:19,126 - performance_logger - DEBUG - This is a debug message
2026-04-21 14:08:19,130 - performance_logger - DEBUG - This is a debug message
2026-04-21 14:08:19,133 - performance_logger - DEBUG - This is a debug message
2026-04-21 14:08:19,134 - performance_logger - DEBUG - This is a debug message
2026-04-21 14:08:19,135 - performance_logger - DEBUG - This is a debug message
2026-04-21 14:08:19,136 - performance_logger - DEBUG - This is a debug message
2026-04-21 14:08:19,137 - performance_logger - DEBUG - This is a debug message
2026-04-21 14:08:19,138 - performance_logger - DEBUG - This is a debug message
2026-04-21 14:08:19,139 - performance_logger - DEBUG - This is a debug message
2026-04-21 14:08:19,139 - performance_logger - DEBUG - This is a debug message
2026-04-21 14:08:19,140 - performance_logger - DEBUG - This is a debug message
2026-04-21 14:08:19,142 - performance_logger - DEBUG - This is a debug message
2026-04-21 14:08:19,143 - performance_logger - DEBUG - This is a debug message
2026-04-21 14:08:19,144 - performance_logger - DEBUG - This is a debug message
2026-04-21 14:08:19,146 - performance_logger - DEBUG - This is a debug message
2026-04-21 14:08:19,146 - performance_logger - DEBUG - This is a debug message
2026-04-21 14:08:19,147 - performance_logger - DEBUG - This is a debug message
2026-04-21 14:08:19,149 - performance_logger - DEBUG - This is a debug message
2026-04-21 14:08:19,149 - performance_logger - DEBUG - This is a debug message
2026-04-21 14:08:19,150 - performance_logger - DEBUG - This is a debug message
2026-04-21 14:08:19,152 - performance_logger - DEBUG - This is a debug message
2026-04-21 14:08:19,152 - performance_logger - DEBUG - This is a debug message
2026-04-21 14:08:19,153 - performance_logger - DEBUG - This is a debug message
2026-04-21 14:08:19,155 - performance_logger - DEBUG - This is a debug message
2026-04-21 14:08:19,156 - performance_logger - DEBUG - This is a debug message
2026-04-21 14:08:19,158 - performance_logger - DEBUG - This is a debug message
2026-04-21 14:08:19,159 - performance_logger - DEBUG - This is a debug message
2026-04-21 14:08:19,161 - performance_logger - DEBUG - This is a debug message
2026-04-21 14:08:19,162 - performance_logger - DEBUG - This is a debug message
2026-04-21 14:08:19,164 - performance_logger - DEBUG - This is a debug message
2026-04-21 14:08:19,166 - performance_logger - DEBUG - This is a debug message
2026-04-21 14:08:19,168 - performance_logger - DEBUG - This is a debug message
2026-04-21 14:08:19,170 - performance_logger - DEBUG - This is a debug message
2026-04-21 14:08:19,172 - performance_logger - DEBUG - This is a debug message
2026-04-21 14:08:19,174 - performance_logger - DEBUG - This is a debug message
2026-04-21 14:08:19,175 - performance_logger - DEBUG - This is a debug message
2026-04-21 14:08:19,177 - performance_logger - DEBUG - This is a debug message
2026-04-21 14:08:19,179 - performance_logger - DEBUG - This is a debug message
2026-04-21 14:08:19,181 - performance_logger - DEBUG - This is a debug message
2026-04-21 14:08:19,183 - performance_logger - DEBUG - This is a debug message
2026-04-21 14:08:19,185 - performance_logger - DEBUG - This is a debug message
2026-04-21 14:08:19,187 - performance_logger - DEBUG - This is a debug message
2026-04-21 14:08:19,188 - performance_logger - DEBUG - This is a debug message
2026-04-21 14:08:19,190 - performance_logger - DEBUG - This is a debug message
2026-04-21 14:08:19,192 - performance_logger - DEBUG - This is a debug message
2026-04-21 14:08:19,194 - performance_logger - DEBUG - This is a debug message
2026-04-21 14:08:19,195 - performance_logger - DEBUG - This is a debug message
2026-04-21 14:08:19,197 - performance_logger - DEBUG - This is a debug message
2026-04-21 14:08:19,199 - performance_logger - DEBUG - This is a debug message
2026-04-21 14:08:19,201 - performance_logger - DEBUG - This is a debug message
2026-04-21 14:08:19,203 - performance_logger - DEBUG - This is a debug message
2026-04-21 14:08:19,205 - performance_logger - DEBUG - This is a debug message
2026-04-21 14:08:19,207 - performance_logger - DEBUG - This is a debug message
2026-04-21 14:08:19,209 - performance_logger - DEBUG - This is a debug message
2026-04-21 14:08:19,216 - performance_logger - DEBUG - This is a debug message
2026-04-21 14:08:19,219 - performance_logger - DEBUG - This is a debug message
2026-04-21 14:08:19,221 - performance_logger - DEBUG - This is a debug message
2026-04-21 14:08:19,232 - performance_logger - DEBUG - This is a debug message
2026-04-21 14:08:19,236 - performance_logger - DEBUG - This is a debug message
2026-04-21 14:08:19,241 - performance_logger - DEBUG - This is a debug message
2026-04-21 14:08:19,245 - performance_logger - DEBUG - This is a debug message
2026-04-21 14:08:19,252 - performance_logger - DEBUG - This is a debug message
2026-04-21 14:08:19,254 - performance_logger - DEBUG - This is a debug message
2026-04-21 14:08:19,258 - performance_logger - DEBUG - This is a debug message
2026-04-21 14:08:19,263 - performance_logger - DEBUG - This is a debug message
2026-04-21 14:08:19,265 - performance_logger - DEBUG - This is a debug message
2026-04-21 14:08:19,271 - performance_logger - DEBUG - This is a debug message
2026-04-21 14:08:19,273 - performance_logger - DEBUG - This is a debug message
2026-04-21 14:08:19,280 - performance_logger - DEBUG - This is a debug message
2026-04-21 14:08:19,285 - performance_logger - DEBUG - This is a debug message
2026-04-21 14:08:19,287 - performance_logger - DEBUG - This is a debug message
2026-04-21 14:08:19,289 - performance_logger - DEBUG - This is a debug message
2026-04-21 14:08:19,290 - performance_logger - DEBUG - This is a debug message
2026-04-21 14:08:19,292 - performance_logger - DEBUG - This is a debug message
2026-04-21 14:08:19,293 - performance_logger - DEBUG - This is a debug message
2026-04-21 14:08:19,295 - performance_logger - DEBUG - This is a debug message
2026-04-21 14:08:19,298 - performance_logger - DEBUG - This is a debug message
2026-04-21 14:08:19,301 - performance_logger - DEBUG - This is a debug message
2026-04-21 14:08:19,307 - performance_logger - DEBUG - This is a debug message
2026-04-21 14:08:19,308 - performance_logger - DEBUG - This is a debug message
2026-04-21 14:08:19,310 - performance_logger - DEBUG - This is a debug message
2026-04-21 14:08:19,312 - performance_logger - DEBUG - This is a debug message
2026-04-21 14:08:19,317 - performance_logger - DEBUG - This is a debug message
2026-04-21 14:08:19,318 - performance_logger - DEBUG - This is a debug message
2026-04-21 14:08:19,320 - performance_logger - DEBUG - This is a debug message
2026-04-21 14:08:19,323 - performance_logger - DEBUG - This is a debug message
2026-04-21 14:08:19,326 - performance_logger - DEBUG - This is a debug message
2026-04-21 14:08:19,328 - performance_logger - DEBUG - This is a debug message
2026-04-21 14:08:19,332 - performance_logger - DEBUG - This is a debug message
2026-04-21 14:08:19,334 - performance_logger - DEBUG - This is a debug message
2026-04-21 14:08:19,339 - performance_logger - DEBUG - This is a debug message
2026-04-21 14:08:19,340 - performance_logger - DEBUG - This is a debug message
2026-04-21 14:08:19,342 - performance_logger - DEBUG - This is a debug message
2026-04-21 14:08:19,346 - performance_logger - DEBUG - This is a debug message
2026-04-21 14:08:19,348 - performance_logger - DEBUG - This is a debug message
2026-04-21 14:08:19,350 - performance_logger - DEBUG - This is a debug message
2026-04-21 14:08:19,351 - performance_logger - DEBUG - This is a debug message
2026-04-21 14:08:19,352 - performance_logger - DEBUG - This is a debug message
2026-04-21 14:08:19,353 - performance_logger - DEBUG - This is a debug message
2026-04-21 14:08:19,354 - performance_logger - DEBUG - This is a debug message
2026-04-21 14:08:19,355 - performance_logger - DEBUG - This is a debug message
2026-04-21 14:08:19,356 - performance_logger - DEBUG - This is a debug message
2026-04-21 14:08:19,357 - performance_logger - DEBUG - This is a debug message
2026-04-21 14:08:19,358 - performance_logger - DEBUG - This is a debug message
2026-04-21 14:08:19,359 - performance_logger - DEBUG - This is a debug message
2026-04-21 14:08:19,360 - performance_logger - DEBUG - This is a debug message
2026-04-21 14:08:19,361 - performance_logger - DEBUG - This is a debug message
2026-04-21 14:08:19,363 - performance_logger - DEBUG - This is a debug message
2026-04-21 14:08:19,364 - performance_logger - DEBUG - This is a debug message
2026-04-21 14:08:19,365 - performance_logger - DEBUG - This is a debug message
2026-04-21 14:08:19,365 - performance_logger - DEBUG - This is a debug message
2026-04-21 14:08:19,366 - performance_logger - DEBUG - This is a debug message
2026-04-21 14:08:19,371 - performance_logger - DEBUG - This is a debug message
2026-04-21 14:08:19,374 - performance_logger - DEBUG - This is a debug message
2026-04-21 14:08:19,379 - performance_logger - DEBUG - This is a debug message
2026-04-21 14:08:19,381 - performance_logger - DEBUG - This is a debug message
2026-04-21 14:08:19,386 - performance_logger - DEBUG - This is a debug message
2026-04-21 14:08:19,388 - performance_logger - DEBUG - This is a debug message
2026-04-21 14:08:19,389 - performance_logger - DEBUG - This is a debug message
2026-04-21 14:08:19,389 - performance_logger - DEBUG - This is a debug message
2026-04-21 14:08:19,390 - performance_logger - DEBUG - This is a debug message
2026-04-21 14:08:19,392 - performance_logger - DEBUG - This is a debug message
2026-04-21 14:08:19,393 - performance_logger - DEBUG - This is a debug message
2026-04-21 14:08:19,393 - performance_logger - DEBUG - This is a debug message
2026-04-21 14:08:19,395 - performance_logger - DEBUG - This is a debug message
2026-04-21 14:08:19,396 - performance_logger - DEBUG - This is a debug message
2026-04-21 14:08:19,398 - performance_logger - DEBUG - This is a debug message
2026-04-21 14:08:19,399 - performance_logger - DEBUG - This is a debug message
2026-04-21 14:08:19,400 - performance_logger - DEBUG - This is a debug message
2026-04-21 14:08:19,401 - performance_logger - DEBUG - This is a debug message
2026-04-21 14:08:19,402 - performance_logger - DEBUG - This is a debug message
2026-04-21 14:08:19,403 - performance_logger - DEBUG - This is a debug message
2026-04-21 14:08:19,403 - performance_logger - DEBUG - This is a debug message
2026-04-21 14:08:19,405 - performance_logger - DEBUG - This is a debug message
2026-04-21 14:08:19,406 - performance_logger - DEBUG - This is a debug message
2026-04-21 14:08:19,407 - performance_logger - DEBUG - This is a debug message
2026-04-21 14:08:19,408 - performance_logger - DEBUG - This is a debug message
2026-04-21 14:08:19,409 - performance_logger - DEBUG - This is a debug message
2026-04-21 14:08:19,416 - performance_logger - DEBUG - This is a debug message
2026-04-21 14:08:19,419 - performance_logger - DEBUG - This is a debug message
2026-04-21 14:08:19,421 - performance_logger - DEBUG - This is a debug message
2026-04-21 14:08:19,422 - performance_logger - DEBUG - This is a debug message
2026-04-21 14:08:19,423 - performance_logger - DEBUG - This is a debug message
2026-04-21 14:08:19,424 - performance_logger - DEBUG - This is a debug message
2026-04-21 14:08:19,425 - performance_logger - DEBUG - This is a debug message
2026-04-21 14:08:19,425 - performance_logger - DEBUG - This is a debug message
2026-04-21 14:08:19,427 - performance_logger - DEBUG - This is a debug message
2026-04-21 14:08:19,428 - performance_logger - DEBUG - This is a debug message
2026-04-21 14:08:19,429 - performance_logger - DEBUG - This is a debug message
2026-04-21 14:08:19,430 - performance_logger - DEBUG - This is a debug message
2026-04-21 14:08:19,431 - performance_logger - DEBUG - This is a debug message
2026-04-21 14:08:19,432 - performance_logger - DEBUG - This is a debug message
2026-04-21 14:08:19,433 - performance_logger - DEBUG - This is a debug message
2026-04-21 14:08:19,435 - performance_logger - DEBUG - This is a debug message
2026-04-21 14:08:19,436 - performance_logger - DEBUG - This is a debug message
2026-04-21 14:08:19,437 - performance_logger - DEBUG - This is a debug message
2026-04-21 14:08:19,438 - performance_logger - DEBUG - This is a debug message
2026-04-21 14:08:19,439 - performance_logger - DEBUG - This is a debug message
2026-04-21 14:08:19,441 - performance_logger - DEBUG - This is a debug message
2026-04-21 14:08:19,442 - performance_logger - DEBUG - This is a debug message
2026-04-21 14:08:19,444 - performance_logger - DEBUG - This is a debug message
2026-04-21 14:08:19,446 - performance_logger - DEBUG - This is a debug message
2026-04-21 14:08:19,447 - performance_logger - DEBUG - This is a debug message
2026-04-21 14:08:19,449 - performance_logger - DEBUG - This is a debug message
2026-04-21 14:08:19,451 - performance_logger - DEBUG - This is a debug message
2026-04-21 14:08:19,453 - performance_logger - DEBUG - This is a debug message
2026-04-21 14:08:19,454 - performance_logger - DEBUG - This is a debug message
2026-04-21 14:08:19,456 - performance_logger - DEBUG - This is a debug message
2026-04-21 14:08:19,457 - performance_logger - DEBUG - This is a debug message
2026-04-21 14:08:19,459 - performance_logger - DEBUG - This is a debug message
2026-04-21 14:08:19,461 - performance_logger - DEBUG - This is a debug message
2026-04-21 14:08:19,462 - performance_logger - DEBUG - This is a debug message
2026-04-21 14:08:19,464 - performance_logger - DEBUG - This is a debug message
2026-04-21 14:08:19,465 - performance_logger - DEBUG - This is a debug message
2026-04-21 14:08:19,468 - performance_logger - DEBUG - This is a debug message
2026-04-21 14:08:19,470 - performance_logger - DEBUG - This is a debug message
2026-04-21 14:08:19,472 - performance_logger - DEBUG - This is a debug message
2026-04-21 14:08:19,474 - performance_logger - DEBUG - This is a debug message
2026-04-21 14:08:19,475 - performance_logger - DEBUG - This is a debug message
2026-04-21 14:08:19,477 - performance_logger - DEBUG - This is a debug message
2026-04-21 14:08:19,478 - performance_logger - DEBUG - This is a debug message
2026-04-21 14:08:19,480 - performance_logger - DEBUG - This is a debug message
2026-04-21 14:08:19,481 - performance_logger - DEBUG - This is a debug message
2026-04-21 14:08:19,482 - performance_logger - DEBUG - This is a debug message
2026-04-21 14:08:19,483 - performance_logger - DEBUG - This is a debug message
2026-04-21 14:08:19,484 - performance_logger - DEBUG - This is a debug message
2026-04-21 14:08:19,485 - performance_logger - DEBUG - This is a debug message
2026-04-21 14:08:19,486 - performance_logger - DEBUG - This is a debug message
2026-04-21 14:08:19,487 - performance_logger - DEBUG - This is a debug message
2026-04-21 14:08:19,488 - performance_logger - DEBUG - This is a debug message
2026-04-21 14:08:19,490 - performance_logger - DEBUG - This is a debug message
2026-04-21 14:08:19,490 - performance_logger - DEBUG - This is a debug message
2026-04-21 14:08:19,491 - performance_logger - DEBUG - This is a debug message
2026-04-21 14:08:19,493 - performance_logger - DEBUG - This is a debug message
2026-04-21 14:08:19,494 - performance_logger - DEBUG - This is a debug message
2026-04-21 14:08:19,495 - performance_logger - DEBUG - This is a debug message
2026-04-21 14:08:19,496 - performance_logger - DEBUG - This is a debug message
2026-04-21 14:08:19,497 - performance_logger - DEBUG - This is a debug message
2026-04-21 14:08:19,498 - performance_logger - DEBUG - This is a debug message
2026-04-21 14:08:19,499 - performance_logger - DEBUG - This is a debug message
2026-04-21 14:08:19,500 - performance_logger - DEBUG - This is a debug message
2026-04-21 14:08:19,501 - performance_logger - DEBUG - This is a debug message
2026-04-21 14:08:19,502 - performance_logger - DEBUG - This is a debug message
2026-04-21 14:08:19,503 - performance_logger - DEBUG - This is a debug message
2026-04-21 14:08:19,504 - performance_logger - DEBUG - This is a debug message
2026-04-21 14:08:19,505 - performance_logger - DEBUG - This is a debug message
2026-04-21 14:08:19,506 - performance_logger - DEBUG - This is a debug message
2026-04-21 14:08:19,507 - performance_logger - DEBUG - This is a debug message
2026-04-21 14:08:19,509 - performance_logger - DEBUG - This is a debug message
2026-04-21 14:08:19,509 - performance_logger - DEBUG - This is a debug message
2026-04-21 14:08:19,510 - performance_logger - DEBUG - This is a debug message
2026-04-21 14:08:19,511 - performance_logger - DEBUG - This is a debug message
2026-04-21 14:08:19,512 - performance_logger - DEBUG - This is a debug message
2026-04-21 14:08:19,514 - performance_logger - DEBUG - This is a debug message
2026-04-21 14:08:19,515 - performance_logger - DEBUG - This is a debug message
2026-04-21 14:08:19,516 - performance_logger - DEBUG - This is a debug message
2026-04-21 14:08:19,517 - performance_logger - DEBUG - This is a debug message
2026-04-21 14:08:19,517 - performance_logger - DEBUG - This is a debug message
2026-04-21 14:08:19,519 - performance_logger - DEBUG - This is a debug message
2026-04-21 14:08:19,520 - performance_logger - DEBUG - This is a debug message
2026-04-21 14:08:19,520 - performance_logger - DEBUG - This is a debug message
2026-04-21 14:08:19,522 - performance_logger - DEBUG - This is a debug message
2026-04-21 14:08:19,522 - performance_logger - DEBUG - This is a debug message
2026-04-21 14:08:19,525 - performance_logger - DEBUG - This is a debug message
2026-04-21 14:08:19,526 - performance_logger - DEBUG - This is a debug message
2026-04-21 14:08:19,528 - performance_logger - DEBUG - This is a debug message
2026-04-21 14:08:19,528 - performance_logger - DEBUG - This is a debug message
2026-04-21 14:08:19,529 - performance_logger - DEBUG - This is a debug message
2026-04-21 14:08:19,530 - performance_logger - DEBUG - This is a debug message
2026-04-21 14:08:19,531 - performance_logger - DEBUG - This is a debug message
2026-04-21 14:08:19,533 - performance_logger - DEBUG - This is a debug message
2026-04-21 14:08:19,533 - performance_logger - DEBUG - This is a debug message
2026-04-21 14:08:19,534 - performance_logger - DEBUG - This is a debug message
2026-04-21 14:08:19,536 - performance_logger - DEBUG - This is a debug message
2026-04-21 14:08:19,537 - performance_logger - DEBUG - This is a debug message
2026-04-21 14:08:19,538 - performance_logger - DEBUG - This is a debug message
2026-04-21 14:08:19,539 - performance_logger - DEBUG - This is a debug message
2026-04-21 14:08:19,541 - performance_logger - DEBUG - This is a debug message
2026-04-21 14:08:19,542 - performance_logger - DEBUG - This is a debug message
2026-04-21 14:08:19,543 - performance_logger - DEBUG - This is a debug message
2026-04-21 14:08:19,546 - performance_logger - DEBUG - This is a debug message
2026-04-21 14:08:19,551 - performance_logger - DEBUG - This is a debug message
2026-04-21 14:08:19,553 - performance_logger - DEBUG - This is a debug message
2026-04-21 14:08:19,555 - performance_logger - DEBUG - This is a debug message
2026-04-21 14:08:19,558 - performance_logger - DEBUG - This is a debug message
2026-04-21 14:08:19,560 - performance_logger - DEBUG - This is a debug message
2026-04-21 14:08:19,562 - performance_logger - DEBUG - This is a debug message
2026-04-21 14:08:19,564 - performance_logger - DEBUG - This is a debug message
2026-04-21 14:08:19,566 - performance_logger - DEBUG - This is a debug message
2026-04-21 14:08:19,567 - performance_logger - DEBUG - This is a debug message
2026-04-21 14:08:19,569 - performance_logger - DEBUG - This is a debug message
2026-04-21 14:08:19,570 - performance_logger - DEBUG - This is a debug message
2026-04-21 14:08:19,572 - performance_logger - DEBUG - This is a debug message
2026-04-21 14:08:19,573 - performance_logger - DEBUG - This is a debug message
2026-04-21 14:08:19,575 - performance_logger - DEBUG - This is a debug message
2026-04-21 14:08:19,576 - performance_logger - DEBUG - This is a debug message
2026-04-21 14:08:19,578 - performance_logger - DEBUG - This is a debug message
2026-04-21 14:08:19,580 - performance_logger - DEBUG - This is a debug message
2026-04-21 14:08:19,582 - performance_logger - DEBUG - This is a debug message
2026-04-21 14:08:19,583 - performance_logger - DEBUG - This is a debug message
2026-04-21 14:08:19,584 - performance_logger - DEBUG - This is a debug message
2026-04-21 14:08:19,586 - performance_logger - DEBUG - This is a debug message
2026-04-21 14:08:19,588 - performance_logger - DEBUG - This is a debug message
2026-04-21 14:08:19,590 - performance_logger - DEBUG - This is a debug message
2026-04-21 14:08:19,595 - performance_logger - DEBUG - This is a debug message
2026-04-21 14:08:19,597 - performance_logger - DEBUG - This is a debug message
2026-04-21 14:08:19,599 - performance_logger - DEBUG - This is a debug message
2026-04-21 14:08:19,605 - performance_logger - DEBUG - This is a debug message
2026-04-21 14:08:19,607 - performance_logger - DEBUG - This is a debug message
2026-04-21 14:08:19,610 - performance_logger - DEBUG - This is a debug message
2026-04-21 14:08:19,616 - performance_logger - DEBUG - This is a debug message
2026-04-21 14:08:19,621 - performance_logger - DEBUG - This is a debug message
2026-04-21 14:08:19,624 - performance_logger - DEBUG - This is a debug message
2026-04-21 14:08:19,625 - performance_logger - DEBUG - This is a debug message
2026-04-21 14:08:19,632 - performance_logger - DEBUG - This is a debug message
2026-04-21 14:08:19,639 - performance_logger - DEBUG - This is a debug message
2026-04-21 14:08:19,646 - performance_logger - DEBUG - This is a debug message
2026-04-21 14:08:19,650 - performance_logger - DEBUG - This is a debug message
2026-04-21 14:08:19,657 - performance_logger - DEBUG - This is a debug message
2026-04-21 14:08:19,661 - performance_logger - DEBUG - This is a debug message
2026-04-21 14:08:19,669 - performance_logger - DEBUG - This is a debug message
2026-04-21 14:08:19,670 - performance_logger - DEBUG - This is a debug message
2026-04-21 14:08:19,678 - performance_logger - DEBUG - This is a debug message
2026-04-21 14:08:19,680 - performance_logger - DEBUG - This is a debug message
2026-04-21 14:08:19,687 - performance_logger - DEBUG - This is a debug message
2026-04-21 14:08:19,689 - performance_logger - DEBUG - This is a debug message
2026-04-21 14:08:19,696 - performance_logger - DEBUG - This is a debug message
2026-04-21 14:08:19,701 - performance_logger - DEBUG - This is a debug message
2026-04-21 14:08:19,703 - performance_logger - DEBUG - This is a debug message
2026-04-21 14:08:19,705 - performance_logger - DEBUG - This is a debug message
2026-04-21 14:08:19,712 - performance_logger - DEBUG - This is a debug message
2026-04-21 14:08:19,716 - performance_logger - DEBUG - This is a debug message
2026-04-21 14:08:19,725 - performance_logger - DEBUG - This is a debug message
2026-04-21 14:08:19,730 - performance_logger - DEBUG - This is a debug message
2026-04-21 14:08:19,735 - performance_logger - DEBUG - This is a debug message
2026-04-21 14:08:19,739 - performance_logger - DEBUG - This is a debug message
2026-04-21 14:08:19,744 - performance_logger - DEBUG - This is a debug message
2026-04-21 14:08:19,746 - performance_logger - DEBUG - This is a debug message
2026-04-21 14:08:19,750 - performance_logger - DEBUG - This is a debug message
2026-04-21 14:08:19,753 - performance_logger - DEBUG - This is a debug message
2026-04-21 14:08:19,761 - performance_logger - DEBUG - This is a debug message
2026-04-21 14:08:19,766 - performance_logger - DEBUG - This is a debug message
2026-04-21 14:08:19,768 - performance_logger - DEBUG - This is a debug message
2026-04-21 14:08:19,771 - performance_logger - DEBUG - This is a debug message
2026-04-21 14:08:19,776 - performance_logger - DEBUG - This is a debug message
2026-04-21 14:08:19,781 - performance_logger - DEBUG - This is a debug message
2026-04-21 14:08:19,785 - performance_logger - DEBUG - This is a debug message
2026-04-21 14:08:19,800 - performance_logger - DEBUG - This is a debug message
2026-04-21 14:08:19,808 - performance_logger - DEBUG - This is a debug message
2026-04-21 14:08:19,810 - performance_logger - DEBUG - This is a debug message
2026-04-21 14:08:19,813 - performance_logger - DEBUG - This is a debug message
2026-04-21 14:08:19,819 - performance_logger - DEBUG - This is a debug message
2026-04-21 14:08:19,826 - performance_logger - DEBUG - This is a debug message
2026-04-21 14:08:19,831 - performance_logger - DEBUG - This is a debug message
2026-04-21 14:08:19,840 - performance_logger - DEBUG - This is a debug message
2026-04-21 14:08:19,841 - performance_logger - DEBUG - This is a debug message
2026-04-21 14:08:19,842 - performance_logger - DEBUG - This is a debug message
2026-04-21 14:08:19,854 - performance_logger - DEBUG - This is a debug message
2026-04-21 14:08:19,861 - performance_logger - DEBUG - This is a debug message
2026-04-21 14:08:19,865 - performance_logger - DEBUG - This is a debug message
2026-04-21 14:08:19,865 - performance_logger - DEBUG - This is a debug message
2026-04-21 14:08:19,869 - performance_logger - DEBUG - This is a debug message
2026-04-21 14:08:19,871 - performance_logger - DEBUG - This is a debug message
2026-04-21 14:08:19,875 - performance_logger - DEBUG - This is a debug message
2026-04-21 14:08:19,876 - performance_logger - DEBUG - This is a debug message
2026-04-21 14:08:19,877 - performance_logger - DEBUG - This is a debug message
2026-04-21 14:08:19,880 - performance_logger - DEBUG - This is a debug message
2026-04-21 14:08:19,883 - performance_logger - DEBUG - This is a debug message
2026-04-21 14:08:19,884 - performance_logger - DEBUG - This is a debug message
2026-04-21 14:08:19,888 - performance_logger - DEBUG - This is a debug message
2026-04-21 14:08:19,889 - performance_logger - DEBUG - This is a debug message
2026-04-21 14:08:19,891 - performance_logger - DEBUG - This is a debug message
2026-04-21 14:08:19,893 - performance_logger - DEBUG - This is a debug message
2026-04-21 14:08:19,896 - performance_logger - DEBUG - This is a debug message
2026-04-21 14:08:19,897 - performance_logger - DEBUG - This is a debug message
2026-04-21 14:08:19,900 - performance_logger - DEBUG - This is a debug message
2026-04-21 14:08:19,901 - performance_logger - DEBUG - This is a debug message
2026-04-21 14:08:19,905 - performance_logger - DEBUG - This is a debug message
2026-04-21 14:08:19,906 - performance_logger - DEBUG - This is a debug message
2026-04-21 14:08:19,908 - performance_logger - DEBUG - This is a debug message
2026-04-21 14:08:19,912 - performance_logger - DEBUG - This is a debug message
2026-04-21 14:08:19,921 - performance_logger - DEBUG - This is a debug message
2026-04-21 14:08:19,923 - performance_logger - DEBUG - This is a debug message
2026-04-21 14:08:19,926 - performance_logger - DEBUG - This is a debug message
2026-04-21 14:08:19,937 - performance_logger - DEBUG - This is a debug message
2026-04-21 14:08:19,944 - performance_logger - DEBUG - This is a debug message
2026-04-21 14:08:19,946 - performance_logger - DEBUG - This is a debug message
2026-04-21 14:08:19,954 - performance_logger - DEBUG - This is a debug message
2026-04-21 14:08:19,959 - performance_logger - DEBUG - This is a debug message
2026-04-21 14:08:19,966 - performance_logger - DEBUG - This is a debug message
2026-04-21 14:08:19,970 - performance_logger - DEBUG - This is a debug message
2026-04-21 14:08:19,984 - performance_logger - DEBUG - This is a debug message
2026-04-21 14:08:19,986 - performance_logger - DEBUG - This is a debug message
2026-04-21 14:08:19,994 - performance_logger - DEBUG - This is a debug message
2026-04-21 14:08:19,999 - performance_logger - DEBUG - This is a debug message
2026-04-21 14:08:20,011 - performance_logger - DEBUG - This is a debug message
2026-04-21 14:08:20,013 - performance_logger - DEBUG - This is a debug message
2026-04-21 14:08:20,016 - performance_logger - DEBUG - This is a debug message
2026-04-21 14:08:20,020 - performance_logger - DEBUG - This is a debug message
2026-04-21 14:08:20,027 - performance_logger - DEBUG - This is a debug message
2026-04-21 14:08:20,031 - performance_logger - DEBUG - This is a debug message
2026-04-21 14:08:20,034 - performance_logger - DEBUG - This is a debug message
2026-04-21 14:08:20,036 - performance_logger - DEBUG - This is a debug message
2026-04-21 14:08:20,037 - performance_logger - DEBUG - This is a debug message
2026-04-21 14:08:20,041 - performance_logger - DEBUG - This is a debug message
2026-04-21 14:08:20,042 - performance_logger - DEBUG - This is a debug message
2026-04-21 14:08:20,044 - performance_logger - DEBUG - This is a debug message
2026-04-21 14:08:20,047 - performance_logger - DEBUG - This is a debug message
2026-04-21 14:08:20,048 - performance_logger - DEBUG - This is a debug message
2026-04-21 14:08:20,052 - performance_logger - DEBUG - This is a debug message
2026-04-21 14:08:20,054 - performance_logger - DEBUG - This is a debug message
2026-04-21 14:08:20,054 - performance_logger - DEBUG - This is a debug message
2026-04-21 14:08:20,058 - performance_logger - DEBUG - This is a debug message
2026-04-21 14:08:20,059 - performance_logger - DEBUG - This is a debug message
2026-04-21 14:08:20,062 - performance_logger - DEBUG - This is a debug message
2026-04-21 14:08:20,064 - performance_logger - DEBUG - This is a debug message
2026-04-21 14:08:20,065 - performance_logger - DEBUG - This is a debug message
2026-04-21 14:08:20,068 - performance_logger - DEBUG - This is a debug message
2026-04-21 14:08:20,073 - performance_logger - DEBUG - This is a debug message
2026-04-21 14:08:20,075 - performance_logger - DEBUG - This is a debug message
2026-04-21 14:08:20,079 - performance_logger - DEBUG - This is a debug message
2026-04-21 14:08:20,080 - performance_logger - DEBUG - This is a debug message
2026-04-21 14:08:20,082 - performance_logger - DEBUG - This is a debug message
2026-04-21 14:08:20,086 - performance_logger - DEBUG - This is a debug message
2026-04-21 14:08:20,090 - performance_logger - DEBUG - This is a debug message
2026-04-21 14:08:20,092 - performance_logger - DEBUG - This is a debug message
2026-04-21 14:08:20,093 - performance_logger - DEBUG - This is a debug message
2026-04-21 14:08:20,094 - performance_logger - DEBUG - This is a debug message
2026-04-21 14:08:20,095 - performance_logger - DEBUG - This is a debug message
2026-04-21 14:08:20,096 - performance_logger - DEBUG - This is a debug message
2026-04-21 14:08:20,101 - performance_logger - DEBUG - This is a debug message
2026-04-21 14:08:20,102 - performance_logger - DEBUG - This is a debug message
2026-04-21 14:08:20,103 - performance_logger - DEBUG - This is a debug message
2026-04-21 14:08:20,105 - performance_logger - DEBUG - This is a debug message
2026-04-21 14:08:20,106 - performance_logger - DEBUG - This is a debug message
2026-04-21 14:08:20,107 - performance_logger - DEBUG - This is a debug message
2026-04-21 14:08:20,109 - performance_logger - DEBUG - This is a debug message
2026-04-21 14:08:20,110 - performance_logger - DEBUG - This is a debug message
2026-04-21 14:08:20,111 - performance_logger - DEBUG - This is a debug message
2026-04-21 14:08:20,113 - performance_logger - DEBUG - This is a debug message
2026-04-21 14:08:20,114 - performance_logger - DEBUG - This is a debug message
2026-04-21 14:08:20,115 - performance_logger - DEBUG - This is a debug message
2026-04-21 14:08:20,115 - performance_logger - DEBUG - This is a debug message
2026-04-21 14:08:20,117 - performance_logger - DEBUG - This is a debug message
2026-04-21 14:08:20,118 - performance_logger - DEBUG - This is a debug message
2026-04-21 14:08:20,120 - performance_logger - DEBUG - This is a debug message
2026-04-21 14:08:20,121 - performance_logger - DEBUG - This is a debug message
2026-04-21 14:08:20,125 - performance_logger - DEBUG - This is a debug message
2026-04-21 14:08:20,127 - performance_logger - DEBUG - This is a debug message
2026-04-21 14:08:20,129 - performance_logger - DEBUG - This is a debug message
2026-04-21 14:08:20,134 - performance_logger - DEBUG - This is a debug message
2026-04-21 14:08:20,135 - performance_logger - DEBUG - This is a debug message
2026-04-21 14:08:20,136 - performance_logger - DEBUG - This is a debug message
2026-04-21 14:08:20,141 - performance_logger - DEBUG - This is a debug message
2026-04-21 14:08:20,143 - performance_logger - DEBUG - This is a debug message
2026-04-21 14:08:20,146 - performance_logger - DEBUG - This is a debug message
2026-04-21 14:08:20,148 - performance_logger - DEBUG - This is a debug message
2026-04-21 14:08:20,150 - performance_logger - DEBUG - This is a debug message
2026-04-21 14:08:20,152 - performance_logger - DEBUG - This is a debug message
2026-04-21 14:08:20,154 - performance_logger - DEBUG - This is a debug message
2026-04-21 14:08:20,157 - performance_logger - DEBUG - This is a debug message
2026-04-21 14:08:20,158 - performance_logger - DEBUG - This is a debug message
2026-04-21 14:08:20,162 - performance_logger - DEBUG - This is a debug message
2026-04-21 14:08:20,164 - performance_logger - DEBUG - This is a debug message
2026-04-21 14:08:20,167 - performance_logger - DEBUG - This is a debug message
2026-04-21 14:08:20,169 - performance_logger - DEBUG - This is a debug message
2026-04-21 14:08:20,171 - performance_logger - DEBUG - This is a debug message
2026-04-21 14:08:20,173 - performance_logger - DEBUG - This is a debug message
2026-04-21 14:08:20,175 - performance_logger - DEBUG - This is a debug message
2026-04-21 14:08:20,178 - performance_logger - DEBUG - This is a debug message
2026-04-21 14:08:20,180 - performance_logger - DEBUG - This is a debug message
2026-04-21 14:08:20,184 - performance_logger - DEBUG - This is a debug message
2026-04-21 14:08:20,187 - performance_logger - DEBUG - This is a debug message
2026-04-21 14:08:20,191 - performance_logger - DEBUG - This is a debug message
2026-04-21 14:08:20,193 - performance_logger - DEBUG - This is a debug message
2026-04-21 14:08:20,198 - performance_logger - DEBUG - This is a debug message
2026-04-21 14:08:20,202 - performance_logger - DEBUG - This is a debug message
2026-04-21 14:08:20,209 - performance_logger - DEBUG - This is a debug message
2026-04-21 14:08:20,212 - performance_logger - DEBUG - This is a debug message
2026-04-21 14:08:20,217 - performance_logger - DEBUG - This is a debug message
2026-04-21 14:08:20,221 - performance_logger - DEBUG - This is a debug message
2026-04-21 14:08:20,227 - performance_logger - DEBUG - This is a debug message
2026-04-21 14:08:20,231 - performance_logger - DEBUG - This is a debug message
2026-04-21 14:08:20,237 - performance_logger - DEBUG - This is a debug message
2026-04-21 14:08:20,250 - performance_logger - DEBUG - This is a debug message
2026-04-21 14:08:20,252 - performance_logger - DEBUG - This is a debug message
2026-04-21 14:08:20,261 - performance_logger - DEBUG - This is a debug message
2026-04-21 14:08:20,269 - performance_logger - DEBUG - This is a debug message
2026-04-21 14:08:20,277 - performance_logger - DEBUG - This is a debug message
2026-04-21 14:08:20,282 - performance_logger - DEBUG - This is a debug message
2026-04-21 14:08:20,291 - performance_logger - DEBUG - This is a debug message
2026-04-21 14:08:20,293 - performance_logger - DEBUG - This is a debug message
2026-04-21 14:08:20,298 - performance_logger - DEBUG - This is a debug message
2026-04-21 14:08:20,301 - performance_logger - DEBUG - This is a debug message
2026-04-21 14:08:20,304 - performance_logger - DEBUG - This is a debug message
2026-04-21 14:08:20,308 - performance_logger - DEBUG - This is a debug message
2026-04-21 14:08:20,310 - performance_logger - DEBUG - This is a debug message
2026-04-21 14:08:20,315 - performance_logger - DEBUG - This is a debug message
2026-04-21 14:08:20,319 - performance_logger - DEBUG - This is a debug message
2026-04-21 14:08:20,321 - performance_logger - DEBUG - This is a debug message
2026-04-21 14:08:20,326 - performance_logger - DEBUG - This is a debug message
2026-04-21 14:08:20,328 - performance_logger - DEBUG - This is a debug message
2026-04-21 14:08:20,330 - performance_logger - DEBUG - This is a debug message
2026-04-21 14:08:20,333 - performance_logger - DEBUG - This is a debug message
2026-04-21 14:08:20,336 - performance_logger - DEBUG - This is a debug message
2026-04-21 14:08:20,341 - performance_logger - DEBUG - This is a debug message
2026-04-21 14:08:20,343 - performance_logger - DEBUG - This is a debug message
2026-04-21 14:08:20,345 - performance_logger - DEBUG - This is a debug message
2026-04-21 14:08:20,346 - performance_logger - DEBUG - This is a debug message
2026-04-21 14:08:20,347 - performance_logger - DEBUG - This is a debug message
2026-04-21 14:08:20,348 - performance_logger - DEBUG - This is a debug message
2026-04-21 14:08:20,348 - performance_logger - DEBUG - This is a debug message
2026-04-21 14:08:20,349 - performance_logger - DEBUG - This is a debug message
2026-04-21 14:08:20,350 - performance_logger - DEBUG - This is a debug message
2026-04-21 14:08:20,351 - performance_logger - DEBUG - This is a debug message
2026-04-21 14:08:20,352 - performance_logger - DEBUG - This is a debug message
2026-04-21 14:08:20,353 - performance_logger - DEBUG - This is a debug message
2026-04-21 14:08:20,355 - performance_logger - DEBUG - This is a debug message
2026-04-21 14:08:20,356 - performance_logger - DEBUG - This is a debug message
2026-04-21 14:08:20,358 - performance_logger - DEBUG - This is a debug message
2026-04-21 14:08:20,360 - performance_logger - DEBUG - This is a debug message
2026-04-21 14:08:20,360 - performance_logger - DEBUG - This is a debug message
2026-04-21 14:08:20,362 - performance_logger - DEBUG - This is a debug message
2026-04-21 14:08:20,363 - performance_logger - DEBUG - This is a debug message
2026-04-21 14:08:20,364 - performance_logger - DEBUG - This is a debug message
2026-04-21 14:08:20,366 - performance_logger - DEBUG - This is a debug message
2026-04-21 14:08:20,366 - performance_logger - DEBUG - This is a debug message
2026-04-21 14:08:20,367 - performance_logger - DEBUG - This is a debug message
2026-04-21 14:08:20,369 - performance_logger - DEBUG - This is a debug message
2026-04-21 14:08:20,371 - performance_logger - DEBUG - This is a debug message
2026-04-21 14:08:20,372 - performance_logger - DEBUG - This is a debug message
2026-04-21 14:08:20,373 - performance_logger - DEBUG - This is a debug message
2026-04-21 14:08:20,374 - performance_logger - DEBUG - This is a debug message
2026-04-21 14:08:20,375 - performance_logger - DEBUG - This is a debug message
2026-04-21 14:08:20,376 - performance_logger - DEBUG - This is a debug message
2026-04-21 14:08:20,378 - performance_logger - DEBUG - This is a debug message
2026-04-21 14:08:20,379 - performance_logger - DEBUG - This is a debug message
2026-04-21 14:08:20,380 - performance_logger - DEBUG - This is a debug message
2026-04-21 14:08:20,380 - performance_logger - DEBUG - This is a debug message
2026-04-21 14:08:20,381 - performance_logger - DEBUG - This is a debug message
2026-04-21 14:08:20,383 - performance_logger - DEBUG - This is a debug message
2026-04-21 14:08:20,384 - performance_logger - DEBUG - This is a debug message
2026-04-21 14:08:20,385 - performance_logger - DEBUG - This is a debug message
2026-04-21 14:08:20,386 - performance_logger - DEBUG - This is a debug message
2026-04-21 14:08:20,388 - performance_logger - DEBUG - This is a debug message
2026-04-21 14:08:20,393 - performance_logger - DEBUG - This is a debug message
2026-04-21 14:08:20,402 - performance_logger - DEBUG - This is a debug message
2026-04-21 14:08:20,408 - performance_logger - DEBUG - This is a debug message
2026-04-21 14:08:20,413 - performance_logger - DEBUG - This is a debug message
2026-04-21 14:08:20,414 - performance_logger - DEBUG - This is a debug message
2026-04-21 14:08:20,418 - performance_logger - DEBUG - This is a debug message
2026-04-21 14:08:20,419 - performance_logger - DEBUG - This is a debug message
2026-04-21 14:08:20,423 - performance_logger - DEBUG - This is a debug message
2026-04-21 14:08:20,424 - performance_logger - DEBUG - This is a debug message
2026-04-21 14:08:20,426 - performance_logger - DEBUG - This is a debug message
2026-04-21 14:08:20,429 - performance_logger - DEBUG - This is a debug message
2026-04-21 14:08:20,432 - performance_logger - DEBUG - This is a debug message
2026-04-21 14:08:20,433 - performance_logger - DEBUG - This is a debug message
2026-04-21 14:08:20,437 - performance_logger - DEBUG - This is a debug message
2026-04-21 14:08:20,439 - performance_logger - DEBUG - This is a debug message
2026-04-21 14:08:20,443 - performance_logger - DEBUG - This is a debug message
2026-04-21 14:08:20,444 - performance_logger - DEBUG - This is a debug message
2026-04-21 14:08:20,446 - performance_logger - DEBUG - This is a debug message
2026-04-21 14:08:20,450 - performance_logger - DEBUG - This is a debug message
2026-04-21 14:08:20,453 - performance_logger - DEBUG - This is a debug message
2026-04-21 14:08:20,458 - performance_logger - DEBUG - This is a debug message
2026-04-21 14:08:20,460 - performance_logger - DEBUG - This is a debug message
2026-04-21 14:08:20,461 - performance_logger - DEBUG - This is a debug message
2026-04-21 14:08:20,462 - performance_logger - DEBUG - This is a debug message
2026-04-21 14:08:20,467 - performance_logger - DEBUG - This is a debug message
2026-04-21 14:08:20,468 - performance_logger - DEBUG - This is a debug message
2026-04-21 14:08:20,472 - performance_logger - DEBUG - This is a debug message
2026-04-21 14:08:20,476 - performance_logger - DEBUG - This is a debug message
2026-04-21 14:08:20,477 - performance_logger - DEBUG - This is a debug message
2026-04-21 14:08:20,480 - performance_logger - DEBUG - This is a debug message
2026-04-21 14:08:20,482 - performance_logger - DEBUG - This is a debug message
2026-04-21 14:08:20,485 - performance_logger - DEBUG - This is a debug message
2026-04-21 14:08:20,488 - performance_logger - DEBUG - This is a debug message
2026-04-21 14:08:20,491 - performance_logger - DEBUG - This is a debug message
2026-04-21 14:08:20,496 - performance_logger - DEBUG - This is a debug message
2026-04-21 14:08:20,497 - performance_logger - DEBUG - This is a debug message
2026-04-21 14:08:20,498 - performance_logger - DEBUG - This is a debug message
2026-04-21 14:08:20,499 - performance_logger - DEBUG - This is a debug message
2026-04-21 14:08:20,503 - performance_logger - DEBUG - This is a debug message
2026-04-21 14:08:20,507 - performance_logger - DEBUG - This is a debug message
2026-04-21 14:08:20,510 - performance_logger - DEBUG - This is a debug message
2026-04-21 14:08:20,513 - performance_logger - DEBUG - This is a debug message
2026-04-21 14:08:20,514 - performance_logger - DEBUG - This is a debug message
2026-04-21 14:08:20,520 - performance_logger - DEBUG - This is a debug message
2026-04-21 14:08:20,521 - performance_logger - DEBUG - This is a debug message
2026-04-21 14:08:20,522 - performance_logger - DEBUG - This is a debug message
2026-04-21 14:08:20,523 - performance_logger - DEBUG - This is a debug message
2026-04-21 14:08:20,525 - performance_logger - DEBUG - This is a debug message
2026-04-21 14:08:20,526 - performance_logger - DEBUG - This is a debug message
2026-04-21 14:08:20,527 - performance_logger - DEBUG - This is a debug message
2026-04-21 14:08:20,528 - performance_logger - DEBUG - This is a debug message
2026-04-21 14:08:20,530 - performance_logger - DEBUG - This is a debug message
2026-04-21 14:08:20,531 - performance_logger - DEBUG - This is a debug message
2026-04-21 14:08:20,532 - performance_logger - DEBUG - This is a debug message
2026-04-21 14:08:20,534 - performance_logger - DEBUG - This is a debug message
2026-04-21 14:08:20,535 - performance_logger - DEBUG - This is a debug message
2026-04-21 14:08:20,539 - performance_logger - DEBUG - This is a debug message
2026-04-21 14:08:20,542 - performance_logger - DEBUG - This is a debug message
2026-04-21 14:08:20,544 - performance_logger - DEBUG - This is a debug message
2026-04-21 14:08:20,549 - performance_logger - DEBUG - This is a debug message
2026-04-21 14:08:20,551 - performance_logger - DEBUG - This is a debug message
2026-04-21 14:08:20,555 - performance_logger - DEBUG - This is a debug message
2026-04-21 14:08:20,557 - performance_logger - DEBUG - This is a debug message
2026-04-21 14:08:20,564 - performance_logger - DEBUG - This is a debug message
2026-04-21 14:08:20,570 - performance_logger - DEBUG - This is a debug message
2026-04-21 14:08:20,574 - performance_logger - DEBUG - This is a debug message
2026-04-21 14:08:20,576 - performance_logger - DEBUG - This is a debug message
2026-04-21 14:08:20,579 - performance_logger - DEBUG - This is a debug message
2026-04-21 14:08:20,580 - performance_logger - DEBUG - This is a debug message
2026-04-21 14:08:20,581 - performance_logger - DEBUG - This is a debug message
2026-04-21 14:08:20,585 - performance_logger - DEBUG - This is a debug message
2026-04-21 14:08:20,586 - performance_logger - DEBUG - This is a debug message
2026-04-21 14:08:20,586 - performance_logger - DEBUG - This is a debug message
2026-04-21 14:08:20,587 - performance_logger - DEBUG - This is a debug message
2026-04-21 14:08:20,588 - performance_logger - DEBUG - This is a debug message
2026-04-21 14:08:20,590 - performance_logger - DEBUG - This is a debug message
2026-04-21 14:08:20,591 - performance_logger - DEBUG - This is a debug message
2026-04-21 14:08:20,593 - performance_logger - DEBUG - This is a debug message
2026-04-21 14:08:20,593 - performance_logger - DEBUG - This is a debug message
2026-04-21 14:08:20,595 - performance_logger - DEBUG - This is a debug message
2026-04-21 14:08:20,596 - performance_logger - DEBUG - This is a debug message
2026-04-21 14:08:20,596 - performance_logger - DEBUG - This is a debug message
2026-04-21 14:08:20,597 - performance_logger - DEBUG - This is a debug message
2026-04-21 14:08:20,599 - performance_logger - DEBUG - This is a debug message
2026-04-21 14:08:20,600 - performance_logger - DEBUG - This is a debug message
2026-04-21 14:08:20,601 - performance_logger - DEBUG - This is a debug message
2026-04-21 14:08:20,602 - performance_logger - DEBUG - This is a debug message
2026-04-21 14:08:20,603 - performance_logger - DEBUG - This is a debug message
2026-04-21 14:08:20,605 - performance_logger - DEBUG - This is a debug message
2026-04-21 14:08:20,607 - performance_logger - DEBUG - This is a debug message
2026-04-21 14:08:20,608 - performance_logger - DEBUG - This is a debug message
2026-04-21 14:08:20,609 - performance_logger - DEBUG - This is a debug message
2026-04-21 14:08:20,610 - performance_logger - DEBUG - This is a debug message
2026-04-21 14:08:20,611 - performance_logger - DEBUG - This is a debug message
2026-04-21 14:08:20,613 - performance_logger - DEBUG - This is a debug message
2026-04-21 14:08:20,615 - performance_logger - DEBUG - This is a debug message
2026-04-21 14:08:20,620 - performance_logger - DEBUG - This is a debug message
2026-04-21 14:08:20,624 - performance_logger - DEBUG - This is a debug message
2026-04-21 14:08:20,628 - performance_logger - DEBUG - This is a debug message
2026-04-21 14:08:20,632 - performance_logger - DEBUG - This is a debug message
2026-04-21 14:08:20,634 - performance_logger - DEBUG - This is a debug message
2026-04-21 14:08:20,634 - performance_logger - DEBUG - This is a debug message
2026-04-21 14:08:20,637 - performance_logger - DEBUG - This is a debug message
2026-04-21 14:08:20,639 - performance_logger - DEBUG - This is a debug message
2026-04-21 14:08:20,640 - performance_logger - DEBUG - This is a debug message
2026-04-21 14:08:20,642 - performance_logger - DEBUG - This is a debug message
2026-04-21 14:08:20,644 - performance_logger - DEBUG - This is a debug message
2026-04-21 14:08:20,646 - performance_logger - DEBUG - This is a debug message
2026-04-21 14:08:20,647 - performance_logger - DEBUG - This is a debug message
2026-04-21 14:08:20,649 - performance_logger - DEBUG - This is a debug message
2026-04-21 14:08:20,650 - performance_logger - DEBUG - This is a debug message
2026-04-21 14:08:20,651 - performance_logger - DEBUG - This is a debug message
2026-04-21 14:08:20,652 - performance_logger - DEBUG - This is a debug message
2026-04-21 14:08:20,653 - performance_logger - DEBUG - This is a debug message
2026-04-21 14:08:20,654 - performance_logger - DEBUG - This is a debug message
2026-04-21 14:08:20,655 - performance_logger - DEBUG - This is a debug message
2026-04-21 14:08:20,658 - performance_logger - DEBUG - This is a debug message
2026-04-21 14:08:20,660 - performance_logger - DEBUG - This is a debug message
2026-04-21 14:08:20,661 - performance_logger - DEBUG - This is a debug message
2026-04-21 14:08:20,665 - performance_logger - DEBUG - This is a debug message
2026-04-21 14:08:20,666 - performance_logger - DEBUG - This is a debug message
2026-04-21 14:08:20,669 - performance_logger - DEBUG - This is a debug message
2026-04-21 14:08:20,670 - performance_logger - DEBUG - This is a debug message
2026-04-21 14:08:20,671 - performance_logger - DEBUG - This is a debug message
2026-04-21 14:08:20,672 - performance_logger - DEBUG - This is a debug message
2026-04-21 14:08:20,675 - performance_logger - DEBUG - This is a debug message
2026-04-21 14:08:20,684 - performance_logger - DEBUG - This is a debug message
2026-04-21 14:08:20,688 - performance_logger - DEBUG - This is a debug message
2026-04-21 14:08:20,694 - performance_logger - DEBUG - This is a debug message
2026-04-21 14:08:20,697 - performance_logger - DEBUG - This is a debug message
2026-04-21 14:08:20,703 - performance_logger - DEBUG - This is a debug message
2026-04-21 14:08:20,706 - performance_logger - DEBUG - This is a debug message
2026-04-21 14:08:20,708 - performance_logger - DEBUG - This is a debug message
2026-04-21 14:08:20,713 - performance_logger - DEBUG - This is a debug message
2026-04-21 14:08:20,716 - performance_logger - DEBUG - This is a debug message
2026-04-21 14:08:20,720 - performance_logger - DEBUG - This is a debug message
2026-04-21 14:08:20,743 - performance_logger - DEBUG - This is a debug message
2026-04-21 14:08:20,745 - performance_logger - DEBUG - This is a debug message
2026-04-21 14:08:20,746 - performance_logger - DEBUG - This is a debug message
2026-04-21 14:08:20,758 - performance_logger - DEBUG - This is a debug message
2026-04-21 14:08:20,760 - performance_logger - DEBUG - This is a debug message
2026-04-21 14:08:20,762 - performance_logger - DEBUG - This is a debug message
2026-04-21 14:08:20,769 - performance_logger - DEBUG - This is a debug message
2026-04-21 14:08:20,775 - performance_logger - DEBUG - This is a debug message
2026-04-21 14:08:20,778 - performance_logger - DEBUG - This is a debug message
2026-04-21 14:08:20,780 - performance_logger - DEBUG - This is a debug message
2026-04-21 14:08:20,784 - performance_logger - DEBUG - This is a debug message
2026-04-21 14:08:20,793 - performance_logger - DEBUG - This is a debug message
2026-04-21 14:08:20,797 - performance_logger - DEBUG - This is a debug message
2026-04-21 14:08:20,800 - performance_logger - DEBUG - This is a debug message
2026-04-21 14:08:20,805 - performance_logger - DEBUG - This is a debug message
2026-04-21 14:08:20,809 - performance_logger - DEBUG - This is a debug message
2026-04-21 14:08:20,811 - performance_logger - DEBUG - This is a debug message
2026-04-21 14:08:20,815 - performance_logger - DEBUG - This is a debug message
2026-04-21 14:08:20,817 - performance_logger - DEBUG - This is a debug message
2026-04-21 14:08:20,821 - performance_logger - DEBUG - This is a debug message
2026-04-21 14:08:20,823 - performance_logger - DEBUG - This is a debug message
2026-04-21 14:08:20,826 - performance_logger - DEBUG - This is a debug message
2026-04-21 14:08:20,829 - performance_logger - DEBUG - This is a debug message
2026-04-21 14:08:20,831 - performance_logger - DEBUG - This is a debug message
2026-04-21 14:08:20,835 - performance_logger - DEBUG - This is a debug message
2026-04-21 14:08:20,837 - performance_logger - DEBUG - This is a debug message
2026-04-21 14:08:20,841 - performance_logger - DEBUG - This is a debug message
2026-04-21 14:08:20,843 - performance_logger - DEBUG - This is a debug message
2026-04-21 14:08:20,846 - performance_logger - DEBUG - This is a debug message
2026-04-21 14:08:20,848 - performance_logger - DEBUG - This is a debug message
2026-04-21 14:08:20,854 - performance_logger - DEBUG - This is a debug message
2026-04-21 14:08:20,856 - performance_logger - DEBUG - This is a debug message
2026-04-21 14:08:20,858 - performance_logger - DEBUG - This is a debug message
2026-04-21 14:08:20,862 - performance_logger - DEBUG - This is a debug message
2026-04-21 14:08:20,864 - performance_logger - DEBUG - This is a debug message
2026-04-21 14:08:20,866 - performance_logger - DEBUG - This is a debug message
2026-04-21 14:08:20,868 - performance_logger - DEBUG - This is a debug message
2026-04-21 14:08:20,869 - performance_logger - DEBUG - This is a debug message
2026-04-21 14:08:20,871 - performance_logger - DEBUG - This is a debug message
2026-04-21 14:08:20,873 - performance_logger - DEBUG - This is a debug message
2026-04-21 14:08:20,875 - performance_logger - DEBUG - This is a debug message
2026-04-21 14:08:20,877 - performance_logger - DEBUG - This is a debug message
2026-04-21 14:08:20,879 - performance_logger - DEBUG - This is a debug message
2026-04-21 14:08:20,881 - performance_logger - DEBUG - This is a debug message
2026-04-21 14:08:20,882 - performance_logger - DEBUG - This is a debug message
2026-04-21 14:08:20,884 - performance_logger - DEBUG - This is a debug message
2026-04-21 14:08:20,886 - performance_logger - DEBUG - This is a debug message
2026-04-21 14:08:20,888 - performance_logger - DEBUG - This is a debug message
2026-04-21 14:08:20,889 - performance_logger - DEBUG - This is a debug message
2026-04-21 14:08:20,891 - performance_logger - DEBUG - This is a debug message
2026-04-21 14:08:20,893 - performance_logger - DEBUG - This is a debug message
2026-04-21 14:08:20,895 - performance_logger - DEBUG - This is a debug message
2026-04-21 14:08:20,897 - performance_logger - DEBUG - This is a debug message
2026-04-21 14:08:20,899 - performance_logger - DEBUG - This is a debug message
2026-04-21 14:08:20,901 - performance_logger - DEBUG - This is a debug message
2026-04-21 14:08:20,903 - performance_logger - DEBUG - This is a debug message
2026-04-21 14:08:20,905 - performance_logger - DEBUG - This is a debug message
2026-04-21 14:08:20,907 - performance_logger - DEBUG - This is a debug message
2026-04-21 14:08:20,909 - performance_logger - DEBUG - This is a debug message
2026-04-21 14:08:20,910 - performance_logger - DEBUG - This is a debug message
2026-04-21 14:08:20,912 - performance_logger - DEBUG - This is a debug message
2026-04-21 14:08:20,913 - performance_logger - DEBUG - This is a debug message
2026-04-21 14:08:20,915 - performance_logger - DEBUG - This is a debug message
2026-04-21 14:08:20,917 - performance_logger - DEBUG - This is a debug message
2026-04-21 14:08:20,919 - performance_logger - DEBUG - This is a debug message
2026-04-21 14:08:20,921 - performance_logger - DEBUG - This is a debug message
2026-04-21 14:08:20,923 - performance_logger - DEBUG - This is a debug message
2026-04-21 14:08:20,924 - performance_logger - DEBUG - This is a debug message
2026-04-21 14:08:20,927 - performance_logger - DEBUG - This is a debug message
2026-04-21 14:08:20,928 - performance_logger - DEBUG - This is a debug message
2026-04-21 14:08:20,930 - performance_logger - DEBUG - This is a debug message
2026-04-21 14:08:20,932 - performance_logger - DEBUG - This is a debug message
2026-04-21 14:08:20,934 - performance_logger - DEBUG - This is a debug message
2026-04-21 14:08:20,936 - performance_logger - DEBUG - This is a debug message
2026-04-21 14:08:20,938 - performance_logger - DEBUG - This is a debug message
2026-04-21 14:08:20,940 - performance_logger - DEBUG - This is a debug message
2026-04-21 14:08:20,942 - performance_logger - DEBUG - This is a debug message
2026-04-21 14:08:20,943 - performance_logger - DEBUG - This is a debug message
2026-04-21 14:08:20,946 - performance_logger - DEBUG - This is a debug message
2026-04-21 14:08:20,947 - performance_logger - DEBUG - This is a debug message
2026-04-21 14:08:20,949 - performance_logger - DEBUG - This is a debug message
2026-04-21 14:08:20,952 - performance_logger - DEBUG - This is a debug message
2026-04-21 14:08:20,956 - performance_logger - DEBUG - This is a debug message
2026-04-21 14:08:20,960 - performance_logger - DEBUG - This is a debug message
2026-04-21 14:08:20,963 - performance_logger - DEBUG - This is a debug message
2026-04-21 14:08:20,967 - performance_logger - DEBUG - This is a debug message
2026-04-21 14:08:20,969 - performance_logger - DEBUG - This is a debug message
2026-04-21 14:08:20,973 - performance_logger - DEBUG - This is a debug message
2026-04-21 14:08:20,974 - performance_logger - DEBUG - This is a debug message
2026-04-21 14:08:20,979 - performance_logger - DEBUG - This is a debug message
2026-04-21 14:08:20,984 - performance_logger - DEBUG - This is a debug message
2026-04-21 14:08:20,985 - performance_logger - DEBUG - This is a debug message
2026-04-21 14:08:20,987 - performance_logger - DEBUG - This is a debug message
2026-04-21 14:08:20,991 - performance_logger - DEBUG - This is a debug message
2026-04-21 14:08:20,997 - performance_logger - DEBUG - This is a debug message
2026-04-21 14:08:20,999 - performance_logger - DEBUG - This is a debug message
2026-04-21 14:08:21,000 - performance_logger - DEBUG - This is a debug message
2026-04-21 14:08:21,002 - performance_logger - DEBUG - This is a debug message
2026-04-21 14:08:21,004 - performance_logger - DEBUG - This is a debug message
2026-04-21 14:08:21,006 - performance_logger - DEBUG - This is a debug message
2026-04-21 14:08:21,008 - performance_logger - DEBUG - This is a debug message
2026-04-21 14:08:21,010 - performance_logger - DEBUG - This is a debug message
2026-04-21 14:08:21,013 - performance_logger - DEBUG - This is a debug message
2026-04-21 14:08:21,015 - performance_logger - DEBUG - This is a debug message
2026-04-21 14:08:21,016 - performance_logger - DEBUG - This is a debug message
2026-04-21 14:08:21,019 - performance_logger - DEBUG - This is a debug message
2026-04-21 14:08:21,020 - performance_logger - DEBUG - This is a debug message
2026-04-21 14:08:21,023 - performance_logger - DEBUG - This is a debug message
2026-04-21 14:08:21,024 - performance_logger - DEBUG - This is a debug message
2026-04-21 14:08:21,027 - performance_logger - DEBUG - This is a debug message
2026-04-21 14:08:21,028 - performance_logger - DEBUG - This is a debug message
2026-04-21 14:08:21,031 - performance_logger - DEBUG - This is a debug message
2026-04-21 14:08:21,032 - performance_logger - DEBUG - This is a debug message
2026-04-21 14:08:21,034 - performance_logger - DEBUG - This is a debug message
2026-04-21 14:08:21,036 - performance_logger - DEBUG - This is a debug message
2026-04-21 14:08:21,038 - performance_logger - DEBUG - This is a debug message
2026-04-21 14:08:21,040 - performance_logger - DEBUG - This is a debug message
2026-04-21 14:08:21,041 - performance_logger - DEBUG - This is a debug message
2026-04-21 14:08:21,043 - performance_logger - DEBUG - This is a debug message
2026-04-21 14:08:21,045 - performance_logger - DEBUG - This is a debug message
2026-04-21 14:08:21,047 - performance_logger - DEBUG - This is a debug message
2026-04-21 14:08:21,049 - performance_logger - DEBUG - This is a debug message
2026-04-21 14:08:21,050 - performance_logger - DEBUG - This is a debug message
2026-04-21 14:08:21,052 - performance_logger - DEBUG - This is a debug message
2026-04-21 14:08:21,057 - performance_logger - DEBUG - This is a debug message
2026-04-21 14:08:21,059 - performance_logger - DEBUG - This is a debug message
2026-04-21 14:08:21,060 - performance_logger - DEBUG - This is a debug message
2026-04-21 14:08:21,062 - performance_logger - DEBUG - This is a debug message
2026-04-21 14:08:21,063 - performance_logger - DEBUG - This is a debug message
2026-04-21 14:08:21,064 - performance_logger - DEBUG - This is a debug message
2026-04-21 14:08:21,065 - performance_logger - DEBUG - This is a debug message
2026-04-21 14:08:21,067 - performance_logger - DEBUG - This is a debug message
2026-04-21 14:08:21,068 - performance_logger - DEBUG - This is a debug message
2026-04-21 14:08:21,068 - performance_logger - DEBUG - This is a debug message
2026-04-21 14:08:21,069 - performance_logger - DEBUG - This is a debug message
2026-04-21 14:08:21,071 - performance_logger - DEBUG - This is a debug message
2026-04-21 14:08:21,072 - performance_logger - DEBUG - This is a debug message
2026-04-21 14:08:21,073 - performance_logger - DEBUG - This is a debug message
2026-04-21 14:08:21,073 - performance_logger - DEBUG - This is a debug message
2026-04-21 14:08:21,075 - performance_logger - DEBUG - This is a debug message
2026-04-21 14:08:21,076 - performance_logger - DEBUG - This is a debug message
2026-04-21 14:08:21,077 - performance_logger - DEBUG - This is a debug message
2026-04-21 14:08:21,077 - performance_logger - DEBUG - This is a debug message
2026-04-21 14:08:21,079 - performance_logger - DEBUG - This is a debug message
2026-04-21 14:08:21,083 - performance_logger - DEBUG - This is a debug message
2026-04-21 14:08:21,084 - performance_logger - DEBUG - This is a debug message
2026-04-21 14:08:21,085 - performance_logger - DEBUG - This is a debug message
2026-04-21 14:08:21,086 - performance_logger - DEBUG - This is a debug message
2026-04-21 14:08:21,087 - performance_logger - DEBUG - This is a debug message
2026-04-21 14:08:21,087 - performance_logger - DEBUG - This is a debug message
2026-04-21 14:08:21,089 - performance_logger - DEBUG - This is a debug message
2026-04-21 14:08:21,090 - performance_logger - DEBUG - This is a debug message
2026-04-21 14:08:21,090 - performance_logger - DEBUG - This is a debug message
2026-04-21 14:08:21,092 - performance_logger - DEBUG - This is a debug message
2026-04-21 14:08:21,093 - performance_logger - DEBUG - This is a debug message
2026-04-21 14:08:21,096 - performance_logger - DEBUG - This is a debug message
2026-04-21 14:08:21,102 - performance_logger - DEBUG - This is a debug message
2026-04-21 14:08:21,103 - performance_logger - DEBUG - This is a debug message
2026-04-21 14:08:21,105 - performance_logger - DEBUG - This is a debug message
2026-04-21 14:08:21,110 - performance_logger - DEBUG - This is a debug message
2026-04-21 14:08:21,111 - performance_logger - DEBUG - This is a debug message
2026-04-21 14:08:21,113 - performance_logger - DEBUG - This is a debug message
2026-04-21 14:08:21,116 - performance_logger - DEBUG - This is a debug message
2026-04-21 14:08:21,118 - performance_logger - DEBUG - This is a debug message
2026-04-21 14:08:21,122 - performance_logger - DEBUG - This is a debug message
2026-04-21 14:08:21,123 - performance_logger - DEBUG - This is a debug message
2026-04-21 14:08:21,127 - performance_logger - DEBUG - This is a debug message
2026-04-21 14:08:21,129 - performance_logger - DEBUG - This is a debug message
2026-04-21 14:08:21,130 - performance_logger - DEBUG - This is a debug message
2026-04-21 14:08:21,132 - performance_logger - DEBUG - This is a debug message
2026-04-21 14:08:21,136 - performance_logger - DEBUG - This is a debug message
2026-04-21 14:08:21,138 - performance_logger - DEBUG - This is a debug message
2026-04-21 14:08:21,141 - performance_logger - DEBUG - This is a debug message
2026-04-21 14:08:21,143 - performance_logger - DEBUG - This is a debug message
2026-04-21 14:08:21,147 - performance_logger - DEBUG - This is a debug message
2026-04-21 14:08:21,148 - performance_logger - DEBUG - This is a debug message
2026-04-21 14:08:21,151 - performance_logger - DEBUG - This is a debug message
2026-04-21 14:08:21,153 - performance_logger - DEBUG - This is a debug message
2026-04-21 14:08:21,154 - performance_logger - DEBUG - This is a debug message
2026-04-21 14:08:21,158 - performance_logger - DEBUG - This is a debug message
2026-04-21 14:08:21,160 - performance_logger - DEBUG - This is a debug message
2026-04-21 14:08:21,161 - performance_logger - DEBUG - This is a debug message
2026-04-21 14:08:21,162 - performance_logger - DEBUG - This is a debug message
2026-04-21 14:08:21,165 - performance_logger - DEBUG - This is a debug message
2026-04-21 14:08:21,167 - performance_logger - DEBUG - This is a debug message
2026-04-21 14:08:21,169 - performance_logger - DEBUG - This is a debug message
2026-04-21 14:08:21,175 - performance_logger - DEBUG - This is a debug message
2026-04-21 14:08:21,177 - performance_logger - DEBUG - This is a debug message
2026-04-21 14:08:21,181 - performance_logger - DEBUG - This is a debug message
2026-04-21 14:08:21,183 - performance_logger - DEBUG - This is a debug message
2026-04-21 14:08:21,189 - performance_logger - DEBUG - This is a debug message
2026-04-21 14:08:21,193 - performance_logger - DEBUG - This is a debug message
2026-04-21 14:08:21,195 - performance_logger - DEBUG - This is a debug message
2026-04-21 14:08:21,196 - performance_logger - DEBUG - This is a debug message
2026-04-21 14:08:21,200 - performance_logger - DEBUG - This is a debug message
2026-04-21 14:08:21,201 - performance_logger - DEBUG - This is a debug message
2026-04-21 14:08:21,204 - performance_logger - DEBUG - This is a debug message
2026-04-21 14:08:21,209 - performance_logger - DEBUG - This is a debug message
2026-04-21 14:08:21,212 - performance_logger - DEBUG - This is a debug message
2026-04-21 14:08:21,213 - performance_logger - DEBUG - This is a debug message
2026-04-21 14:08:21,215 - performance_logger - DEBUG - This is a debug message
2026-04-21 14:08:21,216 - performance_logger - DEBUG - This is a debug message
2026-04-21 14:08:21,218 - performance_logger - DEBUG - This is a debug message
2026-04-21 14:08:21,219 - performance_logger - DEBUG - This is a debug message
2026-04-21 14:08:21,221 - performance_logger - DEBUG - This is a debug message
2026-04-21 14:08:21,222 - performance_logger - DEBUG - This is a debug message
2026-04-21 14:08:21,223 - performance_logger - DEBUG - This is a debug message
2026-04-21 14:08:21,223 - performance_logger - DEBUG - This is a debug message
2026-04-21 14:08:21,224 - performance_logger - DEBUG - This is a debug message
2026-04-21 14:08:21,225 - performance_logger - DEBUG - This is a debug message
2026-04-21 14:08:21,226 - performance_logger - DEBUG - This is a debug message
2026-04-21 14:08:21,228 - performance_logger - DEBUG - This is a debug message
2026-04-21 14:08:21,229 - performance_logger - DEBUG - This is a debug message
2026-04-21 14:08:21,230 - performance_logger - DEBUG - This is a debug message
2026-04-21 14:08:21,231 - performance_logger - DEBUG - This is a debug message
2026-04-21 14:08:21,233 - performance_logger - DEBUG - This is a debug message
2026-04-21 14:08:21,235 - performance_logger - DEBUG - This is a debug message
2026-04-21 14:08:21,236 - performance_logger - DEBUG - This is a debug message
2026-04-21 14:08:21,240 - performance_logger - DEBUG - This is a debug message
2026-04-21 14:08:21,245 - performance_logger - DEBUG - This is a debug message
2026-04-21 14:08:21,248 - performance_logger - DEBUG - This is a debug message
2026-04-21 14:08:21,251 - performance_logger - DEBUG - This is a debug message
2026-04-21 14:08:21,253 - performance_logger - DEBUG - This is a debug message
2026-04-21 14:08:21,256 - performance_logger - DEBUG - This is a debug message
2026-04-21 14:08:21,259 - performance_logger - DEBUG - This is a debug message
2026-04-21 14:08:21,262 - performance_logger - DEBUG - This is a debug message
2026-04-21 14:08:21,266 - performance_logger - DEBUG - This is a debug message
2026-04-21 14:08:21,269 - performance_logger - DEBUG - This is a debug message
2026-04-21 14:08:21,278 - performance_logger - DEBUG - This is a debug message
2026-04-21 14:08:21,279 - performance_logger - DEBUG - This is a debug message
2026-04-21 14:08:21,285 - performance_logger - DEBUG - This is a debug message
2026-04-21 14:08:21,291 - performance_logger - DEBUG - This is a debug message
2026-04-21 14:08:21,295 - performance_logger - DEBUG - This is a debug message
2026-04-21 14:08:21,303 - performance_logger - DEBUG - This is a debug message
2026-04-21 14:08:21,307 - performance_logger - DEBUG - This is a debug message
2026-04-21 14:08:21,311 - performance_logger - DEBUG - This is a debug message
2026-04-21 14:08:21,317 - performance_logger - DEBUG - This is a debug message
2026-04-21 14:08:21,323 - performance_logger - DEBUG - This is a debug message
2026-04-21 14:08:21,332 - performance_logger - DEBUG - This is a debug message
2026-04-21 14:08:21,333 - performance_logger - DEBUG - This is a debug message
2026-04-21 14:08:21,337 - performance_logger - DEBUG - This is a debug message
2026-04-21 14:08:21,343 - performance_logger - DEBUG - This is a debug message
2026-04-21 14:08:21,347 - performance_logger - DEBUG - This is a debug message
2026-04-21 14:08:21,349 - performance_logger - DEBUG - This is a debug message
2026-04-21 14:08:21,358 - performance_logger - DEBUG - This is a debug message
2026-04-21 14:08:21,359 - performance_logger - DEBUG - This is a debug message
2026-04-21 14:08:21,364 - performance_logger - DEBUG - This is a debug message
2026-04-21 14:08:21,366 - performance_logger - DEBUG - This is a debug message
2026-04-21 14:08:21,368 - performance_logger - DEBUG - This is a debug message
2026-04-21 14:08:21,369 - performance_logger - DEBUG - This is a debug message
2026-04-21 14:08:21,371 - performance_logger - DEBUG - This is a debug message
2026-04-21 14:08:21,373 - performance_logger - DEBUG - This is a debug message
2026-04-21 14:08:21,375 - performance_logger - DEBUG - This is a debug message
2026-04-21 14:08:21,377 - performance_logger - DEBUG - This is a debug message
2026-04-21 14:08:21,379 - performance_logger - DEBUG - This is a debug message
2026-04-21 14:08:21,381 - performance_logger - DEBUG - This is a debug message
2026-04-21 14:08:21,383 - performance_logger - DEBUG - This is a debug message
2026-04-21 14:08:21,385 - performance_logger - DEBUG - This is a debug message
2026-04-21 14:08:21,387 - performance_logger - DEBUG - This is a debug message
2026-04-21 14:08:21,389 - performance_logger - DEBUG - This is a debug message
2026-04-21 14:08:21,391 - performance_logger - DEBUG - This is a debug message
2026-04-21 14:08:21,393 - performance_logger - DEBUG - This is a debug message
2026-04-21 14:08:21,396 - performance_logger - DEBUG - This is a debug message
2026-04-21 14:08:21,400 - performance_logger - DEBUG - This is a debug message
2026-04-21 14:08:21,402 - performance_logger - DEBUG - This is a debug message
2026-04-21 14:08:21,404 - performance_logger - DEBUG - This is a debug message
2026-04-21 14:08:21,406 - performance_logger - DEBUG - This is a debug message
2026-04-21 14:08:21,408 - performance_logger - DEBUG - This is a debug message
2026-04-21 14:08:21,411 - performance_logger - DEBUG - This is a debug message
2026-04-21 14:08:21,413 - performance_logger - DEBUG - This is a debug message
2026-04-21 14:08:21,416 - performance_logger - DEBUG - This is a debug message
2026-04-21 14:08:21,418 - performance_logger - DEBUG - This is a debug message
2026-04-21 14:08:21,421 - performance_logger - DEBUG - This is a debug message
2026-04-21 14:08:21,423 - performance_logger - DEBUG - This is a debug message
2026-04-21 14:08:21,426 - performance_logger - DEBUG - This is a debug message
2026-04-21 14:08:21,428 - performance_logger - DEBUG - This is a debug message
2026-04-21 14:08:21,431 - performance_logger - DEBUG - This is a debug message
2026-04-21 14:08:21,434 - performance_logger - DEBUG - This is a debug message
2026-04-21 14:08:21,435 - performance_logger - DEBUG - This is a debug message
2026-04-21 14:08:21,437 - performance_logger - DEBUG - This is a debug message
2026-04-21 14:08:21,440 - performance_logger - DEBUG - This is a debug message
2026-04-21 14:08:21,442 - performance_logger - DEBUG - This is a debug message
2026-04-21 14:08:21,444 - performance_logger - DEBUG - This is a debug message
2026-04-21 14:08:21,446 - performance_logger - DEBUG - This is a debug message
2026-04-21 14:08:21,448 - performance_logger - DEBUG - This is a debug message
2026-04-21 14:08:21,450 - performance_logger - DEBUG - This is a debug message
2026-04-21 14:08:21,452 - performance_logger - DEBUG - This is a debug message
2026-04-21 14:08:21,453 - performance_logger - DEBUG - This is a debug message
2026-04-21 14:08:21,455 - performance_logger - DEBUG - This is a debug message
2026-04-21 14:08:21,457 - performance_logger - DEBUG - This is a debug message
2026-04-21 14:08:21,459 - performance_logger - DEBUG - This is a debug message
2026-04-21 14:08:21,461 - performance_logger - DEBUG - This is a debug message
2026-04-21 14:08:21,463 - performance_logger - DEBUG - This is a debug message
2026-04-21 14:08:21,466 - performance_logger - DEBUG - This is a debug message
2026-04-21 14:08:21,468 - performance_logger - DEBUG - This is a debug message
2026-04-21 14:08:21,469 - performance_logger - DEBUG - This is a debug message
2026-04-21 14:08:21,472 - performance_logger - DEBUG - This is a debug message
2026-04-21 14:08:21,474 - performance_logger - DEBUG - This is a debug message
2026-04-21 14:08:21,476 - performance_logger - DEBUG - This is a debug message
2026-04-21 14:08:21,478 - performance_logger - DEBUG - This is a debug message
2026-04-21 14:08:21,480 - performance_logger - DEBUG - This is a debug message
2026-04-21 14:08:21,482 - performance_logger - DEBUG - This is a debug message
2026-04-21 14:08:21,484 - performance_logger - DEBUG - This is a debug message
2026-04-21 14:08:21,486 - performance_logger - DEBUG - This is a debug message
2026-04-21 14:08:21,487 - performance_logger - DEBUG - This is a debug message
2026-04-21 14:08:21,489 - performance_logger - DEBUG - This is a debug message
2026-04-21 14:08:21,492 - performance_logger - DEBUG - This is a debug message
2026-04-21 14:08:21,494 - performance_logger - DEBUG - This is a debug message
2026-04-21 14:08:21,495 - performance_logger - DEBUG - This is a debug message
2026-04-21 14:08:21,497 - performance_logger - DEBUG - This is a debug message
2026-04-21 14:08:21,498 - performance_logger - DEBUG - This is a debug message
2026-04-21 14:08:21,500 - performance_logger - DEBUG - This is a debug message
2026-04-21 14:08:21,501 - performance_logger - DEBUG - This is a debug message
2026-04-21 14:08:21,503 - performance_logger - DEBUG - This is a debug message
2026-04-21 14:08:21,504 - performance_logger - DEBUG - This is a debug message
2026-04-21 14:08:21,507 - performance_logger - DEBUG - This is a debug message
2026-04-21 14:08:21,508 - performance_logger - DEBUG - This is a debug message
2026-04-21 14:08:21,511 - performance_logger - DEBUG - This is a debug message
2026-04-21 14:08:21,512 - performance_logger - DEBUG - This is a debug message
2026-04-21 14:08:21,514 - performance_logger - DEBUG - This is a debug message
2026-04-21 14:08:21,516 - performance_logger - DEBUG - This is a debug message
2026-04-21 14:08:21,517 - performance_logger - DEBUG - This is a debug message
2026-04-21 14:08:21,519 - performance_logger - DEBUG - This is a debug message
2026-04-21 14:08:21,522 - performance_logger - DEBUG - This is a debug message
2026-04-21 14:08:21,524 - performance_logger - DEBUG - This is a debug message
2026-04-21 14:08:21,526 - performance_logger - DEBUG - This is a debug message
2026-04-21 14:08:21,527 - performance_logger - DEBUG - This is a debug message
2026-04-21 14:08:21,529 - performance_logger - DEBUG - This is a debug message
2026-04-21 14:08:21,531 - performance_logger - DEBUG - This is a debug message
2026-04-21 14:08:21,532 - performance_logger - DEBUG - This is a debug message
2026-04-21 14:08:21,534 - performance_logger - DEBUG - This is a debug message
2026-04-21 14:08:21,536 - performance_logger - DEBUG - This is a debug message
2026-04-21 14:08:21,537 - performance_logger - DEBUG - This is a debug message
2026-04-21 14:08:21,539 - performance_logger - DEBUG - This is a debug message
2026-04-21 14:08:21,541 - performance_logger - DEBUG - This is a debug message
2026-04-21 14:08:21,543 - performance_logger - DEBUG - This is a debug message
2026-04-21 14:08:21,544 - performance_logger - DEBUG - This is a debug message
2026-04-21 14:08:21,547 - performance_logger - DEBUG - This is a debug message
2026-04-21 14:08:21,549 - performance_logger - DEBUG - This is a debug message
2026-04-21 14:08:21,551 - performance_logger - DEBUG - This is a debug message
2026-04-21 14:08:21,552 - performance_logger - DEBUG - This is a debug message
2026-04-21 14:08:21,554 - performance_logger - DEBUG - This is a debug message
2026-04-21 14:08:21,556 - performance_logger - DEBUG - This is a debug message
2026-04-21 14:08:21,558 - performance_logger - DEBUG - This is a debug message
2026-04-21 14:08:21,561 - performance_logger - DEBUG - This is a debug message
2026-04-21 14:08:21,562 - performance_logger - DEBUG - This is a debug message
2026-04-21 14:08:21,563 - performance_logger - DEBUG - This is a debug message
2026-04-21 14:08:21,566 - performance_logger - DEBUG - This is a debug message
2026-04-21 14:08:21,568 - performance_logger - DEBUG - This is a debug message
2026-04-21 14:08:21,569 - performance_logger - DEBUG - This is a debug message
2026-04-21 14:08:21,571 - performance_logger - DEBUG - This is a debug message
2026-04-21 14:08:21,573 - performance_logger - DEBUG - This is a debug message
2026-04-21 14:08:21,574 - performance_logger - DEBUG - This is a debug message
2026-04-21 14:08:21,576 - performance_logger - DEBUG - This is a debug message
2026-04-21 14:08:21,578 - performance_logger - DEBUG - This is a debug message
2026-04-21 14:08:21,580 - performance_logger - DEBUG - This is a debug message
2026-04-21 14:08:21,582 - performance_logger - DEBUG - This is a debug message
2026-04-21 14:08:21,584 - performance_logger - DEBUG - This is a debug message
2026-04-21 14:08:21,587 - performance_logger - DEBUG - This is a debug message
2026-04-21 14:08:21,588 - performance_logger - DEBUG - This is a debug message
2026-04-21 14:08:21,590 - performance_logger - DEBUG - This is a debug message
2026-04-21 14:08:21,592 - performance_logger - DEBUG - This is a debug message
2026-04-21 14:08:21,593 - performance_logger - DEBUG - This is a debug message
2026-04-21 14:08:21,595 - performance_logger - DEBUG - This is a debug message
2026-04-21 14:08:21,597 - performance_logger - DEBUG - This is a debug message
2026-04-21 14:08:21,599 - performance_logger - DEBUG - This is a debug message
2026-04-21 14:08:21,601 - performance_logger - DEBUG - This is a debug message
2026-04-21 14:08:21,603 - performance_logger - DEBUG - This is a debug message
2026-04-21 14:08:21,604 - performance_logger - DEBUG - This is a debug message
2026-04-21 14:08:21,606 - performance_logger - DEBUG - This is a debug message
2026-04-21 14:08:21,608 - performance_logger - DEBUG - This is a debug message
2026-04-21 14:08:21,610 - performance_logger - DEBUG - This is a debug message
2026-04-21 14:08:21,611 - performance_logger - DEBUG - This is a debug message
2026-04-21 14:08:21,614 - performance_logger - DEBUG - This is a debug message
2026-04-21 14:08:21,616 - performance_logger - DEBUG - This is a debug message
2026-04-21 14:08:21,617 - performance_logger - DEBUG - This is a debug message
2026-04-21 14:08:21,619 - performance_logger - DEBUG - This is a debug message
2026-04-21 14:08:21,621 - performance_logger - DEBUG - This is a debug message
2026-04-21 14:08:21,622 - performance_logger - DEBUG - This is a debug message
2026-04-21 14:08:21,624 - performance_logger - DEBUG - This is a debug message
2026-04-21 14:08:21,625 - performance_logger - DEBUG - This is a debug message
2026-04-21 14:08:21,628 - performance_logger - DEBUG - This is a debug message
2026-04-21 14:08:21,630 - performance_logger - DEBUG - This is a debug message
2026-04-21 14:08:21,632 - performance_logger - DEBUG - This is a debug message
2026-04-21 14:08:21,634 - performance_logger - DEBUG - This is a debug message
2026-04-21 14:08:21,636 - performance_logger - DEBUG - This is a debug message
2026-04-21 14:08:21,637 - performance_logger - DEBUG - This is a debug message
2026-04-21 14:08:21,639 - performance_logger - DEBUG - This is a debug message
2026-04-21 14:08:21,641 - performance_logger - DEBUG - This is a debug message
2026-04-21 14:08:21,642 - performance_logger - DEBUG - This is a debug message
2026-04-21 14:08:21,647 - performance_logger - DEBUG - This is a debug message
2026-04-21 14:08:21,652 - performance_logger - DEBUG - This is a debug message
2026-04-21 14:08:21,654 - performance_logger - DEBUG - This is a debug message
2026-04-21 14:08:21,656 - performance_logger - DEBUG - This is a debug message
2026-04-21 14:08:21,659 - performance_logger - DEBUG - This is a debug message
2026-04-21 14:08:21,665 - performance_logger - DEBUG - This is a debug message
2026-04-21 14:08:21,667 - performance_logger - DEBUG - This is a debug message
2026-04-21 14:08:21,668 - performance_logger - DEBUG - This is a debug message
2026-04-21 14:08:21,671 - performance_logger - DEBUG - This is a debug message
2026-04-21 14:08:21,675 - performance_logger - DEBUG - This is a debug message
2026-04-21 14:08:21,680 - performance_logger - DEBUG - This is a debug message
2026-04-21 14:08:21,682 - performance_logger - DEBUG - This is a debug message
2026-04-21 14:08:21,687 - performance_logger - DEBUG - This is a debug message
2026-04-21 14:08:21,689 - performance_logger - DEBUG - This is a debug message
2026-04-21 14:08:21,694 - performance_logger - DEBUG - This is a debug message
2026-04-21 14:08:21,696 - performance_logger - DEBUG - This is a debug message
2026-04-21 14:08:21,698 - performance_logger - DEBUG - This is a debug message
2026-04-21 14:08:21,703 - performance_logger - DEBUG - This is a debug message
2026-04-21 14:08:21,704 - performance_logger - DEBUG - This is a debug message
2026-04-21 14:08:21,709 - performance_logger - DEBUG - This is a debug message
2026-04-21 14:08:21,711 - performance_logger - DEBUG - This is a debug message
2026-04-21 14:08:21,714 - performance_logger - DEBUG - This is a debug message
2026-04-21 14:08:21,718 - performance_logger - DEBUG - This is a debug message
2026-04-21 14:08:21,722 - performance_logger - DEBUG - This is a debug message
2026-04-21 14:08:21,724 - performance_logger - DEBUG - This is a debug message
2026-04-21 14:08:21,729 - performance_logger - DEBUG - This is a debug message
2026-04-21 14:08:21,731 - performance_logger - DEBUG - This is a debug message
2026-04-21 14:08:21,733 - performance_logger - DEBUG - This is a debug message
2026-04-21 14:08:21,742 - performance_logger - DEBUG - This is a debug message
2026-04-21 14:08:21,746 - performance_logger - DEBUG - This is a debug message
2026-04-21 14:08:21,752 - performance_logger - DEBUG - This is a debug message
2026-04-21 14:08:21,759 - performance_logger - DEBUG - This is a debug message
2026-04-21 14:08:21,764 - performance_logger - DEBUG - This is a debug message
2026-04-21 14:08:21,770 - performance_logger - DEBUG - This is a debug message
2026-04-21 14:08:21,777 - performance_logger - DEBUG - This is a debug message
2026-04-21 14:08:21,779 - performance_logger - DEBUG - This is a debug message
2026-04-21 14:08:21,786 - performance_logger - DEBUG - This is a debug message
2026-04-21 14:08:21,788 - performance_logger - DEBUG - This is a debug message
2026-04-21 14:08:21,795 - performance_logger - DEBUG - This is a debug message
2026-04-21 14:08:21,800 - performance_logger - DEBUG - This is a debug message
2026-04-21 14:08:21,807 - performance_logger - DEBUG - This is a debug message
2026-04-21 14:08:21,809 - performance_logger - DEBUG - This is a debug message
2026-04-21 14:08:21,812 - performance_logger - DEBUG - This is a debug message
2026-04-21 14:08:21,818 - performance_logger - DEBUG - This is a debug message
2026-04-21 14:08:21,824 - performance_logger - DEBUG - This is a debug message
2026-04-21 14:08:21,828 - performance_logger - DEBUG - This is a debug message
2026-04-21 14:08:21,839 - performance_logger - DEBUG - This is a debug message
2026-04-21 14:08:21,845 - performance_logger - DEBUG - This is a debug message
2026-04-21 14:08:21,850 - performance_logger - DEBUG - This is a debug message
2026-04-21 14:08:21,856 - performance_logger - DEBUG - This is a debug message
2026-04-21 14:08:21,863 - performance_logger - DEBUG - This is a debug message
2026-04-21 14:08:21,873 - performance_logger - DEBUG - This is a debug message
2026-04-21 14:08:21,882 - performance_logger - DEBUG - This is a debug message
2026-04-21 14:08:21,886 - performance_logger - DEBUG - This is a debug message
2026-04-21 14:08:21,897 - performance_logger - DEBUG - This is a debug message
2026-04-21 14:08:21,900 - performance_logger - DEBUG - This is a debug message
2026-04-21 14:08:21,909 - performance_logger - DEBUG - This is a debug message
2026-04-21 14:08:21,914 - performance_logger - DEBUG - This is a debug message
2026-04-21 14:08:21,920 - performance_logger - DEBUG - This is a debug message
2026-04-21 14:08:21,924 - performance_logger - DEBUG - This is a debug message
2026-04-21 14:08:21,930 - performance_logger - DEBUG - This is a debug message
2026-04-21 14:08:21,939 - performance_logger - DEBUG - This is a debug message
2026-04-21 14:08:21,947 - performance_logger - DEBUG - This is a debug message
2026-04-21 14:08:21,953 - performance_logger - DEBUG - This is a debug message
2026-04-21 14:08:21,955 - performance_logger - DEBUG - This is a debug message
2026-04-21 14:08:21,962 - performance_logger - DEBUG - This is a debug message
2026-04-21 14:08:21,969 - performance_logger - DEBUG - This is a debug message
2026-04-21 14:08:21,971 - performance_logger - DEBUG - This is a debug message
2026-04-21 14:08:21,975 - performance_logger - DEBUG - This is a debug message
2026-04-21 14:08:21,982 - performance_logger - DEBUG - This is a debug message
2026-04-21 14:08:21,983 - performance_logger - DEBUG - This is a debug message
2026-04-21 14:08:21,990 - performance_logger - DEBUG - This is a debug message
2026-04-21 14:08:21,994 - performance_logger - DEBUG - This is a debug message
2026-04-21 14:08:21,998 - performance_logger - DEBUG - This is a debug message
2026-04-21 14:08:22,005 - performance_logger - DEBUG - This is a debug message
2026-04-21 14:08:22,010 - performance_logger - DEBUG - This is a debug message
2026-04-21 14:08:22,011 - performance_logger - DEBUG - This is a debug message
2026-04-21 14:08:22,014 - performance_logger - DEBUG - This is a debug message
2026-04-21 14:08:22,024 - performance_logger - DEBUG - This is a debug message
2026-04-21 14:08:22,027 - performance_logger - DEBUG - This is a debug message
2026-04-21 14:08:22,031 - performance_logger - DEBUG - This is a debug message
2026-04-21 14:08:22,033 - performance_logger - DEBUG - This is a debug message
2026-04-21 14:08:22,037 - performance_logger - DEBUG - This is a debug message
2026-04-21 14:08:22,041 - performance_logger - DEBUG - This is a debug message
2026-04-21 14:08:22,045 - performance_logger - DEBUG - This is a debug message
2026-04-21 14:08:22,046 - performance_logger - DEBUG - This is a debug message
2026-04-21 14:08:22,050 - performance_logger - DEBUG - This is a debug message
2026-04-21 14:08:22,055 - performance_logger - DEBUG - This is a debug message
2026-04-21 14:08:22,059 - performance_logger - DEBUG - This is a debug message
2026-04-21 14:08:22,060 - performance_logger - DEBUG - This is a debug message
2026-04-21 14:08:22,067 - performance_logger - DEBUG - This is a debug message
2026-04-21 14:08:22,073 - performance_logger - DEBUG - This is a debug message
2026-04-21 14:08:22,075 - performance_logger - DEBUG - This is a debug message
2026-04-21 14:08:22,078 - performance_logger - DEBUG - This is a debug message
2026-04-21 14:08:22,080 - performance_logger - DEBUG - This is a debug message
2026-04-21 14:08:22,088 - performance_logger - DEBUG - This is a debug message
2026-04-21 14:08:22,090 - performance_logger - DEBUG - This is a debug message
2026-04-21 14:08:22,096 - performance_logger - DEBUG - This is a debug message
2026-04-21 14:08:22,105 - performance_logger - DEBUG - This is a debug message
2026-04-21 14:08:22,107 - performance_logger - DEBUG - This is a debug message
2026-04-21 14:08:22,113 - performance_logger - DEBUG - This is a debug message
2026-04-21 14:08:22,114 - performance_logger - DEBUG - This is a debug message
2026-04-21 14:08:22,121 - performance_logger - DEBUG - This is a debug message
2026-04-21 14:08:22,124 - performance_logger - DEBUG - This is a debug message
2026-04-21 14:08:22,128 - performance_logger - DEBUG - This is a debug message
2026-04-21 14:08:22,130 - performance_logger - DEBUG - This is a debug message
2026-04-21 14:08:22,133 - performance_logger - DEBUG - This is a debug message
2026-04-21 14:08:22,137 - performance_logger - DEBUG - This is a debug message
2026-04-21 14:08:22,141 - performance_logger - DEBUG - This is a debug message
2026-04-21 14:08:22,148 - performance_logger - DEBUG - This is a debug message
2026-04-21 14:08:22,152 - performance_logger - DEBUG - This is a debug message
2026-04-21 14:08:22,158 - performance_logger - DEBUG - This is a debug message
2026-04-21 14:08:22,163 - performance_logger - DEBUG - This is a debug message
2026-04-21 14:08:22,169 - performance_logger - DEBUG - This is a debug message
2026-04-21 14:08:22,170 - performance_logger - DEBUG - This is a debug message
2026-04-21 14:08:22,177 - performance_logger - DEBUG - This is a debug message
2026-04-21 14:08:22,183 - performance_logger - DEBUG - This is a debug message
2026-04-21 14:08:22,185 - performance_logger - DEBUG - This is a debug message
2026-04-21 14:08:22,189 - performance_logger - DEBUG - This is a debug message
2026-04-21 14:08:22,190 - performance_logger - DEBUG - This is a debug message
2026-04-21 14:08:22,192 - performance_logger - DEBUG - This is a debug message
2026-04-21 14:08:22,196 - performance_logger - DEBUG - This is a debug message
2026-04-21 14:08:22,200 - performance_logger - DEBUG - This is a debug message
2026-04-21 14:08:22,205 - performance_logger - DEBUG - This is a debug message
2026-04-21 14:08:22,207 - performance_logger - DEBUG - This is a debug message
2026-04-21 14:08:22,210 - performance_logger - DEBUG - This is a debug message
2026-04-21 14:08:22,211 - performance_logger - DEBUG - This is a debug message
2026-04-21 14:08:22,215 - performance_logger - DEBUG - This is a debug message
2026-04-21 14:08:22,220 - performance_logger - DEBUG - This is a debug message
2026-04-21 14:08:22,223 - performance_logger - DEBUG - This is a debug message
2026-04-21 14:08:22,230 - performance_logger - DEBUG - This is a debug message
2026-04-21 14:08:22,231 - performance_logger - DEBUG - This is a debug message
2026-04-21 14:08:22,236 - performance_logger - DEBUG - This is a debug message
2026-04-21 14:08:22,238 - performance_logger - DEBUG - This is a debug message
2026-04-21 14:08:22,240 - performance_logger - DEBUG - This is a debug message
2026-04-21 14:08:22,242 - performance_logger - DEBUG - This is a debug message
2026-04-21 14:08:22,245 - performance_logger - DEBUG - This is a debug message
2026-04-21 14:08:22,248 - performance_logger - DEBUG - This is a debug message
2026-04-21 14:08:22,250 - performance_logger - DEBUG - This is a debug message
2026-04-21 14:08:22,253 - performance_logger - DEBUG - This is a debug message
2026-04-21 14:08:22,257 - performance_logger - DEBUG - This is a debug message
2026-04-21 14:08:22,259 - performance_logger - DEBUG - This is a debug message
2026-04-21 14:08:22,266 - performance_logger - DEBUG - This is a debug message
2026-04-21 14:08:22,269 - performance_logger - DEBUG - This is a debug message
2026-04-21 14:08:22,275 - performance_logger - DEBUG - This is a debug message
2026-04-21 14:08:22,281 - performance_logger - DEBUG - This is a debug message
2026-04-21 14:08:22,286 - performance_logger - DEBUG - This is a debug message
2026-04-21 14:08:22,290 - performance_logger - DEBUG - This is a debug message
2026-04-21 14:08:22,293 - performance_logger - DEBUG - This is a debug message
2026-04-21 14:08:22,300 - performance_logger - DEBUG - This is a debug message
2026-04-21 14:08:22,303 - performance_logger - DEBUG - This is a debug message
2026-04-21 14:08:22,311 - performance_logger - DEBUG - This is a debug message
2026-04-21 14:08:22,313 - performance_logger - DEBUG - This is a debug message
2026-04-21 14:08:22,320 - performance_logger - DEBUG - This is a debug message
2026-04-21 14:08:22,322 - performance_logger - DEBUG - This is a debug message
2026-04-21 14:08:22,323 - performance_logger - DEBUG - This is a debug message
2026-04-21 14:08:22,326 - performance_logger - DEBUG - This is a debug message
2026-04-21 14:08:22,333 - performance_logger - DEBUG - This is a debug message
2026-04-21 14:08:22,340 - performance_logger - DEBUG - This is a debug message
2026-04-21 14:08:22,342 - performance_logger - DEBUG - This is a debug message
2026-04-21 14:08:22,346 - performance_logger - DEBUG - This is a debug message
2026-04-21 14:08:22,351 - performance_logger - DEBUG - This is a debug message
2026-04-21 14:08:22,357 - performance_logger - DEBUG - This is a debug message
2026-04-21 14:08:22,362 - performance_logger - DEBUG - This is a debug message
2026-04-21 14:08:22,370 - performance_logger - DEBUG - This is a debug message
2026-04-21 14:08:22,371 - performance_logger - DEBUG - This is a debug message
2026-04-21 14:08:22,377 - performance_logger - DEBUG - This is a debug message
2026-04-21 14:08:22,379 - performance_logger - DEBUG - This is a debug message
2026-04-21 14:08:22,384 - performance_logger - DEBUG - This is a debug message
2026-04-21 14:08:22,386 - performance_logger - DEBUG - This is a debug message
2026-04-21 14:08:22,393 - performance_logger - DEBUG - This is a debug message
2026-04-21 14:08:22,394 - performance_logger - DEBUG - This is a debug message
2026-04-21 14:08:22,401 - performance_logger - DEBUG - This is a debug message
2026-04-21 14:08:22,404 - performance_logger - DEBUG - This is a debug message
2026-04-21 14:08:22,409 - performance_logger - DEBUG - This is a debug message
2026-04-21 14:08:22,410 - performance_logger - DEBUG - This is a debug message
2026-04-21 14:08:22,414 - performance_logger - DEBUG - This is a debug message
2026-04-21 14:08:22,417 - performance_logger - DEBUG - This is a debug message
2026-04-21 14:08:22,423 - performance_logger - DEBUG - This is a debug message
2026-04-21 14:08:22,426 - performance_logger - DEBUG - This is a debug message
2026-04-21 14:08:22,431 - performance_logger - DEBUG - This is a debug message
2026-04-21 14:08:22,432 - performance_logger - DEBUG - This is a debug message
2026-04-21 14:08:22,434 - performance_logger - DEBUG - This is a debug message
2026-04-21 14:08:22,440 - performance_logger - DEBUG - This is a debug message
2026-04-21 14:08:22,443 - performance_logger - DEBUG - This is a debug message
2026-04-21 14:08:22,448 - performance_logger - DEBUG - This is a debug message
2026-04-21 14:08:22,452 - performance_logger - DEBUG - This is a debug message
2026-04-21 14:08:22,454 - performance_logger - DEBUG - This is a debug message
2026-04-21 14:08:22,455 - performance_logger - DEBUG - This is a debug message
2026-04-21 14:08:22,458 - performance_logger - DEBUG - This is a debug message
2026-04-21 14:08:22,459 - performance_logger - DEBUG - This is a debug message
2026-04-21 14:08:22,463 - performance_logger - DEBUG - This is a debug message
2026-04-21 14:08:22,466 - performance_logger - DEBUG - This is a debug message
2026-04-21 14:08:22,467 - performance_logger - DEBUG - This is a debug message
2026-04-21 14:08:22,468 - performance_logger - DEBUG - This is a debug message
2026-04-21 14:08:22,470 - performance_logger - DEBUG - This is a debug message
2026-04-21 14:08:22,471 - performance_logger - DEBUG - This is a debug message
2026-04-21 14:08:22,472 - performance_logger - DEBUG - This is a debug message
2026-04-21 14:08:22,472 - performance_logger - DEBUG - This is a debug message
2026-04-21 14:08:22,474 - performance_logger - DEBUG - This is a debug message
2026-04-21 14:08:22,475 - performance_logger - DEBUG - This is a debug message
2026-04-21 14:08:22,476 - performance_logger - DEBUG - This is a debug message
2026-04-21 14:08:22,477 - performance_logger - DEBUG - This is a debug message
2026-04-21 14:08:22,479 - performance_logger - DEBUG - This is a debug message
2026-04-21 14:08:22,481 - performance_logger - DEBUG - This is a debug message
2026-04-21 14:08:22,481 - performance_logger - DEBUG - This is a debug message
2026-04-21 14:08:22,482 - performance_logger - DEBUG - This is a debug message
2026-04-21 14:08:22,485 - performance_logger - DEBUG - This is a debug message
2026-04-21 14:08:22,485 - performance_logger - DEBUG - This is a debug message
2026-04-21 14:08:22,486 - performance_logger - DEBUG - This is a debug message
2026-04-21 14:08:22,487 - performance_logger - DEBUG - This is a debug message
2026-04-21 14:08:22,488 - performance_logger - DEBUG - This is a debug message
2026-04-21 14:08:22,489 - performance_logger - DEBUG - This is a debug message
2026-04-21 14:08:22,490 - performance_logger - DEBUG - This is a debug message
2026-04-21 14:08:22,491 - performance_logger - DEBUG - This is a debug message
2026-04-21 14:08:22,493 - performance_logger - DEBUG - This is a debug message
2026-04-21 14:08:22,494 - performance_logger - DEBUG - This is a debug message
2026-04-21 14:08:22,495 - performance_logger - DEBUG - This is a debug message
2026-04-21 14:08:22,496 - performance_logger - DEBUG - This is a debug message
2026-04-21 14:08:22,497 - performance_logger - DEBUG - This is a debug message
2026-04-21 14:08:22,499 - performance_logger - DEBUG - This is a debug message
2026-04-21 14:08:22,500 - performance_logger - DEBUG - This is a debug message
2026-04-21 14:08:22,502 - performance_logger - DEBUG - This is a debug message
2026-04-21 14:08:22,504 - performance_logger - DEBUG - This is a debug message
2026-04-21 14:08:22,506 - performance_logger - DEBUG - This is a debug message
2026-04-21 14:08:22,507 - performance_logger - DEBUG - This is a debug message
2026-04-21 14:08:22,507 - performance_logger - DEBUG - This is a debug message
2026-04-21 14:08:22,508 - performance_logger - DEBUG - This is a debug message
2026-04-21 14:08:22,510 - performance_logger - DEBUG - This is a debug message
2026-04-21 14:08:22,511 - performance_logger - DEBUG - This is a debug message
2026-04-21 14:08:22,512 - performance_logger - DEBUG - This is a debug message
2026-04-21 14:08:22,513 - performance_logger - DEBUG - This is a debug message
2026-04-21 14:08:22,516 - performance_logger - DEBUG - This is a debug message
2026-04-21 14:08:22,518 - performance_logger - DEBUG - This is a debug message
2026-04-21 14:08:22,519 - performance_logger - DEBUG - This is a debug message
2026-04-21 14:08:22,520 - performance_logger - DEBUG - This is a debug message
2026-04-21 14:08:22,521 - performance_logger - DEBUG - This is a debug message
2026-04-21 14:08:22,522 - performance_logger - DEBUG - This is a debug message
2026-04-21 14:08:22,523 - performance_logger - DEBUG - This is a debug message
2026-04-21 14:08:22,525 - performance_logger - DEBUG - This is a debug message
2026-04-21 14:08:22,526 - performance_logger - DEBUG - This is a debug message
2026-04-21 14:08:22,527 - performance_logger - DEBUG - This is a debug message
2026-04-21 14:08:22,532 - performance_logger - DEBUG - This is a debug message
2026-04-21 14:08:22,533 - performance_logger - DEBUG - This is a debug message
2026-04-21 14:08:22,535 - performance_logger - DEBUG - This is a debug message
2026-04-21 14:08:22,537 - performance_logger - DEBUG - This is a debug message
2026-04-21 14:08:22,538 - performance_logger - DEBUG - This is a debug message
2026-04-21 14:08:22,540 - performance_logger - DEBUG - This is a debug message
2026-04-21 14:08:22,540 - performance_logger - DEBUG - This is a debug message
2026-04-21 14:08:22,541 - performance_logger - DEBUG - This is a debug message
2026-04-21 14:08:22,543 - performance_logger - DEBUG - This is a debug message
2026-04-21 14:08:22,548 - performance_logger - DEBUG - This is a debug message
2026-04-21 14:08:22,549 - performance_logger - DEBUG - This is a debug message
2026-04-21 14:08:22,550 - performance_logger - DEBUG - This is a debug message
2026-04-21 14:08:22,551 - performance_logger - DEBUG - This is a debug message
2026-04-21 14:08:22,553 - performance_logger - DEBUG - This is a debug message
2026-04-21 14:08:22,554 - performance_logger - DEBUG - This is a debug message
2026-04-21 14:08:22,555 - performance_logger - DEBUG - This is a debug message
2026-04-21 14:08:22,557 - performance_logger - DEBUG - This is a debug message
2026-04-21 14:08:22,557 - performance_logger - DEBUG - This is a debug message
2026-04-21 14:08:22,559 - performance_logger - DEBUG - This is a debug message
2026-04-21 14:08:22,560 - performance_logger - DEBUG - This is a debug message
2026-04-21 14:08:22,565 - performance_logger - DEBUG - This is a debug message
2026-04-21 14:08:22,567 - performance_logger - DEBUG - This is a debug message
2026-04-21 14:08:22,570 - performance_logger - DEBUG - This is a debug message
2026-04-21 14:08:22,571 - performance_logger - DEBUG - This is a debug message
2026-04-21 14:08:22,572 - performance_logger - DEBUG - This is a debug message
2026-04-21 14:08:22,572 - performance_logger - DEBUG - This is a debug message
2026-04-21 14:08:22,573 - performance_logger - DEBUG - This is a debug message
2026-04-21 14:08:22,576 - performance_logger - DEBUG - This is a debug message
2026-04-21 14:08:22,576 - performance_logger - DEBUG - This is a debug message
2026-04-21 14:08:22,577 - performance_logger - DEBUG - This is a debug message
2026-04-21 14:08:22,582 - performance_logger - DEBUG - This is a debug message
2026-04-21 14:08:22,584 - performance_logger - DEBUG - This is a debug message
2026-04-21 14:08:22,585 - performance_logger - DEBUG - This is a debug message
2026-04-21 14:08:22,586 - performance_logger - DEBUG - This is a debug message
2026-04-21 14:08:22,588 - performance_logger - DEBUG - This is a debug message
2026-04-21 14:08:22,588 - performance_logger - DEBUG - This is a debug message
2026-04-21 14:08:22,590 - performance_logger - DEBUG - This is a debug message
2026-04-21 14:08:22,591 - performance_logger - DEBUG - This is a debug message
2026-04-21 14:08:22,592 - performance_logger - DEBUG - This is a debug message
2026-04-21 14:08:22,593 - performance_logger - DEBUG - This is a debug message
2026-04-21 14:08:22,599 - performance_logger - DEBUG - This is a debug message
2026-04-21 14:08:22,600 - performance_logger - DEBUG - This is a debug message
2026-04-21 14:08:22,601 - performance_logger - DEBUG - This is a debug message
2026-04-21 14:08:22,602 - performance_logger - DEBUG - This is a debug message
2026-04-21 14:08:22,604 - performance_logger - DEBUG - This is a debug message
2026-04-21 14:08:22,608 - performance_logger - DEBUG - This is a debug message
2026-04-21 14:08:22,610 - performance_logger - DEBUG - This is a debug message
2026-04-21 14:08:22,611 - performance_logger - DEBUG - This is a debug message
2026-04-21 14:08:22,614 - performance_logger - DEBUG - This is a debug message
2026-04-21 14:08:22,615 - performance_logger - DEBUG - This is a debug message
2026-04-21 14:08:22,616 - performance_logger - DEBUG - This is a debug message
2026-04-21 14:08:22,618 - performance_logger - DEBUG - This is a debug message
2026-04-21 14:08:22,621 - performance_logger - DEBUG - This is a debug message
2026-04-21 14:08:22,626 - performance_logger - DEBUG - This is a debug message
2026-04-21 14:08:22,627 - performance_logger - DEBUG - This is a debug message
2026-04-21 14:08:22,631 - performance_logger - DEBUG - This is a debug message
2026-04-21 14:08:22,634 - performance_logger - DEBUG - This is a debug message
2026-04-21 14:08:22,641 - performance_logger - DEBUG - This is a debug message
2026-04-21 14:08:22,643 - performance_logger - DEBUG - This is a debug message
2026-04-21 14:08:22,647 - performance_logger - DEBUG - This is a debug message
2026-04-21 14:08:22,650 - performance_logger - DEBUG - This is a debug message
2026-04-21 14:08:22,651 - performance_logger - DEBUG - This is a debug message
2026-04-21 14:08:22,652 - performance_logger - DEBUG - This is a debug message
2026-04-21 14:08:22,653 - performance_logger - DEBUG - This is a debug message
2026-04-21 14:08:22,654 - performance_logger - DEBUG - This is a debug message
2026-04-21 14:08:22,656 - performance_logger - DEBUG - This is a debug message
2026-04-21 14:08:22,659 - performance_logger - DEBUG - This is a debug message
2026-04-21 14:08:22,660 - performance_logger - DEBUG - This is a debug message
2026-04-21 14:08:22,661 - performance_logger - DEBUG - This is a debug message
2026-04-21 14:08:22,666 - performance_logger - DEBUG - This is a debug message
2026-04-21 14:08:22,669 - performance_logger - DEBUG - This is a debug message
2026-04-21 14:08:22,671 - performance_logger - DEBUG - This is a debug message
2026-04-21 14:08:22,673 - performance_logger - DEBUG - This is a debug message
2026-04-21 14:08:22,674 - performance_logger - DEBUG - This is a debug message
2026-04-21 14:08:22,675 - performance_logger - DEBUG - This is a debug message
2026-04-21 14:08:22,677 - performance_logger - DEBUG - This is a debug message
2026-04-21 14:08:22,678 - performance_logger - DEBUG - This is a debug message
2026-04-21 14:08:22,679 - performance_logger - DEBUG - This is a debug message
2026-04-21 14:08:22,680 - performance_logger - DEBUG - This is a debug message
2026-04-21 14:08:22,682 - performance_logger - DEBUG - This is a debug message
2026-04-21 14:08:22,683 - performance_logger - DEBUG - This is a debug message
2026-04-21 14:08:22,684 - performance_logger - DEBUG - This is a debug message
2026-04-21 14:08:22,686 - performance_logger - DEBUG - This is a debug message
2026-04-21 14:08:22,687 - performance_logger - DEBUG - This is a debug message
2026-04-21 14:08:22,688 - performance_logger - DEBUG - This is a debug message
2026-04-21 14:08:22,689 - performance_logger - DEBUG - This is a debug message
2026-04-21 14:08:22,690 - performance_logger - DEBUG - This is a debug message
2026-04-21 14:08:22,691 - performance_logger - DEBUG - This is a debug message
2026-04-21 14:08:22,693 - performance_logger - DEBUG - This is a debug message
2026-04-21 14:08:22,694 - performance_logger - DEBUG - This is a debug message
2026-04-21 14:08:22,695 - performance_logger - DEBUG - This is a debug message
2026-04-21 14:08:22,696 - performance_logger - DEBUG - This is a debug message
2026-04-21 14:08:22,697 - performance_logger - DEBUG - This is a debug message
2026-04-21 14:08:22,698 - performance_logger - DEBUG - This is a debug message
2026-04-21 14:08:22,702 - performance_logger - DEBUG - This is a debug message
2026-04-21 14:08:22,704 - performance_logger - DEBUG - This is a debug message
2026-04-21 14:08:22,707 - performance_logger - DEBUG - This is a debug message
2026-04-21 14:08:22,710 - performance_logger - DEBUG - This is a debug message
2026-04-21 14:08:22,713 - performance_logger - DEBUG - This is a debug message
2026-04-21 14:08:22,714 - performance_logger - DEBUG - This is a debug message
2026-04-21 14:08:22,716 - performance_logger - DEBUG - This is a debug message
2026-04-21 14:08:22,717 - performance_logger - DEBUG - This is a debug message
2026-04-21 14:08:22,718 - performance_logger - DEBUG - This is a debug message
2026-04-21 14:08:22,719 - performance_logger - DEBUG - This is a debug message
2026-04-21 14:08:22,720 - performance_logger - DEBUG - This is a debug message
2026-04-21 14:08:22,721 - performance_logger - DEBUG - This is a debug message
2026-04-21 14:08:22,723 - performance_logger - DEBUG - This is a debug message
2026-04-21 14:08:22,725 - performance_logger - DEBUG - This is a debug message
2026-04-21 14:08:22,726 - performance_logger - DEBUG - This is a debug message
2026-04-21 14:08:22,727 - performance_logger - DEBUG - This is a debug message
2026-04-21 14:08:22,728 - performance_logger - DEBUG - This is a debug message
2026-04-21 14:08:22,730 - performance_logger - DEBUG - This is a debug message
2026-04-21 14:08:22,731 - performance_logger - DEBUG - This is a debug message
2026-04-21 14:08:22,732 - performance_logger - DEBUG - This is a debug message
2026-04-21 14:08:22,734 - performance_logger - DEBUG - This is a debug message
2026-04-21 14:08:22,735 - performance_logger - DEBUG - This is a debug message
2026-04-21 14:08:22,736 - performance_logger - DEBUG - This is a debug message
2026-04-21 14:08:22,738 - performance_logger - DEBUG - This is a debug message
2026-04-21 14:08:22,739 - performance_logger - DEBUG - This is a debug message
2026-04-21 14:08:22,741 - performance_logger - DEBUG - This is a debug message
2026-04-21 14:08:22,742 - performance_logger - DEBUG - This is a debug message
2026-04-21 14:08:22,743 - performance_logger - DEBUG - This is a debug message
2026-04-21 14:08:22,744 - performance_logger - DEBUG - This is a debug message
2026-04-21 14:08:22,745 - performance_logger - DEBUG - This is a debug message
2026-04-21 14:08:22,747 - performance_logger - DEBUG - This is a debug message
2026-04-21 14:08:22,748 - performance_logger - DEBUG - This is a debug message
2026-04-21 14:08:22,750 - performance_logger - DEBUG - This is a debug message
2026-04-21 14:08:22,751 - performance_logger - DEBUG - This is a debug message
2026-04-21 14:08:22,752 - performance_logger - DEBUG - This is a debug message
2026-04-21 14:08:22,754 - performance_logger - DEBUG - This is a debug message
2026-04-21 14:08:22,755 - performance_logger - DEBUG - This is a debug message
2026-04-21 14:08:22,757 - performance_logger - DEBUG - This is a debug message
2026-04-21 14:08:22,758 - performance_logger - DEBUG - This is a debug message
2026-04-21 14:08:22,759 - performance_logger - DEBUG - This is a debug message
2026-04-21 14:08:22,759 - performance_logger - DEBUG - This is a debug message
2026-04-21 14:08:22,761 - performance_logger - DEBUG - This is a debug message
2026-04-21 14:08:22,762 - performance_logger - DEBUG - This is a debug message
2026-04-21 14:08:22,764 - performance_logger - DEBUG - This is a debug message
2026-04-21 14:08:22,765 - performance_logger - DEBUG - This is a debug message
2026-04-21 14:08:22,766 - performance_logger - DEBUG - This is a debug message
2026-04-21 14:08:22,767 - performance_logger - DEBUG - This is a debug message
2026-04-21 14:08:22,768 - performance_logger - DEBUG - This is a debug message
2026-04-21 14:08:22,770 - performance_logger - DEBUG - This is a debug message
2026-04-21 14:08:22,771 - performance_logger - DEBUG - This is a debug message
2026-04-21 14:08:22,772 - performance_logger - DEBUG - This is a debug message
2026-04-21 14:08:22,773 - performance_logger - DEBUG - This is a debug message
2026-04-21 14:08:22,774 - performance_logger - DEBUG - This is a debug message
2026-04-21 14:08:22,775 - performance_logger - DEBUG - This is a debug message
2026-04-21 14:08:22,777 - performance_logger - DEBUG - This is a debug message
2026-04-21 14:08:22,778 - performance_logger - DEBUG - This is a debug message
2026-04-21 14:08:22,779 - performance_logger - DEBUG - This is a debug message
2026-04-21 14:08:22,781 - performance_logger - DEBUG - This is a debug message
2026-04-21 14:08:22,782 - performance_logger - DEBUG - This is a debug message
2026-04-21 14:08:22,784 - performance_logger - DEBUG - This is a debug message
2026-04-21 14:08:22,785 - performance_logger - DEBUG - This is a debug message
2026-04-21 14:08:22,786 - performance_logger - DEBUG - This is a debug message
2026-04-21 14:08:22,787 - performance_logger - DEBUG - This is a debug message
2026-04-21 14:08:22,788 - performance_logger - DEBUG - This is a debug message
2026-04-21 14:08:22,790 - performance_logger - DEBUG - This is a debug message
2026-04-21 14:08:22,791 - performance_logger - DEBUG - This is a debug message
2026-04-21 14:08:22,792 - performance_logger - DEBUG - This is a debug message
2026-04-21 14:08:22,793 - performance_logger - DEBUG - This is a debug message
2026-04-21 14:08:22,794 - performance_logger - DEBUG - This is a debug message
2026-04-21 14:08:22,796 - performance_logger - DEBUG - This is a debug message
2026-04-21 14:08:22,797 - performance_logger - DEBUG - This is a debug message
2026-04-21 14:08:22,798 - performance_logger - DEBUG - This is a debug message
2026-04-21 14:08:22,800 - performance_logger - DEBUG - This is a debug message
2026-04-21 14:08:22,801 - performance_logger - DEBUG - This is a debug message
2026-04-21 14:08:22,802 - performance_logger - DEBUG - This is a debug message
2026-04-21 14:08:22,803 - performance_logger - DEBUG - This is a debug message
2026-04-21 14:08:22,805 - performance_logger - DEBUG - This is a debug message
2026-04-21 14:08:22,806 - performance_logger - DEBUG - This is a debug message
2026-04-21 14:08:22,807 - performance_logger - DEBUG - This is a debug message
2026-04-21 14:08:22,812 - performance_logger - DEBUG - This is a debug message
2026-04-21 14:08:22,818 - performance_logger - DEBUG - This is a debug message
2026-04-21 14:08:22,821 - performance_logger - DEBUG - This is a debug message
2026-04-21 14:08:22,824 - performance_logger - DEBUG - This is a debug message
2026-04-21 14:08:22,831 - performance_logger - DEBUG - This is a debug message
2026-04-21 14:08:22,833 - performance_logger - DEBUG - This is a debug message
2026-04-21 14:08:22,839 - performance_logger - DEBUG - This is a debug message
2026-04-21 14:08:22,845 - performance_logger - DEBUG - This is a debug message
2026-04-21 14:08:22,850 - performance_logger - DEBUG - This is a debug message
2026-04-21 14:08:22,859 - performance_logger - DEBUG - This is a debug message
2026-04-21 14:08:22,863 - performance_logger - DEBUG - This is a debug message
2026-04-21 14:08:22,866 - performance_logger - DEBUG - This is a debug message
2026-04-21 14:08:22,871 - performance_logger - DEBUG - This is a debug message
2026-04-21 14:08:22,876 - performance_logger - DEBUG - This is a debug message
2026-04-21 14:08:22,880 - performance_logger - DEBUG - This is a debug message
2026-04-21 14:08:22,889 - performance_logger - DEBUG - This is a debug message
2026-04-21 14:08:22,890 - performance_logger - DEBUG - This is a debug message
2026-04-21 14:08:22,894 - performance_logger - DEBUG - This is a debug message
2026-04-21 14:08:22,896 - performance_logger - DEBUG - This is a debug message
2026-04-21 14:08:22,897 - performance_logger - DEBUG - This is a debug message
2026-04-21 14:08:22,902 - performance_logger - DEBUG - This is a debug message
2026-04-21 14:08:22,904 - performance_logger - DEBUG - This is a debug message
2026-04-21 14:08:22,910 - performance_logger - DEBUG - This is a debug message
2026-04-21 14:08:22,915 - performance_logger - DEBUG - This is a debug message
2026-04-21 14:08:22,919 - performance_logger - DEBUG - This is a debug message
2026-04-21 14:08:22,921 - performance_logger - DEBUG - This is a debug message
2026-04-21 14:08:22,924 - performance_logger - DEBUG - This is a debug message
2026-04-21 14:08:22,929 - performance_logger - DEBUG - This is a debug message
2026-04-21 14:08:22,932 - performance_logger - DEBUG - This is a debug message
2026-04-21 14:08:22,933 - performance_logger - DEBUG - This is a debug message
2026-04-21 14:08:22,934 - performance_logger - DEBUG - This is a debug message
2026-04-21 14:08:22,935 - performance_logger - DEBUG - This is a debug message
2026-04-21 14:08:22,937 - performance_logger - DEBUG - This is a debug message
2026-04-21 14:08:22,937 - performance_logger - DEBUG - This is a debug message
2026-04-21 14:08:22,938 - performance_logger - DEBUG - This is a debug message
2026-04-21 14:08:22,939 - performance_logger - DEBUG - This is a debug message
2026-04-21 14:08:22,941 - performance_logger - DEBUG - This is a debug message
2026-04-21 14:08:22,942 - performance_logger - DEBUG - This is a debug message
2026-04-21 14:08:22,944 - performance_logger - DEBUG - This is a debug message
2026-04-21 14:08:22,944 - performance_logger - DEBUG - This is a debug message
2026-04-21 14:08:22,945 - performance_logger - DEBUG - This is a debug message
2026-04-21 14:08:22,946 - performance_logger - DEBUG - This is a debug message
2026-04-21 14:08:22,947 - performance_logger - DEBUG - This is a debug message
2026-04-21 14:08:22,948 - performance_logger - DEBUG - This is a debug message
2026-04-21 14:08:22,949 - performance_logger - DEBUG - This is a debug message
2026-04-21 14:08:22,951 - performance_logger - DEBUG - This is a debug message
2026-04-21 14:08:22,953 - performance_logger - DEBUG - This is a debug message
2026-04-21 14:08:22,955 - performance_logger - DEBUG - This is a debug message
2026-04-21 14:08:22,956 - performance_logger - DEBUG - This is a debug message
2026-04-21 14:08:22,957 - performance_logger - DEBUG - This is a debug message
2026-04-21 14:08:22,958 - performance_logger - DEBUG - This is a debug message
2026-04-21 14:08:22,959 - performance_logger - DEBUG - This is a debug message
2026-04-21 14:08:22,961 - performance_logger - DEBUG - This is a debug message
2026-04-21 14:08:22,962 - performance_logger - DEBUG - This is a debug message
2026-04-21 14:08:22,964 - performance_logger - DEBUG - This is a debug message
2026-04-21 14:08:22,965 - performance_logger - DEBUG - This is a debug message
2026-04-21 14:08:22,966 - performance_logger - DEBUG - This is a debug message
2026-04-21 14:08:22,967 - performance_logger - DEBUG - This is a debug message
2026-04-21 14:08:22,969 - performance_logger - DEBUG - This is a debug message
2026-04-21 14:08:22,969 - performance_logger - DEBUG - This is a debug message
2026-04-21 14:08:22,970 - performance_logger - DEBUG - This is a debug message
2026-04-21 14:08:22,972 - performance_logger - DEBUG - This is a debug message
2026-04-21 14:08:22,974 - performance_logger - DEBUG - This is a debug message
2026-04-21 14:08:22,975 - performance_logger - DEBUG - This is a debug message
2026-04-21 14:08:22,976 - performance_logger - DEBUG - This is a debug message
2026-04-21 14:08:22,977 - performance_logger - DEBUG - This is a debug message
2026-04-21 14:08:22,979 - performance_logger - DEBUG - This is a debug message
2026-04-21 14:08:22,980 - performance_logger - DEBUG - This is a debug message
2026-04-21 14:08:22,981 - performance_logger - DEBUG - This is a debug message
2026-04-21 14:08:22,983 - performance_logger - DEBUG - This is a debug message
2026-04-21 14:08:22,984 - performance_logger - DEBUG - This is a debug message
2026-04-21 14:08:22,984 - performance_logger - DEBUG - This is a debug message
2026-04-21 14:08:22,985 - performance_logger - DEBUG - This is a debug message
2026-04-21 14:08:22,986 - performance_logger - DEBUG - This is a debug message
2026-04-21 14:08:22,987 - performance_logger - DEBUG - This is a debug message
2026-04-21 14:08:22,989 - performance_logger - DEBUG - This is a debug message
2026-04-21 14:08:22,990 - performance_logger - DEBUG - This is a debug message
2026-04-21 14:08:22,991 - performance_logger - DEBUG - This is a debug message
2026-04-21 14:08:22,992 - performance_logger - DEBUG - This is a debug message
2026-04-21 14:08:22,993 - performance_logger - DEBUG - This is a debug message
2026-04-21 14:08:22,996 - performance_logger - DEBUG - This is a debug message
2026-04-21 14:08:22,997 - performance_logger - DEBUG - This is a debug message
2026-04-21 14:08:22,998 - performance_logger - DEBUG - This is a debug message
2026-04-21 14:08:23,000 - performance_logger - DEBUG - This is a debug message
2026-04-21 14:08:23,001 - performance_logger - DEBUG - This is a debug message
2026-04-21 14:08:23,002 - performance_logger - DEBUG - This is a debug message
2026-04-21 14:08:23,004 - performance_logger - DEBUG - This is a debug message
2026-04-21 14:08:23,005 - performance_logger - DEBUG - This is a debug message
2026-04-21 14:08:23,006 - performance_logger - DEBUG - This is a debug message
2026-04-21 14:08:23,008 - performance_logger - DEBUG - This is a debug message
2026-04-21 14:08:23,009 - performance_logger - DEBUG - This is a debug message
2026-04-21 14:08:23,010 - performance_logger - DEBUG - This is a debug message
2026-04-21 14:08:23,012 - performance_logger - DEBUG - This is a debug message
2026-04-21 14:08:23,013 - performance_logger - DEBUG - This is a debug message
2026-04-21 14:08:23,014 - performance_logger - DEBUG - This is a debug message
2026-04-21 14:08:23,015 - performance_logger - DEBUG - This is a debug message
2026-04-21 14:08:23,016 - performance_logger - DEBUG - This is a debug message
2026-04-21 14:08:23,017 - performance_logger - DEBUG - This is a debug message
2026-04-21 14:08:23,018 - performance_logger - DEBUG - This is a debug message
2026-04-21 14:08:23,020 - performance_logger - DEBUG - This is a debug message
2026-04-21 14:08:23,021 - performance_logger - DEBUG - This is a debug message
2026-04-21 14:08:23,022 - performance_logger - DEBUG - This is a debug message
2026-04-21 14:08:23,023 - performance_logger - DEBUG - This is a debug message
2026-04-21 14:08:23,025 - performance_logger - DEBUG - This is a debug message
2026-04-21 14:08:23,027 - performance_logger - DEBUG - This is a debug message
2026-04-21 14:08:23,028 - performance_logger - DEBUG - This is a debug message
2026-04-21 14:08:23,029 - performance_logger - DEBUG - This is a debug message
2026-04-21 14:08:23,030 - performance_logger - DEBUG - This is a debug message
2026-04-21 14:08:23,031 - performance_logger - DEBUG - This is a debug message
2026-04-21 14:08:23,032 - performance_logger - DEBUG - This is a debug message
2026-04-21 14:08:23,032 - performance_logger - DEBUG - This is a debug message
2026-04-21 14:08:23,033 - performance_logger - DEBUG - This is a debug message
2026-04-21 14:08:23,034 - performance_logger - DEBUG - This is a debug message
2026-04-21 14:08:23,035 - performance_logger - DEBUG - This is a debug message
2026-04-21 14:08:23,039 - performance_logger - DEBUG - This is a debug message
2026-04-21 14:08:23,040 - performance_logger - DEBUG - This is a debug message
2026-04-21 14:08:23,041 - performance_logger - DEBUG - This is a debug message
2026-04-21 14:08:23,042 - performance_logger - DEBUG - This is a debug message
2026-04-21 14:08:23,043 - performance_logger - DEBUG - This is a debug message
2026-04-21 14:08:23,045 - performance_logger - DEBUG - This is a debug message
2026-04-21 14:08:23,046 - performance_logger - DEBUG - This is a debug message
2026-04-21 14:08:23,048 - performance_logger - DEBUG - This is a debug message
2026-04-21 14:08:23,049 - performance_logger - DEBUG - This is a debug message
2026-04-21 14:08:23,050 - performance_logger - DEBUG - This is a debug message
2026-04-21 14:08:23,051 - performance_logger - DEBUG - This is a debug message
2026-04-21 14:08:23,052 - performance_logger - DEBUG - This is a debug message
2026-04-21 14:08:23,053 - performance_logger - DEBUG - This is a debug message
2026-04-21 14:08:23,056 - performance_logger - DEBUG - This is a debug message
2026-04-21 14:08:23,057 - performance_logger - DEBUG - This is a debug message
2026-04-21 14:08:23,058 - performance_logger - DEBUG - This is a debug message
2026-04-21 14:08:23,058 - performance_logger - DEBUG - This is a debug message
2026-04-21 14:08:23,059 - performance_logger - DEBUG - This is a debug message
2026-04-21 14:08:23,062 - performance_logger - DEBUG - This is a debug message
2026-04-21 14:08:23,063 - performance_logger - DEBUG - This is a debug message
2026-04-21 14:08:23,064 - performance_logger - DEBUG - This is a debug message
2026-04-21 14:08:23,065 - performance_logger - DEBUG - This is a debug message
2026-04-21 14:08:23,066 - performance_logger - DEBUG - This is a debug message
2026-04-21 14:08:23,068 - performance_logger - DEBUG - This is a debug message
2026-04-21 14:08:23,069 - performance_logger - DEBUG - This is a debug message
2026-04-21 14:08:23,070 - performance_logger - DEBUG - This is a debug message
2026-04-21 14:08:23,071 - performance_logger - DEBUG - This is a debug message
2026-04-21 14:08:23,072 - performance_logger - DEBUG - This is a debug message
2026-04-21 14:08:23,074 - performance_logger - DEBUG - This is a debug message
2026-04-21 14:08:23,075 - performance_logger - DEBUG - This is a debug message
2026-04-21 14:08:23,076 - performance_logger - DEBUG - This is a debug message
2026-04-21 14:08:23,077 - performance_logger - DEBUG - This is a debug message
2026-04-21 14:08:23,078 - performance_logger - DEBUG - This is a debug message
2026-04-21 14:08:23,081 - performance_logger - DEBUG - This is a debug message
2026-04-21 14:08:23,082 - performance_logger - DEBUG - This is a debug message
2026-04-21 14:08:23,084 - performance_logger - DEBUG - This is a debug message
2026-04-21 14:08:23,084 - performance_logger - DEBUG - This is a debug message
2026-04-21 14:08:23,085 - performance_logger - DEBUG - This is a debug message
2026-04-21 14:08:23,086 - performance_logger - DEBUG - This is a debug message
2026-04-21 14:08:23,087 - performance_logger - DEBUG - This is a debug message
2026-04-21 14:08:23,089 - performance_logger - DEBUG - This is a debug message
2026-04-21 14:08:23,090 - performance_logger - DEBUG - This is a debug message
2026-04-21 14:08:23,092 - performance_logger - DEBUG - This is a debug message
2026-04-21 14:08:23,093 - performance_logger - DEBUG - This is a debug message
2026-04-21 14:08:23,094 - performance_logger - DEBUG - This is a debug message
2026-04-21 14:08:23,096 - performance_logger - DEBUG - This is a debug message
2026-04-21 14:08:23,097 - performance_logger - DEBUG - This is a debug message
2026-04-21 14:08:23,098 - performance_logger - DEBUG - This is a debug message
2026-04-21 14:08:23,100 - performance_logger - DEBUG - This is a debug message
2026-04-21 14:08:23,101 - performance_logger - DEBUG - This is a debug message
2026-04-21 14:08:23,102 - performance_logger - DEBUG - This is a debug message
2026-04-21 14:08:23,103 - performance_logger - DEBUG - This is a debug message
2026-04-21 14:08:23,104 - performance_logger - DEBUG - This is a debug message
2026-04-21 14:08:23,106 - performance_logger - DEBUG - This is a debug message
2026-04-21 14:08:23,107 - performance_logger - DEBUG - This is a debug message
2026-04-21 14:08:23,108 - performance_logger - DEBUG - This is a debug message
2026-04-21 14:08:23,110 - performance_logger - DEBUG - This is a debug message
2026-04-21 14:08:23,111 - performance_logger - DEBUG - This is a debug message
2026-04-21 14:08:23,112 - performance_logger - DEBUG - This is a debug message
2026-04-21 14:08:23,113 - performance_logger - DEBUG - This is a debug message
2026-04-21 14:08:23,114 - performance_logger - DEBUG - This is a debug message
2026-04-21 14:08:23,115 - performance_logger - DEBUG - This is a debug message
2026-04-21 14:08:23,116 - performance_logger - DEBUG - This is a debug message
2026-04-21 14:08:23,117 - performance_logger - DEBUG - This is a debug message
2026-04-21 14:08:23,118 - performance_logger - DEBUG - This is a debug message
2026-04-21 14:08:23,119 - performance_logger - DEBUG - This is a debug message
2026-04-21 14:08:23,120 - performance_logger - DEBUG - This is a debug message
2026-04-21 14:08:23,121 - performance_logger - DEBUG - This is a debug message
2026-04-21 14:08:23,123 - performance_logger - DEBUG - This is a debug message
2026-04-21 14:08:23,124 - performance_logger - DEBUG - This is a debug message
2026-04-21 14:08:23,125 - performance_logger - DEBUG - This is a debug message
2026-04-21 14:08:23,126 - performance_logger - DEBUG - This is a debug message
2026-04-21 14:08:23,127 - performance_logger - DEBUG - This is a debug message
2026-04-21 14:08:23,129 - performance_logger - DEBUG - This is a debug message
2026-04-21 14:08:23,130 - performance_logger - DEBUG - This is a debug message
2026-04-21 14:08:23,131 - performance_logger - DEBUG - This is a debug message
2026-04-21 14:08:23,132 - performance_logger - DEBUG - This is a debug message
2026-04-21 14:08:23,133 - performance_logger - DEBUG - This is a debug message
2026-04-21 14:08:23,136 - performance_logger - DEBUG - This is a debug message
2026-04-21 14:08:23,137 - performance_logger - DEBUG - This is a debug message
2026-04-21 14:08:23,138 - performance_logger - DEBUG - This is a debug message
2026-04-21 14:08:23,139 - performance_logger - DEBUG - This is a debug message
2026-04-21 14:08:23,140 - performance_logger - DEBUG - This is a debug message
2026-04-21 14:08:23,141 - performance_logger - DEBUG - This is a debug message
2026-04-21 14:08:23,142 - performance_logger - DEBUG - This is a debug message
2026-04-21 14:08:23,143 - performance_logger - DEBUG - This is a debug message
2026-04-21 14:08:23,153 - performance_logger - DEBUG - This is a debug message
2026-04-21 14:08:23,162 - performance_logger - DEBUG - This is a debug message
2026-04-21 14:08:23,166 - performance_logger - DEBUG - This is a debug message
2026-04-21 14:08:23,170 - performance_logger - DEBUG - This is a debug message
2026-04-21 14:08:23,171 - performance_logger - DEBUG - This is a debug message
2026-04-21 14:08:23,172 - performance_logger - DEBUG - This is a debug message
2026-04-21 14:08:23,176 - performance_logger - DEBUG - This is a debug message
2026-04-21 14:08:23,177 - performance_logger - DEBUG - This is a debug message
2026-04-21 14:08:23,178 - performance_logger - DEBUG - This is a debug message
2026-04-21 14:08:23,182 - performance_logger - DEBUG - This is a debug message
2026-04-21 14:08:23,184 - performance_logger - DEBUG - This is a debug message
2026-04-21 14:08:23,190 - performance_logger - DEBUG - This is a debug message
2026-04-21 14:08:23,193 - performance_logger - DEBUG - This is a debug message
2026-04-21 14:08:23,199 - performance_logger - DEBUG - This is a debug message
2026-04-21 14:08:23,202 - performance_logger - DEBUG - This is a debug message
2026-04-21 14:08:23,203 - performance_logger - DEBUG - This is a debug message
2026-04-21 14:08:23,204 - performance_logger - DEBUG - This is a debug message
2026-04-21 14:08:23,205 - performance_logger - DEBUG - This is a debug message
2026-04-21 14:08:23,206 - performance_logger - DEBUG - This is a debug message
2026-04-21 14:08:23,208 - performance_logger - DEBUG - This is a debug message
2026-04-21 14:08:23,210 - performance_logger - DEBUG - This is a debug message
2026-04-21 14:08:23,212 - performance_logger - DEBUG - This is a debug message
2026-04-21 14:08:23,213 - performance_logger - DEBUG - This is a debug message
2026-04-21 14:08:23,215 - performance_logger - DEBUG - This is a debug message
2026-04-21 14:08:23,217 - performance_logger - DEBUG - This is a debug message
2026-04-21 14:08:23,220 - performance_logger - DEBUG - This is a debug message
2026-04-21 14:08:23,221 - performance_logger - DEBUG - This is a debug message
2026-04-21 14:08:23,222 - performance_logger - DEBUG - This is a debug message
2026-04-21 14:08:23,223 - performance_logger - DEBUG - This is a debug message
2026-04-21 14:08:23,223 - performance_logger - DEBUG - This is a debug message
2026-04-21 14:08:23,228 - performance_logger - DEBUG - This is a debug message
2026-04-21 14:08:23,235 - performance_logger - DEBUG - This is a debug message
2026-04-21 14:08:23,240 - performance_logger - DEBUG - This is a debug message
2026-04-21 14:08:23,245 - performance_logger - DEBUG - This is a debug message
2026-04-21 14:08:23,248 - performance_logger - DEBUG - This is a debug message
2026-04-21 14:08:23,254 - performance_logger - DEBUG - This is a debug message
2026-04-21 14:08:23,256 - performance_logger - DEBUG - This is a debug message
2026-04-21 14:08:23,257 - performance_logger - DEBUG - This is a debug message
2026-04-21 14:08:23,259 - performance_logger - DEBUG - This is a debug message
2026-04-21 14:08:23,262 - performance_logger - DEBUG - This is a debug message
2026-04-21 14:08:23,263 - performance_logger - DEBUG - This is a debug message
2026-04-21 14:08:23,269 - performance_logger - DEBUG - This is a debug message
2026-04-21 14:08:23,271 - performance_logger - DEBUG - This is a debug message
2026-04-21 14:08:23,273 - performance_logger - DEBUG - This is a debug message
2026-04-21 14:08:23,276 - performance_logger - DEBUG - This is a debug message
2026-04-21 14:08:23,277 - performance_logger - DEBUG - This is a debug message
2026-04-21 14:08:23,279 - performance_logger - DEBUG - This is a debug message
2026-04-21 14:08:23,281 - performance_logger - DEBUG - This is a debug message
2026-04-21 14:08:23,282 - performance_logger - DEBUG - This is a debug message
2026-04-21 14:08:23,284 - performance_logger - DEBUG - This is a debug message
2026-04-21 14:08:23,286 - performance_logger - DEBUG - This is a debug message
2026-04-21 14:08:23,287 - performance_logger - DEBUG - This is a debug message
2026-04-21 14:08:23,289 - performance_logger - DEBUG - This is a debug message
2026-04-21 14:08:23,291 - performance_logger - DEBUG - This is a debug message
2026-04-21 14:08:23,293 - performance_logger - DEBUG - This is a debug message
2026-04-21 14:08:23,295 - performance_logger - DEBUG - This is a debug message
2026-04-21 14:08:23,296 - performance_logger - DEBUG - This is a debug message
2026-04-21 14:08:23,298 - performance_logger - DEBUG - This is a debug message
2026-04-21 14:08:23,300 - performance_logger - DEBUG - This is a debug message
2026-04-21 14:08:23,302 - performance_logger - DEBUG - This is a debug message
2026-04-21 14:08:23,303 - performance_logger - DEBUG - This is a debug message
2026-04-21 14:08:23,305 - performance_logger - DEBUG - This is a debug message
2026-04-21 14:08:23,306 - performance_logger - DEBUG - This is a debug message
2026-04-21 14:08:23,307 - performance_logger - DEBUG - This is a debug message
2026-04-21 14:08:23,308 - performance_logger - DEBUG - This is a debug message
2026-04-21 14:08:23,309 - performance_logger - DEBUG - This is a debug message
2026-04-21 14:08:23,310 - performance_logger - DEBUG - This is a debug message
2026-04-21 14:08:23,311 - performance_logger - DEBUG - This is a debug message
2026-04-21 14:08:23,312 - performance_logger - DEBUG - This is a debug message
2026-04-21 14:08:23,313 - performance_logger - DEBUG - This is a debug message
2026-04-21 14:08:23,314 - performance_logger - DEBUG - This is a debug message
2026-04-21 14:08:23,316 - performance_logger - DEBUG - This is a debug message
2026-04-21 14:08:23,318 - performance_logger - DEBUG - This is a debug message
2026-04-21 14:08:23,318 - performance_logger - DEBUG - This is a debug message
2026-04-21 14:08:23,319 - performance_logger - DEBUG - This is a debug message
2026-04-21 14:08:23,320 - performance_logger - DEBUG - This is a debug message
2026-04-21 14:08:23,321 - performance_logger - DEBUG - This is a debug message
2026-04-21 14:08:23,322 - performance_logger - DEBUG - This is a debug message
2026-04-21 14:08:23,322 - performance_logger - DEBUG - This is a debug message
2026-04-21 14:08:23,324 - performance_logger - DEBUG - This is a debug message
2026-04-21 14:08:23,325 - performance_logger - DEBUG - This is a debug message
2026-04-21 14:08:23,326 - performance_logger - DEBUG - This is a debug message
2026-04-21 14:08:23,328 - performance_logger - DEBUG - This is a debug message
2026-04-21 14:08:23,329 - performance_logger - DEBUG - This is a debug message
2026-04-21 14:08:23,329 - performance_logger - DEBUG - This is a debug message
2026-04-21 14:08:23,330 - performance_logger - DEBUG - This is a debug message
2026-04-21 14:08:23,331 - performance_logger - DEBUG - This is a debug message
2026-04-21 14:08:23,331 - performance_logger - DEBUG - This is a debug message
2026-04-21 14:08:23,334 - performance_logger - DEBUG - This is a debug message
2026-04-21 14:08:23,336 - performance_logger - DEBUG - This is a debug message
2026-04-21 14:08:23,338 - performance_logger - DEBUG - This is a debug message
2026-04-21 14:08:23,339 - performance_logger - DEBUG - This is a debug message
2026-04-21 14:08:23,341 - performance_logger - DEBUG - This is a debug message
2026-04-21 14:08:23,341 - performance_logger - DEBUG - This is a debug message
2026-04-21 14:08:23,342 - performance_logger - DEBUG - This is a debug message
2026-04-21 14:08:23,347 - performance_logger - DEBUG - This is a debug message
2026-04-21 14:08:23,349 - performance_logger - DEBUG - This is a debug message
2026-04-21 14:08:23,352 - performance_logger - DEBUG - This is a debug message
2026-04-21 14:08:23,352 - performance_logger - DEBUG - This is a debug message
2026-04-21 14:08:23,353 - performance_logger - DEBUG - This is a debug message
2026-04-21 14:08:23,355 - performance_logger - DEBUG - This is a debug message
2026-04-21 14:08:23,356 - performance_logger - DEBUG - This is a debug message
2026-04-21 14:08:23,357 - performance_logger - DEBUG - This is a debug message
2026-04-21 14:08:23,358 - performance_logger - DEBUG - This is a debug message
2026-04-21 14:08:23,362 - performance_logger - DEBUG - This is a debug message
2026-04-21 14:08:23,363 - performance_logger - DEBUG - This is a debug message
2026-04-21 14:08:23,376 - performance_logger - DEBUG - This is a debug message
2026-04-21 14:08:23,382 - performance_logger - DEBUG - This is a debug message
2026-04-21 14:08:23,386 - performance_logger - DEBUG - This is a debug message
2026-04-21 14:08:23,389 - performance_logger - DEBUG - This is a debug message
2026-04-21 14:08:23,392 - performance_logger - DEBUG - This is a debug message
2026-04-21 14:08:23,397 - performance_logger - DEBUG - This is a debug message
2026-04-21 14:08:23,398 - performance_logger - DEBUG - This is a debug message
2026-04-21 14:08:23,399 - performance_logger - DEBUG - This is a debug message
2026-04-21 14:08:23,406 - performance_logger - DEBUG - This is a debug message
2026-04-21 14:08:23,407 - performance_logger - DEBUG - This is a debug message
2026-04-21 14:08:23,408 - performance_logger - DEBUG - This is a debug message
2026-04-21 14:08:23,410 - performance_logger - DEBUG - This is a debug message
2026-04-21 14:08:23,411 - performance_logger - DEBUG - This is a debug message
2026-04-21 14:08:23,413 - performance_logger - DEBUG - This is a debug message
2026-04-21 14:08:23,417 - performance_logger - DEBUG - This is a debug message
2026-04-21 14:08:23,422 - performance_logger - DEBUG - This is a debug message
2026-04-21 14:08:23,425 - performance_logger - DEBUG - This is a debug message
2026-04-21 14:08:23,429 - performance_logger - DEBUG - This is a debug message
2026-04-21 14:08:23,433 - performance_logger - DEBUG - This is a debug message
2026-04-21 14:08:23,436 - performance_logger - DEBUG - This is a debug message
2026-04-21 14:08:23,440 - performance_logger - DEBUG - This is a debug message
2026-04-21 14:08:23,443 - performance_logger - DEBUG - This is a debug message
2026-04-21 14:08:23,449 - performance_logger - DEBUG - This is a debug message
2026-04-21 14:08:23,452 - performance_logger - DEBUG - This is a debug message
2026-04-21 14:08:23,456 - performance_logger - DEBUG - This is a debug message
2026-04-21 14:08:23,457 - performance_logger - DEBUG - This is a debug message
2026-04-21 14:08:23,461 - performance_logger - DEBUG - This is a debug message
2026-04-21 14:08:23,463 - performance_logger - DEBUG - This is a debug message
2026-04-21 14:08:23,470 - performance_logger - DEBUG - This is a debug message
2026-04-21 14:08:23,477 - performance_logger - DEBUG - This is a debug message
2026-04-21 14:08:23,481 - performance_logger - DEBUG - This is a debug message
2026-04-21 14:08:23,484 - performance_logger - DEBUG - This is a debug message
2026-04-21 14:08:23,494 - performance_logger - DEBUG - This is a debug message
2026-04-21 14:08:23,501 - performance_logger - DEBUG - This is a debug message
2026-04-21 14:08:23,502 - performance_logger - DEBUG - This is a debug message
2026-04-21 14:08:23,507 - performance_logger - DEBUG - This is a debug message
2026-04-21 14:08:23,509 - performance_logger - DEBUG - This is a debug message
2026-04-21 14:08:23,510 - performance_logger - DEBUG - This is a debug message
2026-04-21 14:08:23,513 - performance_logger - DEBUG - This is a debug message
2026-04-21 14:08:23,516 - performance_logger - DEBUG - This is a debug message
2026-04-21 14:08:23,521 - performance_logger - DEBUG - This is a debug message
2026-04-21 14:08:23,526 - performance_logger - DEBUG - This is a debug message
2026-04-21 14:08:23,531 - performance_logger - DEBUG - This is a debug message
2026-04-21 14:08:23,533 - performance_logger - DEBUG - This is a debug message
2026-04-21 14:08:23,535 - performance_logger - DEBUG - This is a debug message
2026-04-21 14:08:23,536 - performance_logger - DEBUG - This is a debug message
2026-04-21 14:08:23,538 - performance_logger - DEBUG - This is a debug message
2026-04-21 14:08:23,539 - performance_logger - DEBUG - This is a debug message
2026-04-21 14:08:23,539 - performance_logger - DEBUG - This is a debug message
2026-04-21 14:08:23,541 - performance_logger - DEBUG - This is a debug message
2026-04-21 14:08:23,541 - performance_logger - DEBUG - This is a debug message
2026-04-21 14:08:23,542 - performance_logger - DEBUG - This is a debug message
2026-04-21 14:08:23,543 - performance_logger - DEBUG - This is a debug message
2026-04-21 14:08:23,544 - performance_logger - DEBUG - This is a debug message
2026-04-21 14:08:23,546 - performance_logger - DEBUG - This is a debug message
2026-04-21 14:08:23,547 - performance_logger - DEBUG - This is a debug message
2026-04-21 14:08:23,548 - performance_logger - DEBUG - This is a debug message
2026-04-21 14:08:23,550 - performance_logger - DEBUG - This is a debug message
2026-04-21 14:08:23,550 - performance_logger - DEBUG - This is a debug message
2026-04-21 14:08:23,552 - performance_logger - DEBUG - This is a debug message
2026-04-21 14:08:23,555 - performance_logger - DEBUG - This is a debug message
2026-04-21 14:08:23,556 - performance_logger - DEBUG - This is a debug message
2026-04-21 14:08:23,558 - performance_logger - DEBUG - This is a debug message
2026-04-21 14:08:23,561 - performance_logger - DEBUG - This is a debug message
2026-04-21 14:08:23,563 - performance_logger - DEBUG - This is a debug message
2026-04-21 14:08:23,568 - performance_logger - DEBUG - This is a debug message
2026-04-21 14:08:23,569 - performance_logger - DEBUG - This is a debug message
2026-04-21 14:08:23,571 - performance_logger - DEBUG - This is a debug message
2026-04-21 14:08:23,574 - performance_logger - DEBUG - This is a debug message
2026-04-21 14:08:23,575 - performance_logger - DEBUG - This is a debug message
2026-04-21 14:08:23,578 - performance_logger - DEBUG - This is a debug message
2026-04-21 14:08:23,581 - performance_logger - DEBUG - This is a debug message
2026-04-21 14:08:23,584 - performance_logger - DEBUG - This is a debug message
2026-04-21 14:08:23,586 - performance_logger - DEBUG - This is a debug message
2026-04-21 14:08:23,587 - performance_logger - DEBUG - This is a debug message
2026-04-21 14:08:23,587 - performance_logger - DEBUG - This is a debug message
2026-04-21 14:08:23,588 - performance_logger - DEBUG - This is a debug message
2026-04-21 14:08:23,589 - performance_logger - DEBUG - This is a debug message
2026-04-21 14:08:23,590 - performance_logger - DEBUG - This is a debug message
2026-04-21 14:08:23,591 - performance_logger - DEBUG - This is a debug message
2026-04-21 14:08:23,592 - performance_logger - DEBUG - This is a debug message
2026-04-21 14:08:23,593 - performance_logger - DEBUG - This is a debug message
2026-04-21 14:08:23,595 - performance_logger - DEBUG - This is a debug message
2026-04-21 14:08:23,595 - performance_logger - DEBUG - This is a debug message
2026-04-21 14:08:23,596 - performance_logger - DEBUG - This is a debug message
2026-04-21 14:08:23,597 - performance_logger - DEBUG - This is a debug message
2026-04-21 14:08:23,598 - performance_logger - DEBUG - This is a debug message
2026-04-21 14:08:23,599 - performance_logger - DEBUG - This is a debug message
2026-04-21 14:08:23,600 - performance_logger - DEBUG - This is a debug message
2026-04-21 14:08:23,601 - performance_logger - DEBUG - This is a debug message
2026-04-21 14:08:23,602 - performance_logger - DEBUG - This is a debug message
2026-04-21 14:08:23,603 - performance_logger - DEBUG - This is a debug message
2026-04-21 14:08:23,604 - performance_logger - DEBUG - This is a debug message
2026-04-21 14:08:23,606 - performance_logger - DEBUG - This is a debug message
2026-04-21 14:08:23,606 - performance_logger - DEBUG - This is a debug message
2026-04-21 14:08:23,608 - performance_logger - DEBUG - This is a debug message
2026-04-21 14:08:23,609 - performance_logger - DEBUG - This is a debug message
2026-04-21 14:08:23,610 - performance_logger - DEBUG - This is a debug message
2026-04-21 14:08:23,611 - performance_logger - DEBUG - This is a debug message
2026-04-21 14:08:23,613 - performance_logger - DEBUG - This is a debug message
2026-04-21 14:08:23,614 - performance_logger - DEBUG - This is a debug message
2026-04-21 14:08:23,616 - performance_logger - DEBUG - This is a debug message
2026-04-21 14:08:23,617 - performance_logger - DEBUG - This is a debug message
2026-04-21 14:08:23,619 - performance_logger - DEBUG - This is a debug message
2026-04-21 14:08:23,620 - performance_logger - DEBUG - This is a debug message
2026-04-21 14:08:23,621 - performance_logger - DEBUG - This is a debug message
2026-04-21 14:08:23,622 - performance_logger - DEBUG - This is a debug message
2026-04-21 14:08:23,623 - performance_logger - DEBUG - This is a debug message
2026-04-21 14:08:23,624 - performance_logger - DEBUG - This is a debug message
2026-04-21 14:08:23,625 - performance_logger - DEBUG - This is a debug message
2026-04-21 14:08:23,626 - performance_logger - DEBUG - This is a debug message
2026-04-21 14:08:23,628 - performance_logger - DEBUG - This is a debug message
2026-04-21 14:08:23,629 - performance_logger - DEBUG - This is a debug message
2026-04-21 14:08:23,630 - performance_logger - DEBUG - This is a debug message
2026-04-21 14:08:23,631 - performance_logger - DEBUG - This is a debug message
2026-04-21 14:08:23,632 - performance_logger - DEBUG - This is a debug message
2026-04-21 14:08:23,633 - performance_logger - DEBUG - This is a debug message
2026-04-21 14:08:23,634 - performance_logger - DEBUG - This is a debug message
2026-04-21 14:08:23,634 - performance_logger - DEBUG - This is a debug message
2026-04-21 14:08:23,636 - performance_logger - DEBUG - This is a debug message
2026-04-21 14:08:23,637 - performance_logger - DEBUG - This is a debug message
2026-04-21 14:08:23,639 - performance_logger - DEBUG - This is a debug message
2026-04-21 14:08:23,641 - performance_logger - DEBUG - This is a debug message
2026-04-21 14:08:23,642 - performance_logger - DEBUG - This is a debug message
2026-04-21 14:08:23,643 - performance_logger - DEBUG - This is a debug message
2026-04-21 14:08:23,644 - performance_logger - DEBUG - This is a debug message
2026-04-21 14:08:23,646 - performance_logger - DEBUG - This is a debug message
2026-04-21 14:08:23,650 - performance_logger - DEBUG - This is a debug message
2026-04-21 14:08:23,653 - performance_logger - DEBUG - This is a debug message
2026-04-21 14:08:23,655 - performance_logger - DEBUG - This is a debug message
2026-04-21 14:08:23,656 - performance_logger - DEBUG - This is a debug message
2026-04-21 14:08:23,657 - performance_logger - DEBUG - This is a debug message
2026-04-21 14:08:23,659 - performance_logger - DEBUG - This is a debug message
2026-04-21 14:08:23,661 - performance_logger - DEBUG - This is a debug message
2026-04-21 14:08:23,663 - performance_logger - DEBUG - This is a debug message
2026-04-21 14:08:23,665 - performance_logger - DEBUG - This is a debug message
2026-04-21 14:08:23,665 - performance_logger - DEBUG - This is a debug message
2026-04-21 14:08:23,666 - performance_logger - DEBUG - This is a debug message
2026-04-21 14:08:23,668 - performance_logger - DEBUG - This is a debug message
2026-04-21 14:08:23,669 - performance_logger - DEBUG - This is a debug message
2026-04-21 14:08:23,672 - performance_logger - DEBUG - This is a debug message
2026-04-21 14:08:23,673 - performance_logger - DEBUG - This is a debug message
2026-04-21 14:08:23,674 - performance_logger - DEBUG - This is a debug message
2026-04-21 14:08:23,675 - performance_logger - DEBUG - This is a debug message
2026-04-21 14:08:23,676 - performance_logger - DEBUG - This is a debug message
2026-04-21 14:08:23,678 - performance_logger - DEBUG - This is a debug message
2026-04-21 14:08:23,682 - performance_logger - DEBUG - This is a debug message
2026-04-21 14:08:23,684 - performance_logger - DEBUG - This is a debug message
2026-04-21 14:08:23,687 - performance_logger - DEBUG - This is a debug message
2026-04-21 14:08:23,689 - performance_logger - DEBUG - This is a debug message
2026-04-21 14:08:23,696 - performance_logger - DEBUG - This is a debug message
2026-04-21 14:08:23,706 - performance_logger - DEBUG - This is a debug message
2026-04-21 14:08:23,709 - performance_logger - DEBUG - This is a debug message
2026-04-21 14:08:23,710 - performance_logger - DEBUG - This is a debug message
2026-04-21 14:08:23,711 - performance_logger - DEBUG - This is a debug message
2026-04-21 14:08:23,712 - performance_logger - DEBUG - This is a debug message
2026-04-21 14:08:23,713 - performance_logger - DEBUG - This is a debug message
2026-04-21 14:08:23,714 - performance_logger - DEBUG - This is a debug message
2026-04-21 14:08:23,715 - performance_logger - DEBUG - This is a debug message
2026-04-21 14:08:23,716 - performance_logger - DEBUG - This is a debug message
2026-04-21 14:08:23,718 - performance_logger - DEBUG - This is a debug message
2026-04-21 14:08:23,718 - performance_logger - DEBUG - This is a debug message
2026-04-21 14:08:23,722 - performance_logger - DEBUG - This is a debug message
2026-04-21 14:08:23,723 - performance_logger - DEBUG - This is a debug message
2026-04-21 14:08:23,725 - performance_logger - DEBUG - This is a debug message
2026-04-21 14:08:23,726 - performance_logger - DEBUG - This is a debug message
2026-04-21 14:08:23,730 - performance_logger - DEBUG - This is a debug message
2026-04-21 14:08:23,731 - performance_logger - DEBUG - This is a debug message
2026-04-21 14:08:23,734 - performance_logger - DEBUG - This is a debug message
2026-04-21 14:08:23,735 - performance_logger - DEBUG - This is a debug message
2026-04-21 14:08:23,736 - performance_logger - DEBUG - This is a debug message
2026-04-21 14:08:23,737 - performance_logger - DEBUG - This is a debug message
2026-04-21 14:08:23,738 - performance_logger - DEBUG - This is a debug message
2026-04-21 14:08:23,740 - performance_logger - DEBUG - This is a debug message
2026-04-21 14:08:23,741 - performance_logger - DEBUG - This is a debug message
2026-04-21 14:08:23,742 - performance_logger - DEBUG - This is a debug message
2026-04-21 14:08:23,743 - performance_logger - DEBUG - This is a debug message
2026-04-21 14:08:23,744 - performance_logger - DEBUG - This is a debug message
2026-04-21 14:08:23,749 - performance_logger - DEBUG - This is a debug message
2026-04-21 14:08:23,754 - performance_logger - DEBUG - This is a debug message
2026-04-21 14:08:23,758 - performance_logger - DEBUG - This is a debug message
2026-04-21 14:08:23,765 - performance_logger - DEBUG - This is a debug message
2026-04-21 14:08:23,772 - performance_logger - DEBUG - This is a debug message
2026-04-21 14:08:23,776 - performance_logger - DEBUG - This is a debug message
2026-04-21 14:08:23,782 - performance_logger - DEBUG - This is a debug message
2026-04-21 14:08:23,791 - performance_logger - DEBUG - This is a debug message
2026-04-21 14:08:23,794 - performance_logger - DEBUG - This is a debug message
2026-04-21 14:08:23,800 - performance_logger - DEBUG - This is a debug message
2026-04-21 14:08:23,802 - performance_logger - DEBUG - This is a debug message
2026-04-21 14:08:23,806 - performance_logger - DEBUG - This is a debug message
2026-04-21 14:08:23,811 - performance_logger - DEBUG - This is a debug message
2026-04-21 14:08:23,812 - performance_logger - DEBUG - This is a debug message
2026-04-21 14:08:23,816 - performance_logger - DEBUG - This is a debug message
2026-04-21 14:08:23,818 - performance_logger - DEBUG - This is a debug message
2026-04-21 14:08:23,828 - performance_logger - DEBUG - This is a debug message
2026-04-21 14:08:23,829 - performance_logger - DEBUG - This is a debug message
2026-04-21 14:08:23,834 - performance_logger - DEBUG - This is a debug message
2026-04-21 14:08:23,838 - performance_logger - DEBUG - This is a debug message
2026-04-21 14:08:23,842 - performance_logger - DEBUG - This is a debug message
2026-04-21 14:08:23,844 - performance_logger - DEBUG - This is a debug message
2026-04-21 14:08:23,852 - performance_logger - DEBUG - This is a debug message
2026-04-21 14:08:23,861 - performance_logger - DEBUG - This is a debug message
2026-04-21 14:08:23,863 - performance_logger - DEBUG - This is a debug message
2026-04-21 14:08:23,870 - performance_logger - DEBUG - This is a debug message
2026-04-21 14:08:23,872 - performance_logger - DEBUG - This is a debug message
2026-04-21 14:08:23,876 - performance_logger - DEBUG - This is a debug message
2026-04-21 14:08:23,890 - performance_logger - DEBUG - This is a debug message
2026-04-21 14:08:23,892 - performance_logger - DEBUG - This is a debug message
2026-04-21 14:08:23,896 - performance_logger - DEBUG - This is a debug message
2026-04-21 14:08:23,911 - performance_logger - DEBUG - This is a debug message
2026-04-21 14:08:23,918 - performance_logger - DEBUG - This is a debug message
2026-04-21 14:08:23,929 - performance_logger - DEBUG - This is a debug message
2026-04-21 14:08:23,936 - performance_logger - DEBUG - This is a debug message
2026-04-21 14:08:23,938 - performance_logger - DEBUG - This is a debug message
2026-04-21 14:08:23,944 - performance_logger - DEBUG - This is a debug message
2026-04-21 14:08:23,949 - performance_logger - DEBUG - This is a debug message
2026-04-21 14:08:23,957 - performance_logger - DEBUG - This is a debug message
2026-04-21 14:08:23,963 - performance_logger - DEBUG - This is a debug message
2026-04-21 14:08:23,965 - performance_logger - DEBUG - This is a debug message
2026-04-21 14:08:23,978 - performance_logger - DEBUG - This is a debug message
2026-04-21 14:08:23,980 - performance_logger - DEBUG - This is a debug message
2026-04-21 14:08:23,989 - performance_logger - DEBUG - This is a debug message
2026-04-21 14:08:23,991 - performance_logger - DEBUG - This is a debug message
2026-04-21 14:08:23,994 - performance_logger - DEBUG - This is a debug message
2026-04-21 14:08:24,005 - performance_logger - DEBUG - This is a debug message
2026-04-21 14:08:24,008 - performance_logger - DEBUG - This is a debug message
2026-04-21 14:08:24,014 - performance_logger - DEBUG - This is a debug message
2026-04-21 14:08:24,017 - performance_logger - DEBUG - This is a debug message
2026-04-21 14:08:24,026 - performance_logger - DEBUG - This is a debug message
2026-04-21 14:08:24,032 - performance_logger - DEBUG - This is a debug message
2026-04-21 14:08:24,034 - performance_logger - DEBUG - This is a debug message
2026-04-21 14:08:24,041 - performance_logger - DEBUG - This is a debug message
2026-04-21 14:08:24,044 - performance_logger - DEBUG - This is a debug message
2026-04-21 14:08:24,051 - performance_logger - DEBUG - This is a debug message
2026-04-21 14:08:24,058 - performance_logger - DEBUG - This is a debug message
2026-04-21 14:08:24,062 - performance_logger - DEBUG - This is a debug message
2026-04-21 14:08:24,069 - performance_logger - DEBUG - This is a debug message
2026-04-21 14:08:24,073 - performance_logger - DEBUG - This is a debug message
2026-04-21 14:08:24,079 - performance_logger - DEBUG - This is a debug message
2026-04-21 14:08:24,087 - performance_logger - DEBUG - This is a debug message
2026-04-21 14:08:24,097 - performance_logger - DEBUG - This is a debug message
2026-04-21 14:08:24,104 - performance_logger - DEBUG - This is a debug message
2026-04-21 14:08:24,112 - performance_logger - DEBUG - This is a debug message
2026-04-21 14:08:24,114 - performance_logger - DEBUG - This is a debug message
2026-04-21 14:08:24,117 - performance_logger - DEBUG - This is a debug message
2026-04-21 14:08:24,127 - performance_logger - DEBUG - This is a debug message
2026-04-21 14:08:24,134 - performance_logger - DEBUG - This is a debug message
2026-04-21 14:08:24,138 - performance_logger - DEBUG - This is a debug message
2026-04-21 14:08:24,139 - performance_logger - DEBUG - This is a debug message
2026-04-21 14:08:24,147 - performance_logger - DEBUG - This is a debug message
2026-04-21 14:08:24,153 - performance_logger - DEBUG - This is a debug message
2026-04-21 14:08:24,163 - performance_logger - DEBUG - This is a debug message
2026-04-21 14:08:24,165 - performance_logger - DEBUG - This is a debug message
2026-04-21 14:08:24,168 - performance_logger - DEBUG - This is a debug message
2026-04-21 14:08:24,170 - performance_logger - DEBUG - This is a debug message
2026-04-21 14:08:24,173 - performance_logger - DEBUG - This is a debug message
2026-04-21 14:08:24,175 - performance_logger - DEBUG - This is a debug message
2026-04-21 14:08:24,178 - performance_logger - DEBUG - This is a debug message
2026-04-21 14:08:24,180 - performance_logger - DEBUG - This is a debug message
2026-04-21 14:08:24,184 - performance_logger - DEBUG - This is a debug message
2026-04-21 14:08:24,185 - performance_logger - DEBUG - This is a debug message
2026-04-21 14:08:24,188 - performance_logger - DEBUG - This is a debug message
2026-04-21 14:08:24,189 - performance_logger - DEBUG - This is a debug message
2026-04-21 14:08:24,193 - performance_logger - DEBUG - This is a debug message
2026-04-21 14:08:24,196 - performance_logger - DEBUG - This is a debug message
2026-04-21 14:08:24,197 - performance_logger - DEBUG - This is a debug message
2026-04-21 14:08:24,202 - performance_logger - DEBUG - This is a debug message
2026-04-21 14:08:24,203 - performance_logger - DEBUG - This is a debug message
2026-04-21 14:08:24,206 - performance_logger - DEBUG - This is a debug message
2026-04-21 14:08:24,211 - performance_logger - DEBUG - This is a debug message
2026-04-21 14:08:24,215 - performance_logger - DEBUG - This is a debug message
2026-04-21 14:08:24,219 - performance_logger - DEBUG - This is a debug message
2026-04-21 14:08:24,222 - performance_logger - DEBUG - This is a debug message
2026-04-21 14:08:24,228 - performance_logger - DEBUG - This is a debug message
2026-04-21 14:08:24,232 - performance_logger - DEBUG - This is a debug message
2026-04-21 14:08:24,236 - performance_logger - DEBUG - This is a debug message
2026-04-21 14:08:24,238 - performance_logger - DEBUG - This is a debug message
2026-04-21 14:08:24,239 - performance_logger - DEBUG - This is a debug message
2026-04-21 14:08:24,245 - performance_logger - DEBUG - This is a debug message
2026-04-21 14:08:24,246 - performance_logger - DEBUG - This is a debug message
2026-04-21 14:08:24,248 - performance_logger - DEBUG - This is a debug message
2026-04-21 14:08:24,253 - performance_logger - DEBUG - This is a debug message
2026-04-21 14:08:24,256 - performance_logger - DEBUG - This is a debug message
2026-04-21 14:08:24,262 - performance_logger - DEBUG - This is a debug message
2026-04-21 14:08:24,264 - performance_logger - DEBUG - This is a debug message
2026-04-21 14:08:24,271 - performance_logger - DEBUG - This is a debug message
2026-04-21 14:08:24,273 - performance_logger - DEBUG - This is a debug message
2026-04-21 14:08:24,275 - performance_logger - DEBUG - This is a debug message
2026-04-21 14:08:24,277 - performance_logger - DEBUG - This is a debug message
2026-04-21 14:08:24,280 - performance_logger - DEBUG - This is a debug message
2026-04-21 14:08:24,282 - performance_logger - DEBUG - This is a debug message
2026-04-21 14:08:24,283 - performance_logger - DEBUG - This is a debug message
2026-04-21 14:08:24,284 - performance_logger - DEBUG - This is a debug message
2026-04-21 14:08:24,285 - performance_logger - DEBUG - This is a debug message
2026-04-21 14:08:24,286 - performance_logger - DEBUG - This is a debug message
2026-04-21 14:08:24,288 - performance_logger - DEBUG - This is a debug message
2026-04-21 14:08:24,289 - performance_logger - DEBUG - This is a debug message
2026-04-21 14:08:24,290 - performance_logger - DEBUG - This is a debug message
2026-04-21 14:08:24,292 - performance_logger - DEBUG - This is a debug message
2026-04-21 14:08:24,296 - performance_logger - DEBUG - This is a debug message
2026-04-21 14:08:24,300 - performance_logger - DEBUG - This is a debug message
2026-04-21 14:08:24,302 - performance_logger - DEBUG - This is a debug message
2026-04-21 14:08:24,303 - performance_logger - DEBUG - This is a debug message
2026-04-21 14:08:24,303 - performance_logger - DEBUG - This is a debug message
2026-04-21 14:08:24,304 - performance_logger - DEBUG - This is a debug message
2026-04-21 14:08:24,306 - performance_logger - DEBUG - This is a debug message
2026-04-21 14:08:24,307 - performance_logger - DEBUG - This is a debug message
2026-04-21 14:08:24,309 - performance_logger - DEBUG - This is a debug message
2026-04-21 14:08:24,310 - performance_logger - DEBUG - This is a debug message
2026-04-21 14:08:24,313 - performance_logger - DEBUG - This is a debug message
2026-04-21 14:08:24,314 - performance_logger - DEBUG - This is a debug message
2026-04-21 14:08:24,315 - performance_logger - DEBUG - This is a debug message
2026-04-21 14:08:24,316 - performance_logger - DEBUG - This is a debug message
2026-04-21 14:08:24,317 - performance_logger - DEBUG - This is a debug message
2026-04-21 14:08:24,317 - performance_logger - DEBUG - This is a debug message
2026-04-21 14:08:24,318 - performance_logger - DEBUG - This is a debug message
2026-04-21 14:08:24,319 - performance_logger - DEBUG - This is a debug message
2026-04-21 14:08:24,320 - performance_logger - DEBUG - This is a debug message
2026-04-21 14:08:24,321 - performance_logger - DEBUG - This is a debug message
2026-04-21 14:08:24,324 - performance_logger - DEBUG - This is a debug message
2026-04-21 14:08:24,326 - performance_logger - DEBUG - This is a debug message
2026-04-21 14:08:24,326 - performance_logger - DEBUG - This is a debug message
2026-04-21 14:08:24,328 - performance_logger - DEBUG - This is a debug message
2026-04-21 14:08:24,329 - performance_logger - DEBUG - This is a debug message
2026-04-21 14:08:24,338 - performance_logger - DEBUG - This is a debug message
2026-04-21 14:08:24,340 - performance_logger - DEBUG - This is a debug message
2026-04-21 14:08:24,345 - performance_logger - DEBUG - This is a debug message
2026-04-21 14:08:24,351 - performance_logger - DEBUG - This is a debug message
2026-04-21 14:08:24,355 - performance_logger - DEBUG - This is a debug message
2026-04-21 14:08:24,359 - performance_logger - DEBUG - This is a debug message
2026-04-21 14:08:24,367 - performance_logger - DEBUG - This is a debug message
2026-04-21 14:08:24,371 - performance_logger - DEBUG - This is a debug message
2026-04-21 14:08:24,373 - performance_logger - DEBUG - This is a debug message
2026-04-21 14:08:24,375 - performance_logger - DEBUG - This is a debug message
2026-04-21 14:08:24,382 - performance_logger - DEBUG - This is a debug message
2026-04-21 14:08:24,387 - performance_logger - DEBUG - This is a debug message
2026-04-21 14:08:24,395 - performance_logger - DEBUG - This is a debug message
2026-04-21 14:08:24,402 - performance_logger - DEBUG - This is a debug message
2026-04-21 14:08:24,404 - performance_logger - DEBUG - This is a debug message
2026-04-21 14:08:24,406 - performance_logger - DEBUG - This is a debug message
2026-04-21 14:08:24,415 - performance_logger - DEBUG - This is a debug message
2026-04-21 14:08:24,421 - performance_logger - DEBUG - This is a debug message
2026-04-21 14:08:24,423 - performance_logger - DEBUG - This is a debug message
2026-04-21 14:08:24,425 - performance_logger - DEBUG - This is a debug message
2026-04-21 14:08:24,432 - performance_logger - DEBUG - This is a debug message
2026-04-21 14:08:24,433 - performance_logger - DEBUG - This is a debug message
2026-04-21 14:08:24,435 - performance_logger - DEBUG - This is a debug message
2026-04-21 14:08:24,446 - performance_logger - DEBUG - This is a debug message
2026-04-21 14:08:24,451 - performance_logger - DEBUG - This is a debug message
2026-04-21 14:08:24,456 - performance_logger - DEBUG - This is a debug message
2026-04-21 14:08:24,458 - performance_logger - DEBUG - This is a debug message
2026-04-21 14:08:24,465 - performance_logger - DEBUG - This is a debug message
2026-04-21 14:08:24,468 - performance_logger - DEBUG - This is a debug message
2026-04-21 14:08:24,469 - performance_logger - DEBUG - This is a debug message
2026-04-21 14:08:24,471 - performance_logger - DEBUG - This is a debug message
2026-04-21 14:08:24,475 - performance_logger - DEBUG - This is a debug message
2026-04-21 14:08:24,477 - performance_logger - DEBUG - This is a debug message
2026-04-21 14:08:24,479 - performance_logger - DEBUG - This is a debug message
2026-04-21 14:08:24,482 - performance_logger - DEBUG - This is a debug message
2026-04-21 14:08:24,484 - performance_logger - DEBUG - This is a debug message
2026-04-21 14:08:24,485 - performance_logger - DEBUG - This is a debug message
2026-04-21 14:08:24,487 - performance_logger - DEBUG - This is a debug message
2026-04-21 14:08:24,488 - performance_logger - DEBUG - This is a debug message
2026-04-21 14:08:24,489 - performance_logger - DEBUG - This is a debug message
2026-04-21 14:08:24,490 - performance_logger - DEBUG - This is a debug message
2026-04-21 14:08:24,491 - performance_logger - DEBUG - This is a debug message
2026-04-21 14:08:24,493 - performance_logger - DEBUG - This is a debug message
2026-04-21 14:08:24,496 - performance_logger - DEBUG - This is a debug message
2026-04-21 14:08:24,504 - performance_logger - DEBUG - This is a debug message
2026-04-21 14:08:24,516 - performance_logger - DEBUG - This is a debug message
2026-04-21 14:08:24,518 - performance_logger - DEBUG - This is a debug message
2026-04-21 14:08:24,520 - performance_logger - DEBUG - This is a debug message
2026-04-21 14:08:24,525 - performance_logger - DEBUG - This is a debug message
2026-04-21 14:08:24,528 - performance_logger - DEBUG - This is a debug message
2026-04-21 14:08:24,530 - performance_logger - DEBUG - This is a debug message
2026-04-21 14:08:24,534 - performance_logger - DEBUG - This is a debug message
2026-04-21 14:08:24,536 - performance_logger - DEBUG - This is a debug message
2026-04-21 14:08:24,538 - performance_logger - DEBUG - This is a debug message
2026-04-21 14:08:24,541 - performance_logger - DEBUG - This is a debug message
2026-04-21 14:08:24,542 - performance_logger - DEBUG - This is a debug message
2026-04-21 14:08:24,544 - performance_logger - DEBUG - This is a debug message
2026-04-21 14:08:24,546 - performance_logger - DEBUG - This is a debug message
2026-04-21 14:08:24,548 - performance_logger - DEBUG - This is a debug message
2026-04-21 14:08:24,550 - performance_logger - DEBUG - This is a debug message
2026-04-21 14:08:24,556 - performance_logger - DEBUG - This is a debug message
2026-04-21 14:08:24,559 - performance_logger - DEBUG - This is a debug message
2026-04-21 14:08:24,561 - performance_logger - DEBUG - This is a debug message
2026-04-21 14:08:24,563 - performance_logger - DEBUG - This is a debug message
2026-04-21 14:08:24,565 - performance_logger - DEBUG - This is a debug message
2026-04-21 14:08:24,567 - performance_logger - DEBUG - This is a debug message
2026-04-21 14:08:24,569 - performance_logger - DEBUG - This is a debug message
2026-04-21 14:08:24,573 - performance_logger - DEBUG - This is a debug message
2026-04-21 14:08:24,579 - performance_logger - DEBUG - This is a debug message
2026-04-21 14:08:24,581 - performance_logger - DEBUG - This is a debug message
2026-04-21 14:08:24,586 - performance_logger - DEBUG - This is a debug message
2026-04-21 14:08:24,591 - performance_logger - DEBUG - This is a debug message
2026-04-21 14:08:24,593 - performance_logger - DEBUG - This is a debug message
2026-04-21 14:08:24,603 - performance_logger - DEBUG - This is a debug message
2026-04-21 14:08:24,613 - performance_logger - DEBUG - This is a debug message
2026-04-21 14:08:24,619 - performance_logger - DEBUG - This is a debug message
2026-04-21 14:08:24,626 - performance_logger - DEBUG - This is a debug message
2026-04-21 14:08:24,632 - performance_logger - DEBUG - This is a debug message
2026-04-21 14:08:24,633 - performance_logger - DEBUG - This is a debug message
2026-04-21 14:08:24,638 - performance_logger - DEBUG - This is a debug message
2026-04-21 14:08:24,639 - performance_logger - DEBUG - This is a debug message
2026-04-21 14:08:24,642 - performance_logger - DEBUG - This is a debug message
2026-04-21 14:08:24,647 - performance_logger - DEBUG - This is a debug message
2026-04-21 14:08:24,652 - performance_logger - DEBUG - This is a debug message
2026-04-21 14:08:24,654 - performance_logger - DEBUG - This is a debug message
2026-04-21 14:08:24,658 - performance_logger - DEBUG - This is a debug message
2026-04-21 14:08:24,664 - performance_logger - DEBUG - This is a debug message
2026-04-21 14:08:24,672 - performance_logger - DEBUG - This is a debug message
2026-04-21 14:08:24,674 - performance_logger - DEBUG - This is a debug message
2026-04-21 14:08:24,676 - performance_logger - DEBUG - This is a debug message
2026-04-21 14:08:24,678 - performance_logger - DEBUG - This is a debug message
2026-04-21 14:08:24,680 - performance_logger - DEBUG - This is a debug message
2026-04-21 14:08:24,683 - performance_logger - DEBUG - This is a debug message
2026-04-21 14:08:24,685 - performance_logger - DEBUG - This is a debug message
2026-04-21 14:08:24,688 - performance_logger - DEBUG - This is a debug message
2026-04-21 14:08:24,689 - performance_logger - DEBUG - This is a debug message
2026-04-21 14:08:24,695 - performance_logger - DEBUG - This is a debug message
2026-04-21 14:08:24,696 - performance_logger - DEBUG - This is a debug message
2026-04-21 14:08:24,700 - performance_logger - DEBUG - This is a debug message
2026-04-21 14:08:24,704 - performance_logger - DEBUG - This is a debug message
2026-04-21 14:08:24,707 - performance_logger - DEBUG - This is a debug message
2026-04-21 14:08:24,709 - performance_logger - DEBUG - This is a debug message
2026-04-21 14:08:24,712 - performance_logger - DEBUG - This is a debug message
2026-04-21 14:08:24,715 - performance_logger - DEBUG - This is a debug message
2026-04-21 14:08:24,716 - performance_logger - DEBUG - This is a debug message
2026-04-21 14:08:24,718 - performance_logger - DEBUG - This is a debug message
2026-04-21 14:08:24,720 - performance_logger - DEBUG - This is a debug message
2026-04-21 14:08:24,723 - performance_logger - DEBUG - This is a debug message
2026-04-21 14:08:24,725 - performance_logger - DEBUG - This is a debug message
2026-04-21 14:08:24,728 - performance_logger - DEBUG - This is a debug message
2026-04-21 14:08:24,730 - performance_logger - DEBUG - This is a debug message
2026-04-21 14:08:24,732 - performance_logger - DEBUG - This is a debug message
2026-04-21 14:08:24,735 - performance_logger - DEBUG - This is a debug message
2026-04-21 14:08:24,738 - performance_logger - DEBUG - This is a debug message
2026-04-21 14:08:24,740 - performance_logger - DEBUG - This is a debug message
2026-04-21 14:08:24,743 - performance_logger - DEBUG - This is a debug message
2026-04-21 14:08:24,744 - performance_logger - DEBUG - This is a debug message
2026-04-21 14:08:24,745 - performance_logger - DEBUG - This is a debug message
2026-04-21 14:08:24,747 - performance_logger - DEBUG - This is a debug message
2026-04-21 14:08:24,748 - performance_logger - DEBUG - This is a debug message
2026-04-21 14:08:24,750 - performance_logger - DEBUG - This is a debug message
2026-04-21 14:08:24,751 - performance_logger - DEBUG - This is a debug message
2026-04-21 14:08:24,752 - performance_logger - DEBUG - This is a debug message
2026-04-21 14:08:24,753 - performance_logger - DEBUG - This is a debug message
2026-04-21 14:08:24,754 - performance_logger - DEBUG - This is a debug message
2026-04-21 14:08:24,755 - performance_logger - DEBUG - This is a debug message
2026-04-21 14:08:24,756 - performance_logger - DEBUG - This is a debug message
2026-04-21 14:08:24,758 - performance_logger - DEBUG - This is a debug message
2026-04-21 14:08:24,760 - performance_logger - DEBUG - This is a debug message
2026-04-21 14:08:24,761 - performance_logger - DEBUG - This is a debug message
2026-04-21 14:08:24,763 - performance_logger - DEBUG - This is a debug message
2026-04-21 14:08:24,764 - performance_logger - DEBUG - This is a debug message
2026-04-21 14:08:24,765 - performance_logger - DEBUG - This is a debug message
2026-04-21 14:08:24,767 - performance_logger - DEBUG - This is a debug message
2026-04-21 14:08:24,769 - performance_logger - DEBUG - This is a debug message
2026-04-21 14:08:24,770 - performance_logger - DEBUG - This is a debug message
2026-04-21 14:08:24,772 - performance_logger - DEBUG - This is a debug message
2026-04-21 14:08:24,773 - performance_logger - DEBUG - This is a debug message
2026-04-21 14:08:24,774 - performance_logger - DEBUG - This is a debug message
2026-04-21 14:08:24,777 - performance_logger - DEBUG - This is a debug message
2026-04-21 14:08:24,778 - performance_logger - DEBUG - This is a debug message
2026-04-21 14:08:24,780 - performance_logger - DEBUG - This is a debug message
2026-04-21 14:08:24,782 - performance_logger - DEBUG - This is a debug message
2026-04-21 14:08:24,783 - performance_logger - DEBUG - This is a debug message
2026-04-21 14:08:24,784 - performance_logger - DEBUG - This is a debug message
2026-04-21 14:08:24,786 - performance_logger - DEBUG - This is a debug message
2026-04-21 14:08:24,790 - performance_logger - DEBUG - This is a debug message
2026-04-21 14:08:24,791 - performance_logger - DEBUG - This is a debug message
2026-04-21 14:08:24,793 - performance_logger - DEBUG - This is a debug message
2026-04-21 14:08:24,794 - performance_logger - DEBUG - This is a debug message
2026-04-21 14:08:24,795 - performance_logger - DEBUG - This is a debug message
2026-04-21 14:08:24,797 - performance_logger - DEBUG - This is a debug message
2026-04-21 14:08:24,798 - performance_logger - DEBUG - This is a debug message
2026-04-21 14:08:24,799 - performance_logger - DEBUG - This is a debug message
2026-04-21 14:08:24,805 - performance_logger - DEBUG - This is a debug message
2026-04-21 14:08:24,809 - performance_logger - DEBUG - This is a debug message
2026-04-21 14:08:24,811 - performance_logger - DEBUG - This is a debug message
2026-04-21 14:08:24,815 - performance_logger - DEBUG - This is a debug message
2026-04-21 14:08:24,816 - performance_logger - DEBUG - This is a debug message
2026-04-21 14:08:24,819 - performance_logger - DEBUG - This is a debug message
2026-04-21 14:08:24,822 - performance_logger - DEBUG - This is a debug message
2026-04-21 14:08:24,826 - performance_logger - DEBUG - This is a debug message
2026-04-21 14:08:24,828 - performance_logger - DEBUG - This is a debug message
2026-04-21 14:08:24,832 - performance_logger - DEBUG - This is a debug message
2026-04-21 14:08:24,837 - performance_logger - DEBUG - This is a debug message
2026-04-21 14:08:24,840 - performance_logger - DEBUG - This is a debug message
2026-04-21 14:08:24,841 - performance_logger - DEBUG - This is a debug message
2026-04-21 14:08:24,846 - performance_logger - DEBUG - This is a debug message
2026-04-21 14:08:24,849 - performance_logger - DEBUG - This is a debug message
2026-04-21 14:08:24,852 - performance_logger - DEBUG - This is a debug message
2026-04-21 14:08:24,860 - performance_logger - DEBUG - This is a debug message
2026-04-21 14:08:24,863 - performance_logger - DEBUG - This is a debug message
2026-04-21 14:08:24,870 - performance_logger - DEBUG - This is a debug message
2026-04-21 14:08:24,873 - performance_logger - DEBUG - This is a debug message
2026-04-21 14:08:24,878 - performance_logger - DEBUG - This is a debug message
2026-04-21 14:08:24,881 - performance_logger - DEBUG - This is a debug message
2026-04-21 14:08:24,882 - performance_logger - DEBUG - This is a debug message
2026-04-21 14:08:24,884 - performance_logger - DEBUG - This is a debug message
2026-04-21 14:08:24,885 - performance_logger - DEBUG - This is a debug message
2026-04-21 14:08:24,886 - performance_logger - DEBUG - This is a debug message
2026-04-21 14:08:24,892 - performance_logger - DEBUG - This is a debug message
2026-04-21 14:08:24,894 - performance_logger - DEBUG - This is a debug message
2026-04-21 14:08:24,895 - performance_logger - DEBUG - This is a debug message
2026-04-21 14:08:24,900 - performance_logger - DEBUG - This is a debug message
2026-04-21 14:08:24,901 - performance_logger - DEBUG - This is a debug message
2026-04-21 14:08:24,906 - performance_logger - DEBUG - This is a debug message
2026-04-21 14:08:24,908 - performance_logger - DEBUG - This is a debug message
2026-04-21 14:08:24,912 - performance_logger - DEBUG - This is a debug message
2026-04-21 14:08:24,913 - performance_logger - DEBUG - This is a debug message
2026-04-21 14:08:24,916 - performance_logger - DEBUG - This is a debug message
2026-04-21 14:08:24,920 - performance_logger - DEBUG - This is a debug message
2026-04-21 14:08:24,923 - performance_logger - DEBUG - This is a debug message
2026-04-21 14:08:24,927 - performance_logger - DEBUG - This is a debug message
2026-04-21 14:08:24,929 - performance_logger - DEBUG - This is a debug message
2026-04-21 14:08:24,935 - performance_logger - DEBUG - This is a debug message
2026-04-21 14:08:24,941 - performance_logger - DEBUG - This is a debug message
2026-04-21 14:08:24,943 - performance_logger - DEBUG - This is a debug message
2026-04-21 14:08:24,943 - performance_logger - DEBUG - This is a debug message
2026-04-21 14:08:24,947 - performance_logger - DEBUG - This is a debug message
2026-04-21 14:08:24,948 - performance_logger - DEBUG - This is a debug message
2026-04-21 14:08:24,950 - performance_logger - DEBUG - This is a debug message
2026-04-21 14:08:24,959 - performance_logger - DEBUG - This is a debug message
2026-04-21 14:08:24,960 - performance_logger - DEBUG - This is a debug message
2026-04-21 14:08:24,965 - performance_logger - DEBUG - This is a debug message
2026-04-21 14:08:24,975 - performance_logger - DEBUG - This is a debug message
2026-04-21 14:08:24,979 - performance_logger - DEBUG - This is a debug message
2026-04-21 14:08:24,982 - performance_logger - DEBUG - This is a debug message
2026-04-21 14:08:24,991 - performance_logger - DEBUG - This is a debug message
2026-04-21 14:08:24,995 - performance_logger - DEBUG - This is a debug message
2026-04-21 14:08:24,996 - performance_logger - DEBUG - This is a debug message
2026-04-21 14:08:25,006 - performance_logger - DEBUG - This is a debug message
2026-04-21 14:08:25,011 - performance_logger - DEBUG - This is a debug message
2026-04-21 14:08:25,015 - performance_logger - DEBUG - This is a debug message
2026-04-21 14:08:25,018 - performance_logger - DEBUG - This is a debug message
2026-04-21 14:08:25,020 - performance_logger - DEBUG - This is a debug message
2026-04-21 14:08:25,030 - performance_logger - DEBUG - This is a debug message
2026-04-21 14:08:25,034 - performance_logger - DEBUG - This is a debug message
2026-04-21 14:08:25,041 - performance_logger - DEBUG - This is a debug message
2026-04-21 14:08:25,045 - performance_logger - DEBUG - This is a debug message
2026-04-21 14:08:25,049 - performance_logger - DEBUG - This is a debug message
2026-04-21 14:08:25,053 - performance_logger - DEBUG - This is a debug message
2026-04-21 14:08:25,058 - performance_logger - DEBUG - This is a debug message
2026-04-21 14:08:25,061 - performance_logger - DEBUG - This is a debug message
2026-04-21 14:08:25,068 - performance_logger - DEBUG - This is a debug message
2026-04-21 14:08:25,069 - performance_logger - DEBUG - This is a debug message
2026-04-21 14:08:25,073 - performance_logger - DEBUG - This is a debug message
2026-04-21 14:08:25,077 - performance_logger - DEBUG - This is a debug message
2026-04-21 14:08:25,078 - performance_logger - DEBUG - This is a debug message
2026-04-21 14:08:25,082 - performance_logger - DEBUG - This is a debug message
2026-04-21 14:08:25,086 - performance_logger - DEBUG - This is a debug message
2026-04-21 14:08:25,092 - performance_logger - DEBUG - This is a debug message
2026-04-21 14:08:25,101 - performance_logger - DEBUG - This is a debug message
2026-04-21 14:08:25,103 - performance_logger - DEBUG - This is a debug message
2026-04-21 14:08:25,107 - performance_logger - DEBUG - This is a debug message
2026-04-21 14:08:25,114 - performance_logger - DEBUG - This is a debug message
2026-04-21 14:08:25,118 - performance_logger - DEBUG - This is a debug message
2026-04-21 14:08:25,121 - performance_logger - DEBUG - This is a debug message
2026-04-21 14:08:25,132 - performance_logger - DEBUG - This is a debug message
2026-04-21 14:08:25,136 - performance_logger - DEBUG - This is a debug message
2026-04-21 14:08:25,143 - performance_logger - DEBUG - This is a debug message
2026-04-21 14:08:25,153 - performance_logger - DEBUG - This is a debug message
2026-04-21 14:08:25,154 - performance_logger - DEBUG - This is a debug message
2026-04-21 14:08:25,155 - performance_logger - DEBUG - This is a debug message
2026-04-21 14:08:25,168 - performance_logger - DEBUG - This is a debug message
2026-04-21 14:08:25,169 - performance_logger - DEBUG - This is a debug message
2026-04-21 14:08:25,173 - performance_logger - DEBUG - This is a debug message
2026-04-21 14:08:25,184 - performance_logger - DEBUG - This is a debug message
2026-04-21 14:08:25,189 - performance_logger - DEBUG - This is a debug message
2026-04-21 14:08:25,200 - performance_logger - DEBUG - This is a debug message
2026-04-21 14:08:25,204 - performance_logger - DEBUG - This is a debug message
2026-04-21 14:08:25,212 - performance_logger - DEBUG - This is a debug message
2026-04-21 14:08:25,221 - performance_logger - DEBUG - This is a debug message
2026-04-21 14:08:25,231 - performance_logger - DEBUG - This is a debug message
2026-04-21 14:08:25,233 - performance_logger - DEBUG - This is a debug message
2026-04-21 14:08:25,238 - performance_logger - DEBUG - This is a debug message
2026-04-21 14:08:25,244 - performance_logger - DEBUG - This is a debug message
2026-04-21 14:08:25,248 - performance_logger - DEBUG - This is a debug message
2026-04-21 14:08:25,256 - performance_logger - DEBUG - This is a debug message
2026-04-21 14:08:25,261 - performance_logger - DEBUG - This is a debug message
2026-04-21 14:08:25,263 - performance_logger - DEBUG - This is a debug message
2026-04-21 14:08:25,274 - performance_logger - DEBUG - This is a debug message
2026-04-21 14:08:25,275 - performance_logger - DEBUG - This is a debug message
2026-04-21 14:08:25,281 - performance_logger - DEBUG - This is a debug message
2026-04-21 14:08:25,282 - performance_logger - DEBUG - This is a debug message
2026-04-21 14:08:25,285 - performance_logger - DEBUG - This is a debug message
2026-04-21 14:08:25,292 - performance_logger - DEBUG - This is a debug message
2026-04-21 14:08:25,296 - performance_logger - DEBUG - This is a debug message
2026-04-21 14:08:25,297 - performance_logger - DEBUG - This is a debug message
2026-04-21 14:08:25,301 - performance_logger - DEBUG - This is a debug message
2026-04-21 14:08:25,305 - performance_logger - DEBUG - This is a debug message
2026-04-21 14:08:25,309 - performance_logger - DEBUG - This is a debug message
2026-04-21 14:08:25,312 - performance_logger - DEBUG - This is a debug message
2026-04-21 14:08:25,316 - performance_logger - DEBUG - This is a debug message
2026-04-21 14:08:25,319 - performance_logger - DEBUG - This is a debug message
2026-04-21 14:08:25,324 - performance_logger - DEBUG - This is a debug message
2026-04-21 14:08:25,331 - performance_logger - DEBUG - This is a debug message
2026-04-21 14:08:25,337 - performance_logger - DEBUG - This is a debug message
2026-04-21 14:08:25,339 - performance_logger - DEBUG - This is a debug message
2026-04-21 14:08:25,342 - performance_logger - DEBUG - This is a debug message
2026-04-21 14:08:25,347 - performance_logger - DEBUG - This is a debug message
2026-04-21 14:08:25,347 - performance_logger - DEBUG - This is a debug message
2026-04-21 14:08:25,351 - performance_logger - DEBUG - This is a debug message
2026-04-21 14:08:25,358 - performance_logger - DEBUG - This is a debug message
2026-04-21 14:08:25,361 - performance_logger - DEBUG - This is a debug message
2026-04-21 14:08:25,367 - performance_logger - DEBUG - This is a debug message
2026-04-21 14:08:25,372 - performance_logger - DEBUG - This is a debug message
2026-04-21 14:08:25,381 - performance_logger - DEBUG - This is a debug message
2026-04-21 14:08:25,385 - performance_logger - DEBUG - This is a debug message
2026-04-21 14:08:25,392 - performance_logger - DEBUG - This is a debug message
2026-04-21 14:08:25,395 - performance_logger - DEBUG - This is a debug message
2026-04-21 14:08:25,400 - performance_logger - DEBUG - This is a debug message
2026-04-21 14:08:25,403 - performance_logger - DEBUG - This is a debug message
2026-04-21 14:08:25,412 - performance_logger - DEBUG - This is a debug message
2026-04-21 14:08:25,421 - performance_logger - DEBUG - This is a debug message
2026-04-21 14:08:25,422 - performance_logger - DEBUG - This is a debug message
2026-04-21 14:08:25,428 - performance_logger - DEBUG - This is a debug message
2026-04-21 14:08:25,435 - performance_logger - DEBUG - This is a debug message
2026-04-21 14:08:25,436 - performance_logger - DEBUG - This is a debug message
2026-04-21 14:08:25,437 - performance_logger - DEBUG - This is a debug message
2026-04-21 14:08:25,439 - performance_logger - DEBUG - This is a debug message
2026-04-21 14:08:25,444 - performance_logger - DEBUG - This is a debug message
2026-04-21 14:08:25,446 - performance_logger - DEBUG - This is a debug message
2026-04-21 14:08:25,451 - performance_logger - DEBUG - This is a debug message
2026-04-21 14:08:25,452 - performance_logger - DEBUG - This is a debug message
2026-04-21 14:08:25,454 - performance_logger - DEBUG - This is a debug message
2026-04-21 14:08:25,457 - performance_logger - DEBUG - This is a debug message
2026-04-21 14:08:25,461 - performance_logger - DEBUG - This is a debug message
2026-04-21 14:08:25,464 - performance_logger - DEBUG - This is a debug message
2026-04-21 14:08:25,468 - performance_logger - DEBUG - This is a debug message
2026-04-21 14:08:25,469 - performance_logger - DEBUG - This is a debug message
2026-04-21 14:08:25,471 - performance_logger - DEBUG - This is a debug message
2026-04-21 14:08:25,476 - performance_logger - DEBUG - This is a debug message
2026-04-21 14:08:25,478 - performance_logger - DEBUG - This is a debug message
2026-04-21 14:08:25,482 - performance_logger - DEBUG - This is a debug message
2026-04-21 14:08:25,484 - performance_logger - DEBUG - This is a debug message
2026-04-21 14:08:25,486 - performance_logger - DEBUG - This is a debug message
2026-04-21 14:08:25,488 - performance_logger - DEBUG - This is a debug message
2026-04-21 14:08:25,490 - performance_logger - DEBUG - This is a debug message
2026-04-21 14:08:25,493 - performance_logger - DEBUG - This is a debug message
2026-04-21 14:08:25,497 - performance_logger - DEBUG - This is a debug message
2026-04-21 14:08:25,499 - performance_logger - DEBUG - This is a debug message
2026-04-21 14:08:25,501 - performance_logger - DEBUG - This is a debug message
2026-04-21 14:08:25,503 - performance_logger - DEBUG - This is a debug message
2026-04-21 14:08:25,507 - performance_logger - DEBUG - This is a debug message
2026-04-21 14:08:25,509 - performance_logger - DEBUG - This is a debug message
2026-04-21 14:08:25,514 - performance_logger - DEBUG - This is a debug message
2026-04-21 14:08:25,519 - performance_logger - DEBUG - This is a debug message
2026-04-21 14:08:25,521 - performance_logger - DEBUG - This is a debug message
2026-04-21 14:08:25,525 - performance_logger - DEBUG - This is a debug message
2026-04-21 14:08:25,526 - performance_logger - DEBUG - This is a debug message
2026-04-21 14:08:25,528 - performance_logger - DEBUG - This is a debug message
2026-04-21 14:08:25,536 - performance_logger - DEBUG - This is a debug message
2026-04-21 14:08:25,538 - performance_logger - DEBUG - This is a debug message
2026-04-21 14:08:25,545 - performance_logger - DEBUG - This is a debug message
2026-04-21 14:08:25,546 - performance_logger - DEBUG - This is a debug message
2026-04-21 14:08:25,551 - performance_logger - DEBUG - This is a debug message
2026-04-21 14:08:25,552 - performance_logger - DEBUG - This is a debug message
2026-04-21 14:08:25,554 - performance_logger - DEBUG - This is a debug message
2026-04-21 14:08:25,554 - performance_logger - DEBUG - This is a debug message
2026-04-21 14:08:25,555 - performance_logger - DEBUG - This is a debug message
2026-04-21 14:08:25,557 - performance_logger - DEBUG - This is a debug message
2026-04-21 14:08:25,558 - performance_logger - DEBUG - This is a debug message
2026-04-21 14:08:25,559 - performance_logger - DEBUG - This is a debug message
2026-04-21 14:08:25,560 - performance_logger - DEBUG - This is a debug message
2026-04-21 14:08:25,561 - performance_logger - DEBUG - This is a debug message
2026-04-21 14:08:25,564 - performance_logger - DEBUG - This is a debug message
2026-04-21 14:08:25,570 - performance_logger - DEBUG - This is a debug message
2026-04-21 14:08:25,577 - performance_logger - DEBUG - This is a debug message
2026-04-21 14:08:25,583 - performance_logger - DEBUG - This is a debug message
2026-04-21 14:08:25,586 - performance_logger - DEBUG - This is a debug message
2026-04-21 14:08:25,588 - performance_logger - DEBUG - This is a debug message
2026-04-21 14:08:25,597 - performance_logger - DEBUG - This is a debug message
2026-04-21 14:08:25,599 - performance_logger - DEBUG - This is a debug message
2026-04-21 14:08:25,604 - performance_logger - DEBUG - This is a debug message
2026-04-21 14:08:25,610 - performance_logger - DEBUG - This is a debug message
2026-04-21 14:08:25,617 - performance_logger - DEBUG - This is a debug message
2026-04-21 14:08:25,619 - performance_logger - DEBUG - This is a debug message
2026-04-21 14:08:25,624 - performance_logger - DEBUG - This is a debug message
2026-04-21 14:08:25,627 - performance_logger - DEBUG - This is a debug message
2026-04-21 14:08:25,630 - performance_logger - DEBUG - This is a debug message
2026-04-21 14:08:25,638 - performance_logger - DEBUG - This is a debug message
2026-04-21 14:08:25,640 - performance_logger - DEBUG - This is a debug message
2026-04-21 14:08:25,647 - performance_logger - DEBUG - This is a debug message
2026-04-21 14:08:25,649 - performance_logger - DEBUG - This is a debug message
2026-04-21 14:08:25,653 - performance_logger - DEBUG - This is a debug message
2026-04-21 14:08:25,658 - performance_logger - DEBUG - This is a debug message
2026-04-21 14:08:25,659 - performance_logger - DEBUG - This is a debug message
2026-04-21 14:08:25,664 - performance_logger - DEBUG - This is a debug message
2026-04-21 14:08:25,671 - performance_logger - DEBUG - This is a debug message
2026-04-21 14:08:25,672 - performance_logger - DEBUG - This is a debug message
2026-04-21 14:08:25,675 - performance_logger - DEBUG - This is a debug message
2026-04-21 14:08:25,682 - performance_logger - DEBUG - This is a debug message
2026-04-21 14:08:25,686 - performance_logger - DEBUG - This is a debug message
2026-04-21 14:08:25,690 - performance_logger - DEBUG - This is a debug message
2026-04-21 14:08:25,697 - performance_logger - DEBUG - This is a debug message
2026-04-21 14:08:25,700 - performance_logger - DEBUG - This is a debug message
2026-04-21 14:08:25,706 - performance_logger - DEBUG - This is a debug message
2026-04-21 14:08:25,713 - performance_logger - DEBUG - This is a debug message
2026-04-21 14:08:25,719 - performance_logger - DEBUG - This is a debug message
2026-04-21 14:08:25,726 - performance_logger - DEBUG - This is a debug message
2026-04-21 14:08:25,727 - performance_logger - DEBUG - This is a debug message
2026-04-21 14:08:25,732 - performance_logger - DEBUG - This is a debug message
2026-04-21 14:08:25,736 - performance_logger - DEBUG - This is a debug message
2026-04-21 14:08:25,739 - performance_logger - DEBUG - This is a debug message
2026-04-21 14:08:25,748 - performance_logger - DEBUG - This is a debug message
2026-04-21 14:08:25,752 - performance_logger - DEBUG - This is a debug message
2026-04-21 14:08:25,757 - performance_logger - DEBUG - This is a debug message
2026-04-21 14:08:25,766 - performance_logger - DEBUG - This is a debug message
2026-04-21 14:08:25,771 - performance_logger - DEBUG - This is a debug message
2026-04-21 14:08:25,780 - performance_logger - DEBUG - This is a debug message
2026-04-21 14:08:25,790 - performance_logger - DEBUG - This is a debug message
2026-04-21 14:08:25,793 - performance_logger - DEBUG - This is a debug message
2026-04-21 14:08:25,797 - performance_logger - DEBUG - This is a debug message
2026-04-21 14:08:25,809 - performance_logger - DEBUG - This is a debug message
2026-04-21 14:08:25,813 - performance_logger - DEBUG - This is a debug message
2026-04-21 14:08:25,826 - performance_logger - DEBUG - This is a debug message
2026-04-21 14:08:25,830 - performance_logger - DEBUG - This is a debug message
2026-04-21 14:08:25,835 - performance_logger - DEBUG - This is a debug message
2026-04-21 14:08:25,839 - performance_logger - DEBUG - This is a debug message
2026-04-21 14:08:25,851 - performance_logger - DEBUG - This is a debug message
2026-04-21 14:08:25,861 - performance_logger - DEBUG - This is a debug message
2026-04-21 14:08:25,862 - performance_logger - DEBUG - This is a debug message
2026-04-21 14:08:25,867 - performance_logger - DEBUG - This is a debug message
2026-04-21 14:08:25,878 - performance_logger - DEBUG - This is a debug message
2026-04-21 14:08:25,879 - performance_logger - DEBUG - This is a debug message
2026-04-21 14:08:25,881 - performance_logger - DEBUG - This is a debug message
2026-04-21 14:08:25,888 - performance_logger - DEBUG - This is a debug message
2026-04-21 14:08:25,892 - performance_logger - DEBUG - This is a debug message
2026-04-21 14:08:25,904 - performance_logger - DEBUG - This is a debug message
2026-04-21 14:08:25,906 - performance_logger - DEBUG - This is a debug message
2026-04-21 14:08:25,916 - performance_logger - DEBUG - This is a debug message
2026-04-21 14:08:25,918 - performance_logger - DEBUG - This is a debug message
2026-04-21 14:08:25,923 - performance_logger - DEBUG - This is a debug message
2026-04-21 14:08:25,932 - performance_logger - DEBUG - This is a debug message
2026-04-21 14:08:25,935 - performance_logger - DEBUG - This is a debug message
2026-04-21 14:08:25,941 - performance_logger - DEBUG - This is a debug message
2026-04-21 14:08:25,948 - performance_logger - DEBUG - This is a debug message
2026-04-21 14:08:25,957 - performance_logger - DEBUG - This is a debug message
2026-04-21 14:08:25,961 - performance_logger - DEBUG - This is a debug message
2026-04-21 14:08:25,970 - performance_logger - DEBUG - This is a debug message
2026-04-21 14:08:25,971 - performance_logger - DEBUG - This is a debug message
2026-04-21 14:08:25,973 - performance_logger - DEBUG - This is a debug message
2026-04-21 14:08:25,974 - performance_logger - DEBUG - This is a debug message
2026-04-21 14:08:25,975 - performance_logger - DEBUG - This is a debug message
2026-04-21 14:08:25,976 - performance_logger - DEBUG - This is a debug message
2026-04-21 14:08:25,978 - performance_logger - DEBUG - This is a debug message
2026-04-21 14:08:25,980 - performance_logger - DEBUG - This is a debug message
2026-04-21 14:08:25,986 - performance_logger - DEBUG - This is a debug message
2026-04-21 14:08:25,987 - performance_logger - DEBUG - This is a debug message
2026-04-21 14:08:25,994 - performance_logger - DEBUG - This is a debug message
2026-04-21 14:08:25,995 - performance_logger - DEBUG - This is a debug message
2026-04-21 14:08:25,999 - performance_logger - DEBUG - This is a debug message
2026-04-21 14:08:26,006 - performance_logger - DEBUG - This is a debug message
2026-04-21 14:08:26,012 - performance_logger - DEBUG - This is a debug message
2026-04-21 14:08:26,013 - performance_logger - DEBUG - This is a debug message
2026-04-21 14:08:26,017 - performance_logger - DEBUG - This is a debug message
2026-04-21 14:08:26,017 - performance_logger - DEBUG - This is a debug message
2026-04-21 14:08:26,023 - performance_logger - DEBUG - This is a debug message
2026-04-21 14:08:26,029 - performance_logger - DEBUG - This is a debug message
2026-04-21 14:08:26,035 - performance_logger - DEBUG - This is a debug message
2026-04-21 14:08:26,037 - performance_logger - DEBUG - This is a debug message
2026-04-21 14:08:26,044 - performance_logger - DEBUG - This is a debug message
2026-04-21 14:08:26,046 - performance_logger - DEBUG - This is a debug message
2026-04-21 14:08:26,049 - performance_logger - DEBUG - This is a debug message
2026-04-21 14:08:26,053 - performance_logger - DEBUG - This is a debug message
2026-04-21 14:08:26,057 - performance_logger - DEBUG - This is a debug message
2026-04-21 14:08:26,059 - performance_logger - DEBUG - This is a debug message
2026-04-21 14:08:26,065 - performance_logger - DEBUG - This is a debug message
2026-04-21 14:08:26,069 - performance_logger - DEBUG - This is a debug message
2026-04-21 14:08:26,070 - performance_logger - DEBUG - This is a debug message
2026-04-21 14:08:26,074 - performance_logger - DEBUG - This is a debug message
2026-04-21 14:08:26,078 - performance_logger - DEBUG - This is a debug message
2026-04-21 14:08:26,082 - performance_logger - DEBUG - This is a debug message
2026-04-21 14:08:26,084 - performance_logger - DEBUG - This is a debug message
2026-04-21 14:08:26,087 - performance_logger - DEBUG - This is a debug message
2026-04-21 14:08:26,090 - performance_logger - DEBUG - This is a debug message
2026-04-21 14:08:26,097 - performance_logger - DEBUG - This is a debug message
2026-04-21 14:08:26,101 - performance_logger - DEBUG - This is a debug message
2026-04-21 14:08:26,106 - performance_logger - DEBUG - This is a debug message
2026-04-21 14:08:26,107 - performance_logger - DEBUG - This is a debug message
2026-04-21 14:08:26,111 - performance_logger - DEBUG - This is a debug message
2026-04-21 14:08:26,118 - performance_logger - DEBUG - This is a debug message
2026-04-21 14:08:26,122 - performance_logger - DEBUG - This is a debug message
2026-04-21 14:08:26,126 - performance_logger - DEBUG - This is a debug message
2026-04-21 14:08:26,130 - performance_logger - DEBUG - This is a debug message
2026-04-21 14:08:26,134 - performance_logger - DEBUG - This is a debug message
2026-04-21 14:08:26,138 - performance_logger - DEBUG - This is a debug message
2026-04-21 14:08:26,141 - performance_logger - DEBUG - This is a debug message
2026-04-21 14:08:26,142 - performance_logger - DEBUG - This is a debug message
2026-04-21 14:08:26,148 - performance_logger - DEBUG - This is a debug message
2026-04-21 14:08:26,151 - performance_logger - DEBUG - This is a debug message
2026-04-21 14:08:26,155 - performance_logger - DEBUG - This is a debug message
2026-04-21 14:08:26,157 - performance_logger - DEBUG - This is a debug message
2026-04-21 14:08:26,159 - performance_logger - DEBUG - This is a debug message
2026-04-21 14:08:26,166 - performance_logger - DEBUG - This is a debug message
2026-04-21 14:08:26,168 - performance_logger - DEBUG - This is a debug message
2026-04-21 14:08:26,171 - performance_logger - DEBUG - This is a debug message
2026-04-21 14:08:26,175 - performance_logger - DEBUG - This is a debug message
2026-04-21 14:08:26,182 - performance_logger - DEBUG - This is a debug message
2026-04-21 14:08:26,185 - performance_logger - DEBUG - This is a debug message
2026-04-21 14:08:26,189 - performance_logger - DEBUG - This is a debug message
2026-04-21 14:08:26,190 - performance_logger - DEBUG - This is a debug message
2026-04-21 14:08:26,191 - performance_logger - DEBUG - This is a debug message
2026-04-21 14:08:26,196 - performance_logger - DEBUG - This is a debug message
2026-04-21 14:08:26,201 - performance_logger - DEBUG - This is a debug message
2026-04-21 14:08:26,207 - performance_logger - DEBUG - This is a debug message
2026-04-21 14:08:26,217 - performance_logger - DEBUG - This is a debug message
2026-04-21 14:08:26,220 - performance_logger - DEBUG - This is a debug message
2026-04-21 14:08:26,225 - performance_logger - DEBUG - This is a debug message
2026-04-21 14:08:26,226 - performance_logger - DEBUG - This is a debug message
2026-04-21 14:08:26,233 - performance_logger - DEBUG - This is a debug message
2026-04-21 14:08:26,236 - performance_logger - DEBUG - This is a debug message
2026-04-21 14:08:26,240 - performance_logger - DEBUG - This is a debug message
2026-04-21 14:08:26,243 - performance_logger - DEBUG - This is a debug message
2026-04-21 14:08:26,248 - performance_logger - DEBUG - This is a debug message
2026-04-21 14:08:26,254 - performance_logger - DEBUG - This is a debug message
2026-04-21 14:08:26,260 - performance_logger - DEBUG - This is a debug message
2026-04-21 14:08:26,268 - performance_logger - DEBUG - This is a debug message
2026-04-21 14:08:26,271 - performance_logger - DEBUG - This is a debug message
2026-04-21 14:08:26,278 - performance_logger - DEBUG - This is a debug message
2026-04-21 14:08:26,280 - performance_logger - DEBUG - This is a debug message
2026-04-21 14:08:26,289 - performance_logger - DEBUG - This is a debug message
2026-04-21 14:08:26,294 - performance_logger - DEBUG - This is a debug message
2026-04-21 14:08:26,299 - performance_logger - DEBUG - This is a debug message
2026-04-21 14:08:26,306 - performance_logger - DEBUG - This is a debug message
2026-04-21 14:08:26,307 - performance_logger - DEBUG - This is a debug message
2026-04-21 14:08:26,308 - performance_logger - DEBUG - This is a debug message
2026-04-21 14:08:26,312 - performance_logger - DEBUG - This is a debug message
2026-04-21 14:08:26,315 - performance_logger - DEBUG - This is a debug message
2026-04-21 14:08:26,317 - performance_logger - DEBUG - This is a debug message
2026-04-21 14:08:26,318 - performance_logger - DEBUG - This is a debug message
2026-04-21 14:08:26,321 - performance_logger - DEBUG - This is a debug message
2026-04-21 14:08:26,328 - performance_logger - DEBUG - This is a debug message
2026-04-21 14:08:26,338 - performance_logger - DEBUG - This is a debug message
2026-04-21 14:08:26,344 - performance_logger - DEBUG - This is a debug message
2026-04-21 14:08:26,348 - performance_logger - DEBUG - This is a debug message
2026-04-21 14:08:26,355 - performance_logger - DEBUG - This is a debug message
2026-04-21 14:08:26,359 - performance_logger - DEBUG - This is a debug message
2026-04-21 14:08:26,363 - performance_logger - DEBUG - This is a debug message
2026-04-21 14:08:26,371 - performance_logger - DEBUG - This is a debug message
2026-04-21 14:08:26,374 - performance_logger - DEBUG - This is a debug message
2026-04-21 14:08:26,381 - performance_logger - DEBUG - This is a debug message
2026-04-21 14:08:26,382 - performance_logger - DEBUG - This is a debug message
2026-04-21 14:08:26,389 - performance_logger - DEBUG - This is a debug message
2026-04-21 14:08:26,391 - performance_logger - DEBUG - This is a debug message
2026-04-21 14:08:26,391 - performance_logger - DEBUG - This is a debug message
2026-04-21 14:08:26,399 - performance_logger - DEBUG - This is a debug message
2026-04-21 14:08:26,400 - performance_logger - DEBUG - This is a debug message
2026-04-21 14:08:26,404 - performance_logger - DEBUG - This is a debug message
2026-04-21 14:08:26,405 - performance_logger - DEBUG - This is a debug message
2026-04-21 14:08:26,406 - performance_logger - DEBUG - This is a debug message
2026-04-21 14:08:26,407 - performance_logger - DEBUG - This is a debug message
2026-04-21 14:08:26,409 - performance_logger - DEBUG - This is a debug message
2026-04-21 14:08:26,412 - performance_logger - DEBUG - This is a debug message
2026-04-21 14:08:26,415 - performance_logger - DEBUG - This is a debug message
2026-04-21 14:08:26,416 - performance_logger - DEBUG - This is a debug message
2026-04-21 14:08:26,417 - performance_logger - DEBUG - This is a debug message
2026-04-21 14:08:26,419 - performance_logger - DEBUG - This is a debug message
2026-04-21 14:08:26,420 - performance_logger - DEBUG - This is a debug message
2026-04-21 14:08:26,421 - performance_logger - DEBUG - This is a debug message
2026-04-21 14:08:26,422 - performance_logger - DEBUG - This is a debug message
2026-04-21 14:08:26,423 - performance_logger - DEBUG - This is a debug message
2026-04-21 14:08:26,424 - performance_logger - DEBUG - This is a debug message
2026-04-21 14:08:26,425 - performance_logger - DEBUG - This is a debug message
2026-04-21 14:08:26,426 - performance_logger - DEBUG - This is a debug message
2026-04-21 14:08:26,426 - performance_logger - DEBUG - This is a debug message
2026-04-21 14:08:26,428 - performance_logger - DEBUG - This is a debug message
2026-04-21 14:08:26,429 - performance_logger - DEBUG - This is a debug message
2026-04-21 14:08:26,430 - performance_logger - DEBUG - This is a debug message
2026-04-21 14:08:26,431 - performance_logger - DEBUG - This is a debug message
2026-04-21 14:08:26,432 - performance_logger - DEBUG - This is a debug message
2026-04-21 14:08:26,433 - performance_logger - DEBUG - This is a debug message
2026-04-21 14:08:26,434 - performance_logger - DEBUG - This is a debug message
2026-04-21 14:08:26,435 - performance_logger - DEBUG - This is a debug message
2026-04-21 14:08:26,436 - performance_logger - DEBUG - This is a debug message
2026-04-21 14:08:26,437 - performance_logger - DEBUG - This is a debug message
2026-04-21 14:08:26,438 - performance_logger - DEBUG - This is a debug message
2026-04-21 14:08:26,443 - performance_logger - DEBUG - This is a debug message
2026-04-21 14:08:26,445 - performance_logger - DEBUG - This is a debug message
2026-04-21 14:08:26,446 - performance_logger - DEBUG - This is a debug message
2026-04-21 14:08:26,447 - performance_logger - DEBUG - This is a debug message
2026-04-21 14:08:26,448 - performance_logger - DEBUG - This is a debug message
2026-04-21 14:08:26,449 - performance_logger - DEBUG - This is a debug message
2026-04-21 14:08:26,450 - performance_logger - DEBUG - This is a debug message
2026-04-21 14:08:26,450 - performance_logger - DEBUG - This is a debug message
2026-04-21 14:08:26,452 - performance_logger - DEBUG - This is a debug message
2026-04-21 14:08:26,453 - performance_logger - DEBUG - This is a debug message
2026-04-21 14:08:26,454 - performance_logger - DEBUG - This is a debug message
2026-04-21 14:08:26,455 - performance_logger - DEBUG - This is a debug message
2026-04-21 14:08:26,456 - performance_logger - DEBUG - This is a debug message
2026-04-21 14:08:26,457 - performance_logger - DEBUG - This is a debug message
2026-04-21 14:08:26,459 - performance_logger - DEBUG - This is a debug message
2026-04-21 14:08:26,462 - performance_logger - DEBUG - This is a debug message
2026-04-21 14:08:26,463 - performance_logger - DEBUG - This is a debug message
2026-04-21 14:08:26,464 - performance_logger - DEBUG - This is a debug message
2026-04-21 14:08:26,466 - performance_logger - DEBUG - This is a debug message
2026-04-21 14:08:26,467 - performance_logger - DEBUG - This is a debug message
2026-04-21 14:08:26,468 - performance_logger - DEBUG - This is a debug message
2026-04-21 14:08:26,469 - performance_logger - DEBUG - This is a debug message
2026-04-21 14:08:26,470 - performance_logger - DEBUG - This is a debug message
2026-04-21 14:08:26,472 - performance_logger - DEBUG - This is a debug message
2026-04-21 14:08:26,473 - performance_logger - DEBUG - This is a debug message
2026-04-21 14:08:26,474 - performance_logger - DEBUG - This is a debug message
2026-04-21 14:08:26,475 - performance_logger - DEBUG - This is a debug message
2026-04-21 14:08:26,476 - performance_logger - DEBUG - This is a debug message
2026-04-21 14:08:26,477 - performance_logger - DEBUG - This is a debug message
2026-04-21 14:08:26,478 - performance_logger - DEBUG - This is a debug message
2026-04-21 14:08:26,480 - performance_logger - DEBUG - This is a debug message
2026-04-21 14:08:26,481 - performance_logger - DEBUG - This is a debug message
2026-04-21 14:08:26,483 - performance_logger - DEBUG - This is a debug message
2026-04-21 14:08:26,484 - performance_logger - DEBUG - This is a debug message
2026-04-21 14:08:26,485 - performance_logger - DEBUG - This is a debug message
2026-04-21 14:08:26,486 - performance_logger - DEBUG - This is a debug message
2026-04-21 14:08:26,486 - performance_logger - DEBUG - This is a debug message
2026-04-21 14:08:26,489 - performance_logger - DEBUG - This is a debug message
2026-04-21 14:08:26,490 - performance_logger - DEBUG - This is a debug message
2026-04-21 14:08:26,491 - performance_logger - DEBUG - This is a debug message
2026-04-21 14:08:26,492 - performance_logger - DEBUG - This is a debug message
2026-04-21 14:08:26,495 - performance_logger - DEBUG - This is a debug message
2026-04-21 14:08:26,496 - performance_logger - DEBUG - This is a debug message
2026-04-21 14:08:26,497 - performance_logger - DEBUG - This is a debug message
2026-04-21 14:08:26,498 - performance_logger - DEBUG - This is a debug message
2026-04-21 14:08:26,500 - performance_logger - DEBUG - This is a debug message
2026-04-21 14:08:26,501 - performance_logger - DEBUG - This is a debug message
2026-04-21 14:08:26,501 - performance_logger - DEBUG - This is a debug message
2026-04-21 14:08:26,502 - performance_logger - DEBUG - This is a debug message
2026-04-21 14:08:26,503 - performance_logger - DEBUG - This is a debug message
2026-04-21 14:08:26,505 - performance_logger - DEBUG - This is a debug message
2026-04-21 14:08:26,506 - performance_logger - DEBUG - This is a debug message
2026-04-21 14:08:26,507 - performance_logger - DEBUG - This is a debug message
2026-04-21 14:08:26,507 - performance_logger - DEBUG - This is a debug message
2026-04-21 14:08:26,508 - performance_logger - DEBUG - This is a debug message
2026-04-21 14:08:26,510 - performance_logger - DEBUG - This is a debug message
2026-04-21 14:08:26,511 - performance_logger - DEBUG - This is a debug message
2026-04-21 14:08:26,517 - performance_logger - DEBUG - This is a debug message
2026-04-21 14:08:26,521 - performance_logger - DEBUG - This is a debug message
2026-04-21 14:08:26,527 - performance_logger - DEBUG - This is a debug message
2026-04-21 14:08:26,532 - performance_logger - DEBUG - This is a debug message
2026-04-21 14:08:26,539 - performance_logger - DEBUG - This is a debug message
2026-04-21 14:08:26,540 - performance_logger - DEBUG - This is a debug message
2026-04-21 14:08:26,548 - performance_logger - DEBUG - This is a debug message
2026-04-21 14:08:26,550 - performance_logger - DEBUG - This is a debug message
2026-04-21 14:08:26,555 - performance_logger - DEBUG - This is a debug message
2026-04-21 14:08:26,558 - performance_logger - DEBUG - This is a debug message
2026-04-21 14:08:26,560 - performance_logger - DEBUG - This is a debug message
2026-04-21 14:08:26,563 - performance_logger - DEBUG - This is a debug message
2026-04-21 14:08:26,567 - performance_logger - DEBUG - This is a debug message
2026-04-21 14:08:26,572 - performance_logger - DEBUG - This is a debug message
2026-04-21 14:08:26,575 - performance_logger - DEBUG - This is a debug message
2026-04-21 14:08:26,576 - performance_logger - DEBUG - This is a debug message
2026-04-21 14:08:26,582 - performance_logger - DEBUG - This is a debug message
2026-04-21 14:08:26,583 - performance_logger - DEBUG - This is a debug message
2026-04-21 14:08:26,585 - performance_logger - DEBUG - This is a debug message
2026-04-21 14:08:26,588 - performance_logger - DEBUG - This is a debug message
2026-04-21 14:08:26,593 - performance_logger - DEBUG - This is a debug message
2026-04-21 14:08:26,599 - performance_logger - DEBUG - This is a debug message
2026-04-21 14:08:26,601 - performance_logger - DEBUG - This is a debug message
2026-04-21 14:08:26,605 - performance_logger - DEBUG - This is a debug message
2026-04-21 14:08:26,608 - performance_logger - DEBUG - This is a debug message
2026-04-21 14:08:26,615 - performance_logger - DEBUG - This is a debug message
2026-04-21 14:08:26,619 - performance_logger - DEBUG - This is a debug message
2026-04-21 14:08:26,623 - performance_logger - DEBUG - This is a debug message
2026-04-21 14:08:26,623 - performance_logger - DEBUG - This is a debug message
2026-04-21 14:08:26,625 - performance_logger - DEBUG - This is a debug message
2026-04-21 14:08:26,627 - performance_logger - DEBUG - This is a debug message
2026-04-21 14:08:26,628 - performance_logger - DEBUG - This is a debug message
2026-04-21 14:08:26,629 - performance_logger - DEBUG - This is a debug message
2026-04-21 14:08:26,631 - performance_logger - DEBUG - This is a debug message
2026-04-21 14:08:26,632 - performance_logger - DEBUG - This is a debug message
2026-04-21 14:08:26,633 - performance_logger - DEBUG - This is a debug message
2026-04-21 14:08:26,634 - performance_logger - DEBUG - This is a debug message
2026-04-21 14:08:26,635 - performance_logger - DEBUG - This is a debug message
2026-04-21 14:08:26,636 - performance_logger - DEBUG - This is a debug message
2026-04-21 14:08:26,637 - performance_logger - DEBUG - This is a debug message
2026-04-21 14:08:26,638 - performance_logger - DEBUG - This is a debug message
2026-04-21 14:08:26,640 - performance_logger - DEBUG - This is a debug message
2026-04-21 14:08:26,641 - performance_logger - DEBUG - This is a debug message
2026-04-21 14:08:26,643 - performance_logger - DEBUG - This is a debug message
2026-04-21 14:08:26,644 - performance_logger - DEBUG - This is a debug message
2026-04-21 14:08:26,648 - performance_logger - DEBUG - This is a debug message
2026-04-21 14:08:26,650 - performance_logger - DEBUG - This is a debug message
2026-04-21 14:08:26,651 - performance_logger - DEBUG - This is a debug message
2026-04-21 14:08:26,652 - performance_logger - DEBUG - This is a debug message
2026-04-21 14:08:26,654 - performance_logger - DEBUG - This is a debug message
2026-04-21 14:08:26,655 - performance_logger - DEBUG - This is a debug message
2026-04-21 14:08:26,657 - performance_logger - DEBUG - This is a debug message
2026-04-21 14:08:26,659 - performance_logger - DEBUG - This is a debug message
2026-04-21 14:08:26,660 - performance_logger - DEBUG - This is a debug message
2026-04-21 14:08:26,663 - performance_logger - DEBUG - This is a debug message
2026-04-21 14:08:26,664 - performance_logger - DEBUG - This is a debug message
2026-04-21 14:08:26,666 - performance_logger - DEBUG - This is a debug message
2026-04-21 14:08:26,669 - performance_logger - DEBUG - This is a debug message
2026-04-21 14:08:26,672 - performance_logger - DEBUG - This is a debug message
2026-04-21 14:08:26,674 - performance_logger - DEBUG - This is a debug message
2026-04-21 14:08:26,677 - performance_logger - DEBUG - This is a debug message
2026-04-21 14:08:26,679 - performance_logger - DEBUG - This is a debug message
2026-04-21 14:08:26,681 - performance_logger - DEBUG - This is a debug message
2026-04-21 14:08:26,683 - performance_logger - DEBUG - This is a debug message
2026-04-21 14:08:26,685 - performance_logger - DEBUG - This is a debug message
2026-04-21 14:08:26,687 - performance_logger - DEBUG - This is a debug message
2026-04-21 14:08:26,689 - performance_logger - DEBUG - This is a debug message
2026-04-21 14:08:26,693 - performance_logger - DEBUG - This is a debug message
2026-04-21 14:08:26,694 - performance_logger - DEBUG - This is a debug message
2026-04-21 14:08:26,699 - performance_logger - DEBUG - This is a debug message
2026-04-21 14:08:26,700 - performance_logger - DEBUG - This is a debug message
2026-04-21 14:08:26,702 - performance_logger - DEBUG - This is a debug message
2026-04-21 14:08:26,703 - performance_logger - DEBUG - This is a debug message
2026-04-21 14:08:26,711 - performance_logger - DEBUG - This is a debug message
2026-04-21 14:08:26,715 - performance_logger - DEBUG - This is a debug message
2026-04-21 14:08:26,717 - performance_logger - DEBUG - This is a debug message
2026-04-21 14:08:26,719 - performance_logger - DEBUG - This is a debug message
2026-04-21 14:08:26,721 - performance_logger - DEBUG - This is a debug message
2026-04-21 14:08:26,723 - performance_logger - DEBUG - This is a debug message
2026-04-21 14:08:26,724 - performance_logger - DEBUG - This is a debug message
2026-04-21 14:08:26,725 - performance_logger - DEBUG - This is a debug message
2026-04-21 14:08:26,727 - performance_logger - DEBUG - This is a debug message
2026-04-21 14:08:26,730 - performance_logger - DEBUG - This is a debug message
2026-04-21 14:08:26,731 - performance_logger - DEBUG - This is a debug message
2026-04-21 14:08:26,733 - performance_logger - DEBUG - This is a debug message
2026-04-21 14:08:26,734 - performance_logger - DEBUG - This is a debug message
2026-04-21 14:08:26,735 - performance_logger - DEBUG - This is a debug message
2026-04-21 14:08:26,737 - performance_logger - DEBUG - This is a debug message
2026-04-21 14:08:26,738 - performance_logger - DEBUG - This is a debug message
2026-04-21 14:08:26,744 - performance_logger - DEBUG - This is a debug message
2026-04-21 14:08:26,746 - performance_logger - DEBUG - This is a debug message
2026-04-21 14:08:26,748 - performance_logger - DEBUG - This is a debug message
2026-04-21 14:08:26,749 - performance_logger - DEBUG - This is a debug message
2026-04-21 14:08:26,750 - performance_logger - DEBUG - This is a debug message
2026-04-21 14:08:26,751 - performance_logger - DEBUG - This is a debug message
2026-04-21 14:08:26,753 - performance_logger - DEBUG - This is a debug message
2026-04-21 14:08:26,754 - performance_logger - DEBUG - This is a debug message
2026-04-21 14:08:26,756 - performance_logger - DEBUG - This is a debug message
2026-04-21 14:08:26,760 - performance_logger - DEBUG - This is a debug message
2026-04-21 14:08:26,763 - performance_logger - DEBUG - This is a debug message
2026-04-21 14:08:26,772 - performance_logger - DEBUG - This is a debug message
2026-04-21 14:08:26,773 - performance_logger - DEBUG - This is a debug message
2026-04-21 14:08:26,774 - performance_logger - DEBUG - This is a debug message
2026-04-21 14:08:26,776 - performance_logger - DEBUG - This is a debug message
2026-04-21 14:08:26,779 - performance_logger - DEBUG - This is a debug message
2026-04-21 14:08:26,780 - performance_logger - DEBUG - This is a debug message
2026-04-21 14:08:26,781 - performance_logger - DEBUG - This is a debug message
2026-04-21 14:08:26,784 - performance_logger - DEBUG - This is a debug message
2026-04-21 14:08:26,785 - performance_logger - DEBUG - This is a debug message
2026-04-21 14:08:26,787 - performance_logger - DEBUG - This is a debug message
2026-04-21 14:08:26,788 - performance_logger - DEBUG - This is a debug message
2026-04-21 14:08:26,790 - performance_logger - DEBUG - This is a debug message
2026-04-21 14:08:26,790 - performance_logger - DEBUG - This is a debug message
2026-04-21 14:08:26,792 - performance_logger - DEBUG - This is a debug message
2026-04-21 14:08:26,793 - performance_logger - DEBUG - This is a debug message
2026-04-21 14:08:26,794 - performance_logger - DEBUG - This is a debug message
2026-04-21 14:08:26,797 - performance_logger - DEBUG - This is a debug message
2026-04-21 14:08:26,797 - performance_logger - DEBUG - This is a debug message
2026-04-21 14:08:26,798 - performance_logger - DEBUG - This is a debug message
2026-04-21 14:08:26,799 - performance_logger - DEBUG - This is a debug message
2026-04-21 14:08:26,800 - performance_logger - DEBUG - This is a debug message
2026-04-21 14:08:26,801 - performance_logger - DEBUG - This is a debug message
2026-04-21 14:08:26,804 - performance_logger - DEBUG - This is a debug message
2026-04-21 14:08:26,806 - performance_logger - DEBUG - This is a debug message
2026-04-21 14:08:26,807 - performance_logger - DEBUG - This is a debug message
2026-04-21 14:08:26,808 - performance_logger - DEBUG - This is a debug message
2026-04-21 14:08:26,812 - performance_logger - DEBUG - This is a debug message
2026-04-21 14:08:26,813 - performance_logger - DEBUG - This is a debug message
2026-04-21 14:08:26,814 - performance_logger - DEBUG - This is a debug message
2026-04-21 14:08:26,815 - performance_logger - DEBUG - This is a debug message
2026-04-21 14:08:26,816 - performance_logger - DEBUG - This is a debug message
2026-04-21 14:08:26,818 - performance_logger - DEBUG - This is a debug message
2026-04-21 14:08:26,819 - performance_logger - DEBUG - This is a debug message
2026-04-21 14:08:26,821 - performance_logger - DEBUG - This is a debug message
2026-04-21 14:08:26,822 - performance_logger - DEBUG - This is a debug message
2026-04-21 14:08:26,823 - performance_logger - DEBUG - This is a debug message
2026-04-21 14:08:26,829 - performance_logger - DEBUG - This is a debug message
2026-04-21 14:08:26,833 - performance_logger - DEBUG - This is a debug message
2026-04-21 14:08:26,837 - performance_logger - DEBUG - This is a debug message
2026-04-21 14:08:26,839 - performance_logger - DEBUG - This is a debug message
2026-04-21 14:08:26,840 - performance_logger - DEBUG - This is a debug message
2026-04-21 14:08:26,842 - performance_logger - DEBUG - This is a debug message
2026-04-21 14:08:26,843 - performance_logger - DEBUG - This is a debug message
2026-04-21 14:08:26,845 - performance_logger - DEBUG - This is a debug message
2026-04-21 14:08:26,845 - performance_logger - DEBUG - This is a debug message
2026-04-21 14:08:26,848 - performance_logger - DEBUG - This is a debug message
2026-04-21 14:08:26,849 - performance_logger - DEBUG - This is a debug message
2026-04-21 14:08:26,850 - performance_logger - DEBUG - This is a debug message
2026-04-21 14:08:26,854 - performance_logger - DEBUG - This is a debug message
2026-04-21 14:08:26,856 - performance_logger - DEBUG - This is a debug message
2026-04-21 14:08:26,862 - performance_logger - DEBUG - This is a debug message
2026-04-21 14:08:26,863 - performance_logger - DEBUG - This is a debug message
2026-04-21 14:08:26,864 - performance_logger - DEBUG - This is a debug message
2026-04-21 14:08:26,866 - performance_logger - DEBUG - This is a debug message
2026-04-21 14:08:26,867 - performance_logger - DEBUG - This is a debug message
2026-04-21 14:08:26,868 - performance_logger - DEBUG - This is a debug message
2026-04-21 14:08:26,871 - performance_logger - DEBUG - This is a debug message
2026-04-21 14:08:26,873 - performance_logger - DEBUG - This is a debug message
2026-04-21 14:08:26,875 - performance_logger - DEBUG - This is a debug message
2026-04-21 14:08:26,878 - performance_logger - DEBUG - This is a debug message
2026-04-21 14:08:26,880 - performance_logger - DEBUG - This is a debug message
2026-04-21 14:08:26,881 - performance_logger - DEBUG - This is a debug message
2026-04-21 14:08:26,882 - performance_logger - DEBUG - This is a debug message
2026-04-21 14:08:26,885 - performance_logger - DEBUG - This is a debug message
2026-04-21 14:08:26,886 - performance_logger - DEBUG - This is a debug message
2026-04-21 14:08:26,887 - performance_logger - DEBUG - This is a debug message
2026-04-21 14:08:26,897 - performance_logger - DEBUG - This is a debug message
2026-04-21 14:08:26,901 - performance_logger - DEBUG - This is a debug message
2026-04-21 14:08:26,903 - performance_logger - DEBUG - This is a debug message
2026-04-21 14:08:26,906 - performance_logger - DEBUG - This is a debug message
2026-04-21 14:08:26,908 - performance_logger - DEBUG - This is a debug message
2026-04-21 14:08:26,909 - performance_logger - DEBUG - This is a debug message
2026-04-21 14:08:26,917 - performance_logger - DEBUG - This is a debug message
2026-04-21 14:08:26,919 - performance_logger - DEBUG - This is a debug message
2026-04-21 14:08:26,922 - performance_logger - DEBUG - This is a debug message
2026-04-21 14:08:26,925 - performance_logger - DEBUG - This is a debug message
2026-04-21 14:08:26,928 - performance_logger - DEBUG - This is a debug message
2026-04-21 14:08:26,930 - performance_logger - DEBUG - This is a debug message
2026-04-21 14:08:26,935 - performance_logger - DEBUG - This is a debug message
2026-04-21 14:08:26,936 - performance_logger - DEBUG - This is a debug message
2026-04-21 14:08:26,940 - performance_logger - DEBUG - This is a debug message
2026-04-21 14:08:26,942 - performance_logger - DEBUG - This is a debug message
2026-04-21 14:08:26,945 - performance_logger - DEBUG - This is a debug message
2026-04-21 14:08:26,946 - performance_logger - DEBUG - This is a debug message
2026-04-21 14:08:26,947 - performance_logger - DEBUG - This is a debug message
2026-04-21 14:08:26,950 - performance_logger - DEBUG - This is a debug message
2026-04-21 14:08:26,956 - performance_logger - DEBUG - This is a debug message
2026-04-21 14:08:26,958 - performance_logger - DEBUG - This is a debug message
2026-04-21 14:08:26,963 - performance_logger - DEBUG - This is a debug message
2026-04-21 14:08:26,967 - performance_logger - DEBUG - This is a debug message
2026-04-21 14:08:26,972 - performance_logger - DEBUG - This is a debug message
2026-04-21 14:08:26,975 - performance_logger - DEBUG - This is a debug message
2026-04-21 14:08:26,978 - performance_logger - DEBUG - This is a debug message
2026-04-21 14:08:26,981 - performance_logger - DEBUG - This is a debug message
2026-04-21 14:08:26,986 - performance_logger - DEBUG - This is a debug message
2026-04-21 14:08:26,988 - performance_logger - DEBUG - This is a debug message
2026-04-21 14:08:26,991 - performance_logger - DEBUG - This is a debug message
2026-04-21 14:08:26,992 - performance_logger - DEBUG - This is a debug message
2026-04-21 14:08:26,995 - performance_logger - DEBUG - This is a debug message
2026-04-21 14:08:26,996 - performance_logger - DEBUG - This is a debug message
2026-04-21 14:08:27,004 - performance_logger - DEBUG - This is a debug message
2026-04-21 14:08:27,009 - performance_logger - DEBUG - This is a debug message
2026-04-21 14:08:27,015 - performance_logger - DEBUG - This is a debug message
2026-04-21 14:08:27,022 - performance_logger - DEBUG - This is a debug message
2026-04-21 14:08:27,026 - performance_logger - DEBUG - This is a debug message
2026-04-21 14:08:27,030 - performance_logger - DEBUG - This is a debug message
2026-04-21 14:08:27,036 - performance_logger - DEBUG - This is a debug message
2026-04-21 14:08:27,037 - performance_logger - DEBUG - This is a debug message
2026-04-21 14:08:27,043 - performance_logger - DEBUG - This is a debug message
2026-04-21 14:08:27,044 - performance_logger - DEBUG - This is a debug message
2026-04-21 14:08:27,046 - performance_logger - DEBUG - This is a debug message
2026-04-21 14:08:27,050 - performance_logger - DEBUG - This is a debug message
2026-04-21 14:08:27,051 - performance_logger - DEBUG - This is a debug message
2026-04-21 14:08:27,057 - performance_logger - DEBUG - This is a debug message
2026-04-21 14:08:27,058 - performance_logger - DEBUG - This is a debug message
2026-04-21 14:08:27,059 - performance_logger - DEBUG - This is a debug message
2026-04-21 14:08:27,063 - performance_logger - DEBUG - This is a debug message
2026-04-21 14:08:27,066 - performance_logger - DEBUG - This is a debug message
2026-04-21 14:08:27,071 - performance_logger - DEBUG - This is a debug message
2026-04-21 14:08:27,072 - performance_logger - DEBUG - This is a debug message
2026-04-21 14:08:27,073 - performance_logger - DEBUG - This is a debug message
2026-04-21 14:08:27,074 - performance_logger - DEBUG - This is a debug message
2026-04-21 14:08:27,078 - performance_logger - DEBUG - This is a debug message
2026-04-21 14:08:27,080 - performance_logger - DEBUG - This is a debug message
2026-04-21 14:08:27,084 - performance_logger - DEBUG - This is a debug message
2026-04-21 14:08:27,085 - performance_logger - DEBUG - This is a debug message
2026-04-21 14:08:27,088 - performance_logger - DEBUG - This is a debug message
2026-04-21 14:08:27,093 - performance_logger - DEBUG - This is a debug message
2026-04-21 14:08:27,099 - performance_logger - DEBUG - This is a debug message
2026-04-21 14:08:27,100 - performance_logger - DEBUG - This is a debug message
2026-04-21 14:08:27,103 - performance_logger - DEBUG - This is a debug message
2026-04-21 14:08:27,107 - performance_logger - DEBUG - This is a debug message
2026-04-21 14:08:27,110 - performance_logger - DEBUG - This is a debug message
2026-04-21 14:08:27,111 - performance_logger - DEBUG - This is a debug message
2026-04-21 14:08:27,116 - performance_logger - DEBUG - This is a debug message
2026-04-21 14:08:27,117 - performance_logger - DEBUG - This is a debug message
2026-04-21 14:08:27,118 - performance_logger - DEBUG - This is a debug message
2026-04-21 14:08:27,121 - performance_logger - DEBUG - This is a debug message
2026-04-21 14:08:27,127 - performance_logger - DEBUG - This is a debug message
2026-04-21 14:08:27,129 - performance_logger - DEBUG - This is a debug message
2026-04-21 14:08:27,135 - performance_logger - DEBUG - This is a debug message
2026-04-21 14:08:27,136 - performance_logger - DEBUG - This is a debug message
2026-04-21 14:08:27,137 - performance_logger - DEBUG - This is a debug message
2026-04-21 14:08:27,139 - performance_logger - DEBUG - This is a debug message
2026-04-21 14:08:27,147 - performance_logger - DEBUG - This is a debug message
2026-04-21 14:08:27,150 - performance_logger - DEBUG - This is a debug message
2026-04-21 14:08:27,154 - performance_logger - DEBUG - This is a debug message
2026-04-21 14:08:27,162 - performance_logger - DEBUG - This is a debug message
2026-04-21 14:08:27,172 - performance_logger - DEBUG - This is a debug message
2026-04-21 14:08:27,174 - performance_logger - DEBUG - This is a debug message
2026-04-21 14:08:27,182 - performance_logger - DEBUG - This is a debug message
2026-04-21 14:08:27,183 - performance_logger - DEBUG - This is a debug message
2026-04-21 14:08:27,186 - performance_logger - DEBUG - This is a debug message
2026-04-21 14:08:27,193 - performance_logger - DEBUG - This is a debug message
2026-04-21 14:08:27,200 - performance_logger - DEBUG - This is a debug message
2026-04-21 14:08:27,202 - performance_logger - DEBUG - This is a debug message
2026-04-21 14:08:27,205 - performance_logger - DEBUG - This is a debug message
2026-04-21 14:08:27,210 - performance_logger - DEBUG - This is a debug message
2026-04-21 14:08:27,216 - performance_logger - DEBUG - This is a debug message
2026-04-21 14:08:27,221 - performance_logger - DEBUG - This is a debug message
2026-04-21 14:08:27,226 - performance_logger - DEBUG - This is a debug message
2026-04-21 14:08:27,233 - performance_logger - DEBUG - This is a debug message
2026-04-21 14:08:27,237 - performance_logger - DEBUG - This is a debug message
2026-04-21 14:08:27,240 - performance_logger - DEBUG - This is a debug message
2026-04-21 14:08:27,242 - performance_logger - DEBUG - This is a debug message
2026-04-21 14:08:27,243 - performance_logger - DEBUG - This is a debug message
2026-04-21 14:08:27,244 - performance_logger - DEBUG - This is a debug message
2026-04-21 14:08:27,245 - performance_logger - DEBUG - This is a debug message
2026-04-21 14:08:27,247 - performance_logger - DEBUG - This is a debug message
2026-04-21 14:08:27,248 - performance_logger - DEBUG - This is a debug message
2026-04-21 14:08:27,252 - performance_logger - DEBUG - This is a debug message
2026-04-21 14:08:27,256 - performance_logger - DEBUG - This is a debug message
2026-04-21 14:08:27,262 - performance_logger - DEBUG - This is a debug message
2026-04-21 14:08:27,266 - performance_logger - DEBUG - This is a debug message
2026-04-21 14:08:27,273 - performance_logger - DEBUG - This is a debug message
2026-04-21 14:08:27,276 - performance_logger - DEBUG - This is a debug message
2026-04-21 14:08:27,281 - performance_logger - DEBUG - This is a debug message
2026-04-21 14:08:27,284 - performance_logger - DEBUG - This is a debug message
2026-04-21 14:08:27,285 - performance_logger - DEBUG - This is a debug message
2026-04-21 14:08:27,288 - performance_logger - DEBUG - This is a debug message
2026-04-21 14:08:27,290 - performance_logger - DEBUG - This is a debug message
2026-04-21 14:08:27,293 - performance_logger - DEBUG - This is a debug message
2026-04-21 14:08:27,295 - performance_logger - DEBUG - This is a debug message
2026-04-21 14:08:27,296 - performance_logger - DEBUG - This is a debug message
2026-04-21 14:08:27,297 - performance_logger - DEBUG - This is a debug message
2026-04-21 14:08:27,298 - performance_logger - DEBUG - This is a debug message
2026-04-21 14:08:27,299 - performance_logger - DEBUG - This is a debug message
2026-04-21 14:08:27,301 - performance_logger - DEBUG - This is a debug message
2026-04-21 14:08:27,302 - performance_logger - DEBUG - This is a debug message
2026-04-21 14:08:27,304 - performance_logger - DEBUG - This is a debug message
2026-04-21 14:08:27,309 - performance_logger - DEBUG - This is a debug message
2026-04-21 14:08:27,313 - performance_logger - DEBUG - This is a debug message
2026-04-21 14:08:27,314 - performance_logger - DEBUG - This is a debug message
2026-04-21 14:08:27,315 - performance_logger - DEBUG - This is a debug message
2026-04-21 14:08:27,318 - performance_logger - DEBUG - This is a debug message
2026-04-21 14:08:27,321 - performance_logger - DEBUG - This is a debug message
2026-04-21 14:08:27,326 - performance_logger - DEBUG - This is a debug message
2026-04-21 14:08:27,332 - performance_logger - DEBUG - This is a debug message
2026-04-21 14:08:27,342 - performance_logger - DEBUG - This is a debug message
2026-04-21 14:08:27,343 - performance_logger - DEBUG - This is a debug message
2026-04-21 14:08:27,345 - performance_logger - DEBUG - This is a debug message
2026-04-21 14:08:27,347 - performance_logger - DEBUG - This is a debug message
2026-04-21 14:08:27,351 - performance_logger - DEBUG - This is a debug message
2026-04-21 14:08:27,353 - performance_logger - DEBUG - This is a debug message
2026-04-21 14:08:27,354 - performance_logger - DEBUG - This is a debug message
2026-04-21 14:08:27,355 - performance_logger - DEBUG - This is a debug message
2026-04-21 14:08:27,356 - performance_logger - DEBUG - This is a debug message
2026-04-21 14:08:27,357 - performance_logger - DEBUG - This is a debug message
2026-04-21 14:08:27,358 - performance_logger - DEBUG - This is a debug message
2026-04-21 14:08:27,360 - performance_logger - DEBUG - This is a debug message
2026-04-21 14:08:27,361 - performance_logger - DEBUG - This is a debug message
2026-04-21 14:08:27,362 - performance_logger - DEBUG - This is a debug message
2026-04-21 14:08:27,363 - performance_logger - DEBUG - This is a debug message
2026-04-21 14:08:27,364 - performance_logger - DEBUG - This is a debug message
2026-04-21 14:08:27,365 - performance_logger - DEBUG - This is a debug message
2026-04-21 14:08:27,367 - performance_logger - DEBUG - This is a debug message
2026-04-21 14:08:27,368 - performance_logger - DEBUG - This is a debug message
2026-04-21 14:08:27,369 - performance_logger - DEBUG - This is a debug message
2026-04-21 14:08:27,370 - performance_logger - DEBUG - This is a debug message
2026-04-21 14:08:27,371 - performance_logger - DEBUG - This is a debug message
2026-04-21 14:08:27,372 - performance_logger - DEBUG - This is a debug message
2026-04-21 14:08:27,377 - performance_logger - DEBUG - This is a debug message
2026-04-21 14:08:27,380 - performance_logger - DEBUG - This is a debug message
2026-04-21 14:08:27,382 - performance_logger - DEBUG - This is a debug message
2026-04-21 14:08:27,387 - performance_logger - DEBUG - This is a debug message
2026-04-21 14:08:27,389 - performance_logger - DEBUG - This is a debug message
2026-04-21 14:08:27,391 - performance_logger - DEBUG - This is a debug message
2026-04-21 14:08:27,392 - performance_logger - DEBUG - This is a debug message
2026-04-21 14:08:27,400 - performance_logger - DEBUG - This is a debug message
2026-04-21 14:08:27,407 - performance_logger - DEBUG - This is a debug message
2026-04-21 14:08:27,419 - performance_logger - DEBUG - This is a debug message
2026-04-21 14:08:27,424 - performance_logger - DEBUG - This is a debug message
2026-04-21 14:08:27,432 - performance_logger - DEBUG - This is a debug message
2026-04-21 14:08:27,438 - performance_logger - DEBUG - This is a debug message
2026-04-21 14:08:27,444 - performance_logger - DEBUG - This is a debug message
2026-04-21 14:08:27,445 - performance_logger - DEBUG - This is a debug message
2026-04-21 14:08:27,450 - performance_logger - DEBUG - This is a debug message
2026-04-21 14:08:27,458 - performance_logger - DEBUG - This is a debug message
2026-04-21 14:08:27,459 - performance_logger - DEBUG - This is a debug message
2026-04-21 14:08:27,468 - performance_logger - DEBUG - This is a debug message
2026-04-21 14:08:27,477 - performance_logger - DEBUG - This is a debug message
2026-04-21 14:08:27,480 - performance_logger - DEBUG - This is a debug message
2026-04-21 14:08:27,484 - performance_logger - DEBUG - This is a debug message
2026-04-21 14:08:27,486 - performance_logger - DEBUG - This is a debug message
2026-04-21 14:08:27,491 - performance_logger - DEBUG - This is a debug message
2026-04-21 14:08:27,499 - performance_logger - DEBUG - This is a debug message
2026-04-21 14:08:27,501 - performance_logger - DEBUG - This is a debug message
2026-04-21 14:08:27,502 - performance_logger - DEBUG - This is a debug message
2026-04-21 14:08:27,503 - performance_logger - DEBUG - This is a debug message
2026-04-21 14:08:27,505 - performance_logger - DEBUG - This is a debug message
2026-04-21 14:08:27,506 - performance_logger - DEBUG - This is a debug message
2026-04-21 14:08:27,507 - performance_logger - DEBUG - This is a debug message
2026-04-21 14:08:27,508 - performance_logger - DEBUG - This is a debug message
2026-04-21 14:08:27,509 - performance_logger - DEBUG - This is a debug message
2026-04-21 14:08:27,511 - performance_logger - DEBUG - This is a debug message
2026-04-21 14:08:27,512 - performance_logger - DEBUG - This is a debug message
2026-04-21 14:08:27,513 - performance_logger - DEBUG - This is a debug message
2026-04-21 14:08:27,514 - performance_logger - DEBUG - This is a debug message
2026-04-21 14:08:27,516 - performance_logger - DEBUG - This is a debug message
2026-04-21 14:08:27,517 - performance_logger - DEBUG - This is a debug message
2026-04-21 14:08:27,523 - performance_logger - DEBUG - This is a debug message
2026-04-21 14:08:27,527 - performance_logger - DEBUG - This is a debug message
2026-04-21 14:08:27,531 - performance_logger - DEBUG - This is a debug message
2026-04-21 14:08:27,535 - performance_logger - DEBUG - This is a debug message
2026-04-21 14:08:27,537 - performance_logger - DEBUG - This is a debug message
2026-04-21 14:08:27,544 - performance_logger - DEBUG - This is a debug message
2026-04-21 14:08:27,549 - performance_logger - DEBUG - This is a debug message
2026-04-21 14:08:27,550 - performance_logger - DEBUG - This is a debug message
2026-04-21 14:08:27,551 - performance_logger - DEBUG - This is a debug message
2026-04-21 14:08:27,555 - performance_logger - DEBUG - This is a debug message
2026-04-21 14:08:27,557 - performance_logger - DEBUG - This is a debug message
2026-04-21 14:08:27,559 - performance_logger - DEBUG - This is a debug message
2026-04-21 14:08:27,562 - performance_logger - DEBUG - This is a debug message
2026-04-21 14:08:27,566 - performance_logger - DEBUG - This is a debug message
2026-04-21 14:08:27,567 - performance_logger - DEBUG - This is a debug message
2026-04-21 14:08:27,568 - performance_logger - DEBUG - This is a debug message
2026-04-21 14:08:27,570 - performance_logger - DEBUG - This is a debug message
2026-04-21 14:08:27,573 - performance_logger - DEBUG - This is a debug message
2026-04-21 14:08:27,579 - performance_logger - DEBUG - This is a debug message
2026-04-21 14:08:27,582 - performance_logger - DEBUG - This is a debug message
2026-04-21 14:08:27,588 - performance_logger - DEBUG - This is a debug message
2026-04-21 14:08:27,591 - performance_logger - DEBUG - This is a debug message
2026-04-21 14:08:27,599 - performance_logger - DEBUG - This is a debug message
2026-04-21 14:08:27,603 - performance_logger - DEBUG - This is a debug message
2026-04-21 14:08:27,613 - performance_logger - DEBUG - This is a debug message
2026-04-21 14:08:27,619 - performance_logger - DEBUG - This is a debug message
2026-04-21 14:08:27,622 - performance_logger - DEBUG - This is a debug message
2026-04-21 14:08:27,625 - performance_logger - DEBUG - This is a debug message
2026-04-21 14:08:27,632 - performance_logger - DEBUG - This is a debug message
2026-04-21 14:08:27,636 - performance_logger - DEBUG - This is a debug message
2026-04-21 14:08:27,641 - performance_logger - DEBUG - This is a debug message
2026-04-21 14:08:27,642 - performance_logger - DEBUG - This is a debug message
2026-04-21 14:08:27,654 - performance_logger - DEBUG - This is a debug message
2026-04-21 14:08:27,661 - performance_logger - DEBUG - This is a debug message
2026-04-21 14:08:27,666 - performance_logger - DEBUG - This is a debug message
2026-04-21 14:08:27,676 - performance_logger - DEBUG - This is a debug message
2026-04-21 14:08:27,685 - performance_logger - DEBUG - This is a debug message
2026-04-21 14:08:27,688 - performance_logger - DEBUG - This is a debug message
2026-04-21 14:08:27,698 - performance_logger - DEBUG - This is a debug message
2026-04-21 14:08:27,704 - performance_logger - DEBUG - This is a debug message
2026-04-21 14:08:27,708 - performance_logger - DEBUG - This is a debug message
2026-04-21 14:08:27,715 - performance_logger - DEBUG - This is a debug message
2026-04-21 14:08:27,716 - performance_logger - DEBUG - This is a debug message
2026-04-21 14:08:27,717 - performance_logger - DEBUG - This is a debug message
2026-04-21 14:08:27,718 - performance_logger - DEBUG - This is a debug message
2026-04-21 14:08:27,719 - performance_logger - DEBUG - This is a debug message
2026-04-21 14:08:27,737 - performance_logger - DEBUG - This is a debug message
2026-04-21 14:08:27,739 - performance_logger - DEBUG - This is a debug message
2026-04-21 14:08:27,741 - performance_logger - DEBUG - This is a debug message
2026-04-21 14:08:27,743 - performance_logger - DEBUG - This is a debug message
2026-04-21 14:08:27,747 - performance_logger - DEBUG - This is a debug message
2026-04-21 14:08:27,749 - performance_logger - DEBUG - This is a debug message
2026-04-21 14:08:27,750 - performance_logger - DEBUG - This is a debug message
2026-04-21 14:08:27,751 - performance_logger - DEBUG - This is a debug message
2026-04-21 14:08:27,752 - performance_logger - DEBUG - This is a debug message
2026-04-21 14:08:27,753 - performance_logger - DEBUG - This is a debug message
2026-04-21 14:08:27,754 - performance_logger - DEBUG - This is a debug message
2026-04-21 14:08:27,755 - performance_logger - DEBUG - This is a debug message
2026-04-21 14:08:27,755 - performance_logger - DEBUG - This is a debug message
2026-04-21 14:08:27,757 - performance_logger - DEBUG - This is a debug message
2026-04-21 14:08:27,758 - performance_logger - DEBUG - This is a debug message
2026-04-21 14:08:27,758 - performance_logger - DEBUG - This is a debug message
2026-04-21 14:08:27,768 - performance_logger - DEBUG - This is a debug message
2026-04-21 14:08:27,770 - performance_logger - DEBUG - This is a debug message
2026-04-21 14:08:27,773 - performance_logger - DEBUG - This is a debug message
2026-04-21 14:08:27,774 - performance_logger - DEBUG - This is a debug message
2026-04-21 14:08:27,775 - performance_logger - DEBUG - This is a debug message
2026-04-21 14:08:27,776 - performance_logger - DEBUG - This is a debug message
2026-04-21 14:08:27,780 - performance_logger - DEBUG - This is a debug message
2026-04-21 14:08:27,783 - performance_logger - DEBUG - This is a debug message
2026-04-21 14:08:27,784 - performance_logger - DEBUG - This is a debug message
2026-04-21 14:08:27,785 - performance_logger - DEBUG - This is a debug message
2026-04-21 14:08:27,786 - performance_logger - DEBUG - This is a debug message
2026-04-21 14:08:27,788 - performance_logger - DEBUG - This is a debug message
2026-04-21 14:08:27,789 - performance_logger - DEBUG - This is a debug message
2026-04-21 14:08:27,790 - performance_logger - DEBUG - This is a debug message
2026-04-21 14:08:27,790 - performance_logger - DEBUG - This is a debug message
2026-04-21 14:08:27,791 - performance_logger - DEBUG - This is a debug message
2026-04-21 14:08:27,792 - performance_logger - DEBUG - This is a debug message
2026-04-21 14:08:27,793 - performance_logger - DEBUG - This is a debug message
2026-04-21 14:08:27,798 - performance_logger - DEBUG - This is a debug message
2026-04-21 14:08:27,800 - performance_logger - DEBUG - This is a debug message
2026-04-21 14:08:27,801 - performance_logger - DEBUG - This is a debug message
2026-04-21 14:08:27,802 - performance_logger - DEBUG - This is a debug message
2026-04-21 14:08:27,803 - performance_logger - DEBUG - This is a debug message
2026-04-21 14:08:27,804 - performance_logger - DEBUG - This is a debug message
2026-04-21 14:08:27,805 - performance_logger - DEBUG - This is a debug message
2026-04-21 14:08:27,806 - performance_logger - DEBUG - This is a debug message
2026-04-21 14:08:27,807 - performance_logger - DEBUG - This is a debug message
2026-04-21 14:08:27,809 - performance_logger - DEBUG - This is a debug message
2026-04-21 14:08:27,810 - performance_logger - DEBUG - This is a debug message
2026-04-21 14:08:27,814 - performance_logger - DEBUG - This is a debug message
2026-04-21 14:08:27,816 - performance_logger - DEBUG - This is a debug message
2026-04-21 14:08:27,817 - performance_logger - DEBUG - This is a debug message
2026-04-21 14:08:27,818 - performance_logger - DEBUG - This is a debug message
2026-04-21 14:08:27,820 - performance_logger - DEBUG - This is a debug message
2026-04-21 14:08:27,821 - performance_logger - DEBUG - This is a debug message
2026-04-21 14:08:27,823 - performance_logger - DEBUG - This is a debug message
2026-04-21 14:08:27,824 - performance_logger - DEBUG - This is a debug message
2026-04-21 14:08:27,825 - performance_logger - DEBUG - This is a debug message
2026-04-21 14:08:27,826 - performance_logger - DEBUG - This is a debug message
2026-04-21 14:08:27,830 - performance_logger - DEBUG - This is a debug message
2026-04-21 14:08:27,835 - performance_logger - DEBUG - This is a debug message
2026-04-21 14:08:27,837 - performance_logger - DEBUG - This is a debug message
2026-04-21 14:08:27,839 - performance_logger - DEBUG - This is a debug message
2026-04-21 14:08:27,840 - performance_logger - DEBUG - This is a debug message
2026-04-21 14:08:27,841 - performance_logger - DEBUG - This is a debug message
2026-04-21 14:08:27,842 - performance_logger - DEBUG - This is a debug message
2026-04-21 14:08:27,844 - performance_logger - DEBUG - This is a debug message
2026-04-21 14:08:27,849 - performance_logger - DEBUG - This is a debug message
2026-04-21 14:08:27,859 - performance_logger - DEBUG - This is a debug message
2026-04-21 14:08:27,862 - performance_logger - DEBUG - This is a debug message
2026-04-21 14:08:27,871 - performance_logger - DEBUG - This is a debug message
2026-04-21 14:08:27,875 - performance_logger - DEBUG - This is a debug message
2026-04-21 14:08:27,876 - performance_logger - DEBUG - This is a debug message
2026-04-21 14:08:27,876 - performance_logger - DEBUG - This is a debug message
2026-04-21 14:08:27,880 - performance_logger - DEBUG - This is a debug message
2026-04-21 14:08:27,882 - performance_logger - DEBUG - This is a debug message
2026-04-21 14:08:27,883 - performance_logger - DEBUG - This is a debug message
2026-04-21 14:08:27,884 - performance_logger - DEBUG - This is a debug message
2026-04-21 14:08:27,885 - performance_logger - DEBUG - This is a debug message
2026-04-21 14:08:27,886 - performance_logger - DEBUG - This is a debug message
2026-04-21 14:08:27,887 - performance_logger - DEBUG - This is a debug message
2026-04-21 14:08:27,888 - performance_logger - DEBUG - This is a debug message
2026-04-21 14:08:27,888 - performance_logger - DEBUG - This is a debug message
2026-04-21 14:08:27,890 - performance_logger - DEBUG - This is a debug message
2026-04-21 14:08:27,891 - performance_logger - DEBUG - This is a debug message
2026-04-21 14:08:27,892 - performance_logger - DEBUG - This is a debug message
2026-04-21 14:08:27,893 - performance_logger - DEBUG - This is a debug message
2026-04-21 14:08:27,896 - performance_logger - DEBUG - This is a debug message
2026-04-21 14:08:27,898 - performance_logger - DEBUG - This is a debug message
2026-04-21 14:08:27,900 - performance_logger - DEBUG - This is a debug message
2026-04-21 14:08:27,901 - performance_logger - DEBUG - This is a debug message
2026-04-21 14:08:27,902 - performance_logger - DEBUG - This is a debug message
2026-04-21 14:08:27,903 - performance_logger - DEBUG - This is a debug message
2026-04-21 14:08:27,904 - performance_logger - DEBUG - This is a debug message
2026-04-21 14:08:27,905 - performance_logger - DEBUG - This is a debug message
2026-04-21 14:08:27,906 - performance_logger - DEBUG - This is a debug message
2026-04-21 14:08:27,907 - performance_logger - DEBUG - This is a debug message
2026-04-21 14:08:27,907 - performance_logger - DEBUG - This is a debug message
2026-04-21 14:08:27,909 - performance_logger - DEBUG - This is a debug message
2026-04-21 14:08:27,910 - performance_logger - DEBUG - This is a debug message
2026-04-21 14:08:27,915 - performance_logger - DEBUG - This is a debug message
2026-04-21 14:08:27,916 - performance_logger - DEBUG - This is a debug message
2026-04-21 14:08:27,917 - performance_logger - DEBUG - This is a debug message
2026-04-21 14:08:27,918 - performance_logger - DEBUG - This is a debug message
2026-04-21 14:08:27,919 - performance_logger - DEBUG - This is a debug message
2026-04-21 14:08:27,921 - performance_logger - DEBUG - This is a debug message
2026-04-21 14:08:27,921 - performance_logger - DEBUG - This is a debug message
2026-04-21 14:08:27,922 - performance_logger - DEBUG - This is a debug message
2026-04-21 14:08:27,923 - performance_logger - DEBUG - This is a debug message
2026-04-21 14:08:27,925 - performance_logger - DEBUG - This is a debug message
2026-04-21 14:08:27,926 - performance_logger - DEBUG - This is a debug message
2026-04-21 14:08:27,926 - performance_logger - DEBUG - This is a debug message
2026-04-21 14:08:27,931 - performance_logger - DEBUG - This is a debug message
2026-04-21 14:08:27,932 - performance_logger - DEBUG - This is a debug message
2026-04-21 14:08:27,933 - performance_logger - DEBUG - This is a debug message
2026-04-21 14:08:27,934 - performance_logger - DEBUG - This is a debug message
2026-04-21 14:08:27,936 - performance_logger - DEBUG - This is a debug message
2026-04-21 14:08:27,940 - performance_logger - DEBUG - This is a debug message
2026-04-21 14:08:27,941 - performance_logger - DEBUG - This is a debug message
2026-04-21 14:08:27,943 - performance_logger - DEBUG - This is a debug message
2026-04-21 14:08:27,949 - performance_logger - DEBUG - This is a debug message
2026-04-21 14:08:27,951 - performance_logger - DEBUG - This is a debug message
2026-04-21 14:08:27,954 - performance_logger - DEBUG - This is a debug message
2026-04-21 14:08:27,956 - performance_logger - DEBUG - This is a debug message
2026-04-21 14:08:27,959 - performance_logger - DEBUG - This is a debug message
2026-04-21 14:08:27,961 - performance_logger - DEBUG - This is a debug message
2026-04-21 14:08:27,967 - performance_logger - DEBUG - This is a debug message
2026-04-21 14:08:27,971 - performance_logger - DEBUG - This is a debug message
2026-04-21 14:08:27,974 - performance_logger - DEBUG - This is a debug message
2026-04-21 14:08:27,979 - performance_logger - DEBUG - This is a debug message
2026-04-21 14:08:27,987 - performance_logger - DEBUG - This is a debug message
2026-04-21 14:08:27,991 - performance_logger - DEBUG - This is a debug message
2026-04-21 14:08:27,995 - performance_logger - DEBUG - This is a debug message
2026-04-21 14:08:28,002 - performance_logger - DEBUG - This is a debug message
2026-04-21 14:08:28,006 - performance_logger - DEBUG - This is a debug message
2026-04-21 14:08:28,008 - performance_logger - DEBUG - This is a debug message
2026-04-21 14:08:28,017 - performance_logger - DEBUG - This is a debug message
2026-04-21 14:08:28,019 - performance_logger - DEBUG - This is a debug message
2026-04-21 14:08:28,027 - performance_logger - DEBUG - This is a debug message
2026-04-21 14:08:28,031 - performance_logger - DEBUG - This is a debug message
2026-04-21 14:08:28,032 - performance_logger - DEBUG - This is a debug message
2026-04-21 14:08:28,036 - performance_logger - DEBUG - This is a debug message
2026-04-21 14:08:28,042 - performance_logger - DEBUG - This is a debug message
2026-04-21 14:08:28,046 - performance_logger - DEBUG - This is a debug message
2026-04-21 14:08:28,050 - performance_logger - DEBUG - This is a debug message
2026-04-21 14:08:28,052 - performance_logger - DEBUG - This is a debug message
2026-04-21 14:08:28,058 - performance_logger - DEBUG - This is a debug message
2026-04-21 14:08:28,060 - performance_logger - DEBUG - This is a debug message
2026-04-21 14:08:28,066 - performance_logger - DEBUG - This is a debug message
2026-04-21 14:08:28,067 - performance_logger - DEBUG - This is a debug message
2026-04-21 14:08:28,071 - performance_logger - DEBUG - This is a debug message
2026-04-21 14:08:28,077 - performance_logger - DEBUG - This is a debug message
2026-04-21 14:08:28,080 - performance_logger - DEBUG - This is a debug message
2026-04-21 14:08:28,083 - performance_logger - DEBUG - This is a debug message
2026-04-21 14:08:28,085 - performance_logger - DEBUG - This is a debug message
2026-04-21 14:08:28,088 - performance_logger - DEBUG - This is a debug message
2026-04-21 14:08:28,090 - performance_logger - DEBUG - This is a debug message
2026-04-21 14:08:28,092 - performance_logger - DEBUG - This is a debug message
2026-04-21 14:08:28,093 - performance_logger - DEBUG - This is a debug message
2026-04-21 14:08:28,094 - performance_logger - DEBUG - This is a debug message
2026-04-21 14:08:28,096 - performance_logger - DEBUG - This is a debug message
2026-04-21 14:08:28,098 - performance_logger - DEBUG - This is a debug message
2026-04-21 14:08:28,099 - performance_logger - DEBUG - This is a debug message
2026-04-21 14:08:28,100 - performance_logger - DEBUG - This is a debug message
2026-04-21 14:08:28,102 - performance_logger - DEBUG - This is a debug message
2026-04-21 14:08:28,103 - performance_logger - DEBUG - This is a debug message
2026-04-21 14:08:28,104 - performance_logger - DEBUG - This is a debug message
2026-04-21 14:08:28,105 - performance_logger - DEBUG - This is a debug message
2026-04-21 14:08:28,106 - performance_logger - DEBUG - This is a debug message
2026-04-21 14:08:28,108 - performance_logger - DEBUG - This is a debug message
2026-04-21 14:08:28,109 - performance_logger - DEBUG - This is a debug message
2026-04-21 14:08:28,110 - performance_logger - DEBUG - This is a debug message
2026-04-21 14:08:28,112 - performance_logger - DEBUG - This is a debug message
2026-04-21 14:08:28,113 - performance_logger - DEBUG - This is a debug message
2026-04-21 14:08:28,114 - performance_logger - DEBUG - This is a debug message
2026-04-21 14:08:28,115 - performance_logger - DEBUG - This is a debug message
2026-04-21 14:08:28,117 - performance_logger - DEBUG - This is a debug message
2026-04-21 14:08:28,118 - performance_logger - DEBUG - This is a debug message
2026-04-21 14:08:28,119 - performance_logger - DEBUG - This is a debug message
2026-04-21 14:08:28,126 - performance_logger - DEBUG - This is a debug message
2026-04-21 14:08:28,129 - performance_logger - DEBUG - This is a debug message
2026-04-21 14:08:28,131 - performance_logger - DEBUG - This is a debug message
2026-04-21 14:08:28,137 - performance_logger - DEBUG - This is a debug message
2026-04-21 14:08:28,139 - performance_logger - DEBUG - This is a debug message
2026-04-21 14:08:28,143 - performance_logger - DEBUG - This is a debug message
2026-04-21 14:08:28,145 - performance_logger - DEBUG - This is a debug message
2026-04-21 14:08:28,147 - performance_logger - DEBUG - This is a debug message
2026-04-21 14:08:28,148 - performance_logger - DEBUG - This is a debug message
2026-04-21 14:08:28,149 - performance_logger - DEBUG - This is a debug message
2026-04-21 14:08:28,150 - performance_logger - DEBUG - This is a debug message
2026-04-21 14:08:28,151 - performance_logger - DEBUG - This is a debug message
2026-04-21 14:08:28,153 - performance_logger - DEBUG - This is a debug message
2026-04-21 14:08:28,153 - performance_logger - DEBUG - This is a debug message
2026-04-21 14:08:28,155 - performance_logger - DEBUG - This is a debug message
2026-04-21 14:08:28,156 - performance_logger - DEBUG - This is a debug message
2026-04-21 14:08:28,157 - performance_logger - DEBUG - This is a debug message
2026-04-21 14:08:28,159 - performance_logger - DEBUG - This is a debug message
2026-04-21 14:08:28,160 - performance_logger - DEBUG - This is a debug message
2026-04-21 14:08:28,164 - performance_logger - DEBUG - This is a debug message
2026-04-21 14:08:28,165 - performance_logger - DEBUG - This is a debug message
2026-04-21 14:08:28,168 - performance_logger - DEBUG - This is a debug message
2026-04-21 14:08:28,169 - performance_logger - DEBUG - This is a debug message
2026-04-21 14:08:28,170 - performance_logger - DEBUG - This is a debug message
2026-04-21 14:08:28,172 - performance_logger - DEBUG - This is a debug message
2026-04-21 14:08:28,173 - performance_logger - DEBUG - This is a debug message
2026-04-21 14:08:28,174 - performance_logger - DEBUG - This is a debug message
2026-04-21 14:08:28,175 - performance_logger - DEBUG - This is a debug message
2026-04-21 14:08:28,179 - performance_logger - DEBUG - This is a debug message
2026-04-21 14:08:28,181 - performance_logger - DEBUG - This is a debug message
2026-04-21 14:08:28,184 - performance_logger - DEBUG - This is a debug message
2026-04-21 14:08:28,186 - performance_logger - DEBUG - This is a debug message
2026-04-21 14:08:28,187 - performance_logger - DEBUG - This is a debug message
2026-04-21 14:08:28,191 - performance_logger - DEBUG - This is a debug message
2026-04-21 14:08:28,194 - performance_logger - DEBUG - This is a debug message
2026-04-21 14:08:28,197 - performance_logger - DEBUG - This is a debug message
2026-04-21 14:08:28,201 - performance_logger - DEBUG - This is a debug message
2026-04-21 14:08:28,202 - performance_logger - DEBUG - This is a debug message
2026-04-21 14:08:28,203 - performance_logger - DEBUG - This is a debug message
2026-04-21 14:08:28,206 - performance_logger - DEBUG - This is a debug message
2026-04-21 14:08:28,209 - performance_logger - DEBUG - This is a debug message
2026-04-21 14:08:28,210 - performance_logger - DEBUG - This is a debug message
2026-04-21 14:08:28,214 - performance_logger - DEBUG - This is a debug message
2026-04-21 14:08:28,216 - performance_logger - DEBUG - This is a debug message
2026-04-21 14:08:28,221 - performance_logger - DEBUG - This is a debug message
2026-04-21 14:08:28,223 - performance_logger - DEBUG - This is a debug message
2026-04-21 14:08:28,227 - performance_logger - DEBUG - This is a debug message
2026-04-21 14:08:28,228 - performance_logger - DEBUG - This is a debug message
2026-04-21 14:08:28,229 - performance_logger - DEBUG - This is a debug message
2026-04-21 14:08:28,231 - performance_logger - DEBUG - This is a debug message
2026-04-21 14:08:28,235 - performance_logger - DEBUG - This is a debug message
2026-04-21 14:08:28,239 - performance_logger - DEBUG - This is a debug message
2026-04-21 14:08:28,241 - performance_logger - DEBUG - This is a debug message
2026-04-21 14:08:28,245 - performance_logger - DEBUG - This is a debug message
2026-04-21 14:08:28,246 - performance_logger - DEBUG - This is a debug message
2026-04-21 14:08:28,248 - performance_logger - DEBUG - This is a debug message
2026-04-21 14:08:28,250 - performance_logger - DEBUG - This is a debug message
2026-04-21 14:08:28,254 - performance_logger - DEBUG - This is a debug message
2026-04-21 14:08:28,255 - performance_logger - DEBUG - This is a debug message
2026-04-21 14:08:28,258 - performance_logger - DEBUG - This is a debug message
2026-04-21 14:08:28,262 - performance_logger - DEBUG - This is a debug message
2026-04-21 14:08:28,263 - performance_logger - DEBUG - This is a debug message
2026-04-21 14:08:28,265 - performance_logger - DEBUG - This is a debug message
2026-04-21 14:08:28,268 - performance_logger - DEBUG - This is a debug message
2026-04-21 14:08:28,270 - performance_logger - DEBUG - This is a debug message
2026-04-21 14:08:28,273 - performance_logger - DEBUG - This is a debug message
2026-04-21 14:08:28,277 - performance_logger - DEBUG - This is a debug message
2026-04-21 14:08:28,279 - performance_logger - DEBUG - This is a debug message
2026-04-21 14:08:28,282 - performance_logger - DEBUG - This is a debug message
2026-04-21 14:08:28,283 - performance_logger - DEBUG - This is a debug message
2026-04-21 14:08:28,288 - performance_logger - DEBUG - This is a debug message
2026-04-21 14:08:28,289 - performance_logger - DEBUG - This is a debug message
2026-04-21 14:08:28,292 - performance_logger - DEBUG - This is a debug message
2026-04-21 14:08:28,293 - performance_logger - DEBUG - This is a debug message
2026-04-21 14:08:28,298 - performance_logger - DEBUG - This is a debug message
2026-04-21 14:08:28,299 - performance_logger - DEBUG - This is a debug message
2026-04-21 14:08:28,300 - performance_logger - DEBUG - This is a debug message
2026-04-21 14:08:28,304 - performance_logger - DEBUG - This is a debug message
2026-04-21 14:08:28,305 - performance_logger - DEBUG - This is a debug message
2026-04-21 14:08:28,306 - performance_logger - DEBUG - This is a debug message
2026-04-21 14:08:28,314 - performance_logger - DEBUG - This is a debug message
2026-04-21 14:08:28,315 - performance_logger - DEBUG - This is a debug message
2026-04-21 14:08:28,324 - performance_logger - DEBUG - This is a debug message
2026-04-21 14:08:28,326 - performance_logger - DEBUG - This is a debug message
2026-04-21 14:08:28,326 - performance_logger - DEBUG - This is a debug message
2026-04-21 14:08:28,333 - performance_logger - DEBUG - This is a debug message
2026-04-21 14:08:28,339 - performance_logger - DEBUG - This is a debug message
2026-04-21 14:08:28,343 - performance_logger - DEBUG - This is a debug message
2026-04-21 14:08:28,350 - performance_logger - DEBUG - This is a debug message
2026-04-21 14:08:28,357 - performance_logger - DEBUG - This is a debug message
2026-04-21 14:08:28,363 - performance_logger - DEBUG - This is a debug message
2026-04-21 14:08:28,372 - performance_logger - DEBUG - This is a debug message
2026-04-21 14:08:28,374 - performance_logger - DEBUG - This is a debug message
2026-04-21 14:08:28,380 - performance_logger - DEBUG - This is a debug message
2026-04-21 14:08:28,386 - performance_logger - DEBUG - This is a debug message
2026-04-21 14:08:28,393 - performance_logger - DEBUG - This is a debug message
2026-04-21 14:08:28,395 - performance_logger - DEBUG - This is a debug message
2026-04-21 14:08:28,404 - performance_logger - DEBUG - This is a debug message
2026-04-21 14:08:28,408 - performance_logger - DEBUG - This is a debug message
2026-04-21 14:08:28,414 - performance_logger - DEBUG - This is a debug message
2026-04-21 14:08:28,419 - performance_logger - DEBUG - This is a debug message
2026-04-21 14:08:28,425 - performance_logger - DEBUG - This is a debug message
2026-04-21 14:08:28,428 - performance_logger - DEBUG - This is a debug message
2026-04-21 14:08:28,429 - performance_logger - DEBUG - This is a debug message
2026-04-21 14:08:28,435 - performance_logger - DEBUG - This is a debug message
2026-04-21 14:08:28,437 - performance_logger - DEBUG - This is a debug message
2026-04-21 14:08:28,445 - performance_logger - DEBUG - This is a debug message
2026-04-21 14:08:28,453 - performance_logger - DEBUG - This is a debug message
2026-04-21 14:08:28,457 - performance_logger - DEBUG - This is a debug message
2026-04-21 14:08:28,466 - performance_logger - DEBUG - This is a debug message
2026-04-21 14:08:28,468 - performance_logger - DEBUG - This is a debug message
2026-04-21 14:08:28,471 - performance_logger - DEBUG - This is a debug message
2026-04-21 14:08:28,475 - performance_logger - DEBUG - This is a debug message
2026-04-21 14:08:28,477 - performance_logger - DEBUG - This is a debug message
2026-04-21 14:08:28,481 - performance_logger - DEBUG - This is a debug message
2026-04-21 14:08:28,485 - performance_logger - DEBUG - This is a debug message
2026-04-21 14:08:28,492 - performance_logger - DEBUG - This is a debug message
2026-04-21 14:08:28,494 - performance_logger - DEBUG - This is a debug message
2026-04-21 14:08:28,496 - performance_logger - DEBUG - This is a debug message
2026-04-21 14:08:28,502 - performance_logger - DEBUG - This is a debug message
2026-04-21 14:08:28,507 - performance_logger - DEBUG - This is a debug message
2026-04-21 14:08:28,514 - performance_logger - DEBUG - This is a debug message
2026-04-21 14:08:28,516 - performance_logger - DEBUG - This is a debug message
2026-04-21 14:08:28,527 - performance_logger - DEBUG - This is a debug message
2026-04-21 14:08:28,533 - performance_logger - DEBUG - This is a debug message
2026-04-21 14:08:28,536 - performance_logger - DEBUG - This is a debug message
2026-04-21 14:08:28,538 - performance_logger - DEBUG - This is a debug message
2026-04-21 14:08:28,541 - performance_logger - DEBUG - This is a debug message
2026-04-21 14:08:28,547 - performance_logger - DEBUG - This is a debug message
2026-04-21 14:08:28,554 - performance_logger - DEBUG - This is a debug message
2026-04-21 14:08:28,555 - performance_logger - DEBUG - This is a debug message
2026-04-21 14:08:28,558 - performance_logger - DEBUG - This is a debug message
2026-04-21 14:08:28,560 - performance_logger - DEBUG - This is a debug message
2026-04-21 14:08:28,564 - performance_logger - DEBUG - This is a debug message
2026-04-21 14:08:28,565 - performance_logger - DEBUG - This is a debug message
2026-04-21 14:08:28,567 - performance_logger - DEBUG - This is a debug message
2026-04-21 14:08:28,571 - performance_logger - DEBUG - This is a debug message
2026-04-21 14:08:28,572 - performance_logger - DEBUG - This is a debug message
2026-04-21 14:08:28,578 - performance_logger - DEBUG - This is a debug message
2026-04-21 14:08:28,580 - performance_logger - DEBUG - This is a debug message
2026-04-21 14:08:28,584 - performance_logger - DEBUG - This is a debug message
2026-04-21 14:08:28,585 - performance_logger - DEBUG - This is a debug message
2026-04-21 14:08:28,589 - performance_logger - DEBUG - This is a debug message
2026-04-21 14:08:28,591 - performance_logger - DEBUG - This is a debug message
2026-04-21 14:08:28,595 - performance_logger - DEBUG - This is a debug message
2026-04-21 14:08:28,595 - performance_logger - DEBUG - This is a debug message
2026-04-21 14:08:28,597 - performance_logger - DEBUG - This is a debug message
2026-04-21 14:08:28,602 - performance_logger - DEBUG - This is a debug message
2026-04-21 14:08:28,603 - performance_logger - DEBUG - This is a debug message
2026-04-21 14:08:28,604 - performance_logger - DEBUG - This is a debug message
2026-04-21 14:08:28,606 - performance_logger - DEBUG - This is a debug message
2026-04-21 14:08:28,609 - performance_logger - DEBUG - This is a debug message
2026-04-21 14:08:28,614 - performance_logger - DEBUG - This is a debug message
2026-04-21 14:08:28,615 - performance_logger - DEBUG - This is a debug message
2026-04-21 14:08:28,616 - performance_logger - DEBUG - This is a debug message
2026-04-21 14:08:28,623 - performance_logger - DEBUG - This is a debug message
2026-04-21 14:08:28,625 - performance_logger - DEBUG - This is a debug message
2026-04-21 14:08:28,632 - performance_logger - DEBUG - This is a debug message
2026-04-21 14:08:28,633 - performance_logger - DEBUG - This is a debug message
2026-04-21 14:08:28,643 - performance_logger - DEBUG - This is a debug message
2026-04-21 14:08:28,644 - performance_logger - DEBUG - This is a debug message
2026-04-21 14:08:28,649 - performance_logger - DEBUG - This is a debug message
2026-04-21 14:08:28,650 - performance_logger - DEBUG - This is a debug message
2026-04-21 14:08:28,652 - performance_logger - DEBUG - This is a debug message
2026-04-21 14:08:28,655 - performance_logger - DEBUG - This is a debug message
2026-04-21 14:08:28,656 - performance_logger - DEBUG - This is a debug message
2026-04-21 14:08:28,659 - performance_logger - DEBUG - This is a debug message
2026-04-21 14:08:28,663 - performance_logger - DEBUG - This is a debug message
2026-04-21 14:08:28,665 - performance_logger - DEBUG - This is a debug message
2026-04-21 14:08:28,668 - performance_logger - DEBUG - This is a debug message
2026-04-21 14:08:28,670 - performance_logger - DEBUG - This is a debug message
2026-04-21 14:08:28,674 - performance_logger - DEBUG - This is a debug message
2026-04-21 14:08:28,676 - performance_logger - DEBUG - This is a debug message
2026-04-21 14:08:28,678 - performance_logger - DEBUG - This is a debug message
2026-04-21 14:08:28,680 - performance_logger - DEBUG - This is a debug message
2026-04-21 14:08:28,685 - performance_logger - DEBUG - This is a debug message
2026-04-21 14:08:28,687 - performance_logger - DEBUG - This is a debug message
2026-04-21 14:08:28,688 - performance_logger - DEBUG - This is a debug message
2026-04-21 14:08:28,692 - performance_logger - DEBUG - This is a debug message
2026-04-21 14:08:28,693 - performance_logger - DEBUG - This is a debug message
2026-04-21 14:08:28,698 - performance_logger - DEBUG - This is a debug message
2026-04-21 14:08:28,699 - performance_logger - DEBUG - This is a debug message
2026-04-21 14:08:28,700 - performance_logger - DEBUG - This is a debug message
2026-04-21 14:08:28,704 - performance_logger - DEBUG - This is a debug message
2026-04-21 14:08:28,705 - performance_logger - DEBUG - This is a debug message
2026-04-21 14:08:28,709 - performance_logger - DEBUG - This is a debug message
2026-04-21 14:08:28,711 - performance_logger - DEBUG - This is a debug message
2026-04-21 14:08:28,715 - performance_logger - DEBUG - This is a debug message
2026-04-21 14:08:28,717 - performance_logger - DEBUG - This is a debug message
2026-04-21 14:08:28,718 - performance_logger - DEBUG - This is a debug message
2026-04-21 14:08:28,721 - performance_logger - DEBUG - This is a debug message
2026-04-21 14:08:28,723 - performance_logger - DEBUG - This is a debug message
2026-04-21 14:08:28,726 - performance_logger - DEBUG - This is a debug message
2026-04-21 14:08:28,729 - performance_logger - DEBUG - This is a debug message
2026-04-21 14:08:28,731 - performance_logger - DEBUG - This is a debug message
2026-04-21 14:08:28,734 - performance_logger - DEBUG - This is a debug message
2026-04-21 14:08:28,738 - performance_logger - DEBUG - This is a debug message
2026-04-21 14:08:28,740 - performance_logger - DEBUG - This is a debug message
2026-04-21 14:08:28,743 - performance_logger - DEBUG - This is a debug message
2026-04-21 14:08:28,744 - performance_logger - DEBUG - This is a debug message
2026-04-21 14:08:28,749 - performance_logger - DEBUG - This is a debug message
2026-04-21 14:08:28,750 - performance_logger - DEBUG - This is a debug message
2026-04-21 14:08:28,751 - performance_logger - DEBUG - This is a debug message
2026-04-21 14:08:28,754 - performance_logger - DEBUG - This is a debug message
2026-04-21 14:08:28,757 - performance_logger - DEBUG - This is a debug message
2026-04-21 14:08:28,761 - performance_logger - DEBUG - This is a debug message
2026-04-21 14:08:28,763 - performance_logger - DEBUG - This is a debug message
2026-04-21 14:08:28,765 - performance_logger - DEBUG - This is a debug message
2026-04-21 14:08:28,769 - performance_logger - DEBUG - This is a debug message
2026-04-21 14:08:28,775 - performance_logger - DEBUG - This is a debug message
2026-04-21 14:08:28,779 - performance_logger - DEBUG - This is a debug message
2026-04-21 14:08:28,783 - performance_logger - DEBUG - This is a debug message
2026-04-21 14:08:28,785 - performance_logger - DEBUG - This is a debug message
2026-04-21 14:08:28,786 - performance_logger - DEBUG - This is a debug message
2026-04-21 14:08:28,787 - performance_logger - DEBUG - This is a debug message
2026-04-21 14:08:28,788 - performance_logger - DEBUG - This is a debug message
2026-04-21 14:08:28,789 - performance_logger - DEBUG - This is a debug message
2026-04-21 14:08:28,790 - performance_logger - DEBUG - This is a debug message
2026-04-21 14:08:28,791 - performance_logger - DEBUG - This is a debug message
2026-04-21 14:08:28,792 - performance_logger - DEBUG - This is a debug message
2026-04-21 14:08:28,793 - performance_logger - DEBUG - This is a debug message
2026-04-21 14:08:28,795 - performance_logger - DEBUG - This is a debug message
2026-04-21 14:08:28,796 - performance_logger - DEBUG - This is a debug message
2026-04-21 14:08:28,798 - performance_logger - DEBUG - This is a debug message
2026-04-21 14:08:28,799 - performance_logger - DEBUG - This is a debug message
2026-04-21 14:08:28,800 - performance_logger - DEBUG - This is a debug message
2026-04-21 14:08:28,801 - performance_logger - DEBUG - This is a debug message
2026-04-21 14:08:28,802 - performance_logger - DEBUG - This is a debug message
2026-04-21 14:08:28,804 - performance_logger - DEBUG - This is a debug message
2026-04-21 14:08:28,805 - performance_logger - DEBUG - This is a debug message
2026-04-21 14:08:28,806 - performance_logger - DEBUG - This is a debug message
2026-04-21 14:08:28,806 - performance_logger - DEBUG - This is a debug message
2026-04-21 14:08:28,808 - performance_logger - DEBUG - This is a debug message
2026-04-21 14:08:28,810 - performance_logger - DEBUG - This is a debug message
2026-04-21 14:08:28,811 - performance_logger - DEBUG - This is a debug message
2026-04-21 14:08:28,812 - performance_logger - DEBUG - This is a debug message
2026-04-21 14:08:28,812 - performance_logger - DEBUG - This is a debug message
2026-04-21 14:08:28,813 - performance_logger - DEBUG - This is a debug message
2026-04-21 14:08:28,814 - performance_logger - DEBUG - This is a debug message
2026-04-21 14:08:28,816 - performance_logger - DEBUG - This is a debug message
2026-04-21 14:08:28,817 - performance_logger - DEBUG - This is a debug message
2026-04-21 14:08:28,818 - performance_logger - DEBUG - This is a debug message
2026-04-21 14:08:28,819 - performance_logger - DEBUG - This is a debug message
2026-04-21 14:08:28,820 - performance_logger - DEBUG - This is a debug message
2026-04-21 14:08:28,821 - performance_logger - DEBUG - This is a debug message
2026-04-21 14:08:28,822 - performance_logger - DEBUG - This is a debug message
2026-04-21 14:08:28,824 - performance_logger - DEBUG - This is a debug message
2026-04-21 14:08:28,825 - performance_logger - DEBUG - This is a debug message
2026-04-21 14:08:28,826 - performance_logger - DEBUG - This is a debug message
2026-04-21 14:08:28,828 - performance_logger - DEBUG - This is a debug message
2026-04-21 14:08:28,828 - performance_logger - DEBUG - This is a debug message
2026-04-21 14:08:28,835 - performance_logger - DEBUG - This is a debug message
2026-04-21 14:08:28,837 - performance_logger - DEBUG - This is a debug message
2026-04-21 14:08:28,841 - performance_logger - DEBUG - This is a debug message
2026-04-21 14:08:28,841 - performance_logger - DEBUG - This is a debug message
2026-04-21 14:08:28,842 - performance_logger - DEBUG - This is a debug message
2026-04-21 14:08:28,845 - performance_logger - DEBUG - This is a debug message
2026-04-21 14:08:28,849 - performance_logger - DEBUG - This is a debug message
2026-04-21 14:08:28,855 - performance_logger - DEBUG - This is a debug message
2026-04-21 14:08:28,856 - performance_logger - DEBUG - This is a debug message
2026-04-21 14:08:28,857 - performance_logger - DEBUG - This is a debug message
2026-04-21 14:08:28,859 - performance_logger - DEBUG - This is a debug message
2026-04-21 14:08:28,860 - performance_logger - DEBUG - This is a debug message
2026-04-21 14:08:28,862 - performance_logger - DEBUG - This is a debug message
2026-04-21 14:08:28,863 - performance_logger - DEBUG - This is a debug message
2026-04-21 14:08:28,864 - performance_logger - DEBUG - This is a debug message
2026-04-21 14:08:28,865 - performance_logger - DEBUG - This is a debug message
2026-04-21 14:08:28,867 - performance_logger - DEBUG - This is a debug message
2026-04-21 14:08:28,870 - performance_logger - DEBUG - This is a debug message
2026-04-21 14:08:28,874 - performance_logger - DEBUG - This is a debug message
2026-04-21 14:08:28,875 - performance_logger - DEBUG - This is a debug message
2026-04-21 14:08:28,879 - performance_logger - DEBUG - This is a debug message
2026-04-21 14:08:28,880 - performance_logger - DEBUG - This is a debug message
2026-04-21 14:08:28,882 - performance_logger - DEBUG - This is a debug message
2026-04-21 14:08:28,886 - performance_logger - DEBUG - This is a debug message
2026-04-21 14:08:28,887 - performance_logger - DEBUG - This is a debug message
2026-04-21 14:08:28,888 - performance_logger - DEBUG - This is a debug message
2026-04-21 14:08:28,892 - performance_logger - DEBUG - This is a debug message
2026-04-21 14:08:28,894 - performance_logger - DEBUG - This is a debug message
2026-04-21 14:08:28,896 - performance_logger - DEBUG - This is a debug message
2026-04-21 14:08:28,903 - performance_logger - DEBUG - This is a debug message
2026-04-21 14:08:28,904 - performance_logger - DEBUG - This is a debug message
2026-04-21 14:08:28,908 - performance_logger - DEBUG - This is a debug message
2026-04-21 14:08:28,909 - performance_logger - DEBUG - This is a debug message
2026-04-21 14:08:28,910 - performance_logger - DEBUG - This is a debug message
2026-04-21 14:08:28,912 - performance_logger - DEBUG - This is a debug message
2026-04-21 14:08:28,917 - performance_logger - DEBUG - This is a debug message
2026-04-21 14:08:28,918 - performance_logger - DEBUG - This is a debug message
2026-04-21 14:08:28,919 - performance_logger - DEBUG - This is a debug message
2026-04-21 14:08:28,920 - performance_logger - DEBUG - This is a debug message
2026-04-21 14:08:28,921 - performance_logger - DEBUG - This is a debug message
2026-04-21 14:08:28,923 - performance_logger - DEBUG - This is a debug message
2026-04-21 14:08:28,924 - performance_logger - DEBUG - This is a debug message
2026-04-21 14:08:28,925 - performance_logger - DEBUG - This is a debug message
2026-04-21 14:08:28,927 - performance_logger - DEBUG - This is a debug message
2026-04-21 14:08:28,928 - performance_logger - DEBUG - This is a debug message
2026-04-21 14:08:28,930 - performance_logger - DEBUG - This is a debug message
2026-04-21 14:08:28,931 - performance_logger - DEBUG - This is a debug message
2026-04-21 14:08:28,931 - performance_logger - DEBUG - This is a debug message
2026-04-21 14:08:28,933 - performance_logger - DEBUG - This is a debug message
2026-04-21 14:08:28,934 - performance_logger - DEBUG - This is a debug message
2026-04-21 14:08:28,936 - performance_logger - DEBUG - This is a debug message
2026-04-21 14:08:28,937 - performance_logger - DEBUG - This is a debug message
2026-04-21 14:08:28,938 - performance_logger - DEBUG - This is a debug message
2026-04-21 14:08:28,939 - performance_logger - DEBUG - This is a debug message
2026-04-21 14:08:28,940 - performance_logger - DEBUG - This is a debug message
2026-04-21 14:08:28,945 - performance_logger - DEBUG - This is a debug message
2026-04-21 14:08:28,949 - performance_logger - DEBUG - This is a debug message
2026-04-21 14:08:28,952 - performance_logger - DEBUG - This is a debug message
2026-04-21 14:08:28,957 - performance_logger - DEBUG - This is a debug message
2026-04-21 14:08:28,958 - performance_logger - DEBUG - This is a debug message
2026-04-21 14:08:28,960 - performance_logger - DEBUG - This is a debug message
2026-04-21 14:08:28,961 - performance_logger - DEBUG - This is a debug message
2026-04-21 14:08:28,967 - performance_logger - DEBUG - This is a debug message
2026-04-21 14:08:28,968 - performance_logger - DEBUG - This is a debug message
2026-04-21 14:08:28,970 - performance_logger - DEBUG - This is a debug message
2026-04-21 14:08:28,972 - performance_logger - DEBUG - This is a debug message
2026-04-21 14:08:28,977 - performance_logger - DEBUG - This is a debug message
2026-04-21 14:08:28,979 - performance_logger - DEBUG - This is a debug message
2026-04-21 14:08:28,982 - performance_logger - DEBUG - This is a debug message
2026-04-21 14:08:28,984 - performance_logger - DEBUG - This is a debug message
2026-04-21 14:08:28,988 - performance_logger - DEBUG - This is a debug message
2026-04-21 14:08:28,990 - performance_logger - DEBUG - This is a debug message
2026-04-21 14:08:28,992 - performance_logger - DEBUG - This is a debug message
2026-04-21 14:08:28,994 - performance_logger - DEBUG - This is a debug message
2026-04-21 14:08:28,999 - performance_logger - DEBUG - This is a debug message
2026-04-21 14:08:29,002 - performance_logger - DEBUG - This is a debug message
2026-04-21 14:08:29,006 - performance_logger - DEBUG - This is a debug message
2026-04-21 14:08:29,009 - performance_logger - DEBUG - This is a debug message
2026-04-21 14:08:29,010 - performance_logger - DEBUG - This is a debug message
2026-04-21 14:08:29,012 - performance_logger - DEBUG - This is a debug message
2026-04-21 14:08:29,016 - performance_logger - DEBUG - This is a debug message
2026-04-21 14:08:29,022 - performance_logger - DEBUG - This is a debug message
2026-04-21 14:08:29,023 - performance_logger - DEBUG - This is a debug message
2026-04-21 14:08:29,024 - performance_logger - DEBUG - This is a debug message
2026-04-21 14:08:29,025 - performance_logger - DEBUG - This is a debug message
2026-04-21 14:08:29,029 - performance_logger - DEBUG - This is a debug message
2026-04-21 14:08:29,031 - performance_logger - DEBUG - This is a debug message
2026-04-21 14:08:29,036 - performance_logger - DEBUG - This is a debug message
2026-04-21 14:08:29,037 - performance_logger - DEBUG - This is a debug message
2026-04-21 14:08:29,039 - performance_logger - DEBUG - This is a debug message
2026-04-21 14:08:29,042 - performance_logger - DEBUG - This is a debug message
2026-04-21 14:08:29,045 - performance_logger - DEBUG - This is a debug message
2026-04-21 14:08:29,047 - performance_logger - DEBUG - This is a debug message
2026-04-21 14:08:29,049 - performance_logger - DEBUG - This is a debug message
2026-04-21 14:08:29,052 - performance_logger - DEBUG - This is a debug message
2026-04-21 14:08:29,057 - performance_logger - DEBUG - This is a debug message
2026-04-21 14:08:29,058 - performance_logger - DEBUG - This is a debug message
2026-04-21 14:08:29,059 - performance_logger - DEBUG - This is a debug message
2026-04-21 14:08:29,061 - performance_logger - DEBUG - This is a debug message
2026-04-21 14:08:29,062 - performance_logger - DEBUG - This is a debug message
2026-04-21 14:08:29,063 - performance_logger - DEBUG - This is a debug message
2026-04-21 14:08:29,064 - performance_logger - DEBUG - This is a debug message
2026-04-21 14:08:29,065 - performance_logger - DEBUG - This is a debug message
2026-04-21 14:08:29,066 - performance_logger - DEBUG - This is a debug message
2026-04-21 14:08:29,068 - performance_logger - DEBUG - This is a debug message
2026-04-21 14:08:29,069 - performance_logger - DEBUG - This is a debug message
2026-04-21 14:08:29,071 - performance_logger - DEBUG - This is a debug message
2026-04-21 14:08:29,073 - performance_logger - DEBUG - This is a debug message
2026-04-21 14:08:29,074 - performance_logger - DEBUG - This is a debug message
2026-04-21 14:08:29,075 - performance_logger - DEBUG - This is a debug message
2026-04-21 14:08:29,076 - performance_logger - DEBUG - This is a debug message
2026-04-21 14:08:29,077 - performance_logger - DEBUG - This is a debug message
2026-04-21 14:08:29,078 - performance_logger - DEBUG - This is a debug message
2026-04-21 14:08:29,079 - performance_logger - DEBUG - This is a debug message
2026-04-21 14:08:29,081 - performance_logger - DEBUG - This is a debug message
2026-04-21 14:08:29,085 - performance_logger - DEBUG - This is a debug message
2026-04-21 14:08:29,086 - performance_logger - DEBUG - This is a debug message
2026-04-21 14:08:29,087 - performance_logger - DEBUG - This is a debug message
2026-04-21 14:08:29,095 - performance_logger - DEBUG - This is a debug message
2026-04-21 14:08:29,104 - performance_logger - DEBUG - This is a debug message
2026-04-21 14:08:29,120 - performance_logger - DEBUG - This is a debug message
2026-04-21 14:08:29,121 - performance_logger - DEBUG - This is a debug message
2026-04-21 14:08:29,124 - performance_logger - DEBUG - This is a debug message
2026-04-21 14:08:29,131 - performance_logger - DEBUG - This is a debug message
2026-04-21 14:08:29,135 - performance_logger - DEBUG - This is a debug message
2026-04-21 14:08:29,139 - performance_logger - DEBUG - This is a debug message
2026-04-21 14:08:29,143 - performance_logger - DEBUG - This is a debug message
2026-04-21 14:08:29,145 - performance_logger - DEBUG - This is a debug message
2026-04-21 14:08:29,152 - performance_logger - DEBUG - This is a debug message
2026-04-21 14:08:29,154 - performance_logger - DEBUG - This is a debug message
2026-04-21 14:08:29,160 - performance_logger - DEBUG - This is a debug message
2026-04-21 14:08:29,162 - performance_logger - DEBUG - This is a debug message
2026-04-21 14:08:29,165 - performance_logger - DEBUG - This is a debug message
2026-04-21 14:08:29,166 - performance_logger - DEBUG - This is a debug message
2026-04-21 14:08:29,171 - performance_logger - DEBUG - This is a debug message
2026-04-21 14:08:29,176 - performance_logger - DEBUG - This is a debug message
2026-04-21 14:08:29,180 - performance_logger - DEBUG - This is a debug message
2026-04-21 14:08:29,188 - performance_logger - DEBUG - This is a debug message
2026-04-21 14:08:29,194 - performance_logger - DEBUG - This is a debug message
2026-04-21 14:08:29,196 - performance_logger - DEBUG - This is a debug message
2026-04-21 14:08:29,205 - performance_logger - DEBUG - This is a debug message
2026-04-21 14:08:29,207 - performance_logger - DEBUG - This is a debug message
2026-04-21 14:08:29,213 - performance_logger - DEBUG - This is a debug message
2026-04-21 14:08:29,220 - performance_logger - DEBUG - This is a debug message
2026-04-21 14:08:29,222 - performance_logger - DEBUG - This is a debug message
2026-04-21 14:08:29,229 - performance_logger - DEBUG - This is a debug message
2026-04-21 14:08:29,232 - performance_logger - DEBUG - This is a debug message
2026-04-21 14:08:29,236 - performance_logger - DEBUG - This is a debug message
2026-04-21 14:08:29,237 - performance_logger - DEBUG - This is a debug message
2026-04-21 14:08:29,244 - performance_logger - DEBUG - This is a debug message
2026-04-21 14:08:29,247 - performance_logger - DEBUG - This is a debug message
2026-04-21 14:08:29,251 - performance_logger - DEBUG - This is a debug message
2026-04-21 14:08:29,253 - performance_logger - DEBUG - This is a debug message
2026-04-21 14:08:29,257 - performance_logger - DEBUG - This is a debug message
2026-04-21 14:08:29,258 - performance_logger - DEBUG - This is a debug message
2026-04-21 14:08:29,259 - performance_logger - DEBUG - This is a debug message
2026-04-21 14:08:29,261 - performance_logger - DEBUG - This is a debug message
2026-04-21 14:08:29,262 - performance_logger - DEBUG - This is a debug message
2026-04-21 14:08:29,263 - performance_logger - DEBUG - This is a debug message
2026-04-21 14:08:29,264 - performance_logger - DEBUG - This is a debug message
2026-04-21 14:08:29,269 - performance_logger - DEBUG - This is a debug message
2026-04-21 14:08:29,271 - performance_logger - DEBUG - This is a debug message
2026-04-21 14:08:29,274 - performance_logger - DEBUG - This is a debug message
2026-04-21 14:08:29,278 - performance_logger - DEBUG - This is a debug message
2026-04-21 14:08:29,281 - performance_logger - DEBUG - This is a debug message
2026-04-21 14:08:29,285 - performance_logger - DEBUG - This is a debug message
2026-04-21 14:08:29,288 - performance_logger - DEBUG - This is a debug message
2026-04-21 14:08:29,290 - performance_logger - DEBUG - This is a debug message
2026-04-21 14:08:29,293 - performance_logger - DEBUG - This is a debug message
2026-04-21 14:08:29,295 - performance_logger - DEBUG - This is a debug message
2026-04-21 14:08:29,296 - performance_logger - DEBUG - This is a debug message
2026-04-21 14:08:29,298 - performance_logger - DEBUG - This is a debug message
2026-04-21 14:08:29,305 - performance_logger - DEBUG - This is a debug message
2026-04-21 14:08:29,308 - performance_logger - DEBUG - This is a debug message
2026-04-21 14:08:29,313 - performance_logger - DEBUG - This is a debug message
2026-04-21 14:08:29,314 - performance_logger - DEBUG - This is a debug message
2026-04-21 14:08:29,316 - performance_logger - DEBUG - This is a debug message
2026-04-21 14:08:29,321 - performance_logger - DEBUG - This is a debug message
2026-04-21 14:08:29,323 - performance_logger - DEBUG - This is a debug message
2026-04-21 14:08:29,327 - performance_logger - DEBUG - This is a debug message
2026-04-21 14:08:29,329 - performance_logger - DEBUG - This is a debug message
2026-04-21 14:08:29,330 - performance_logger - DEBUG - This is a debug message
2026-04-21 14:08:29,336 - performance_logger - DEBUG - This is a debug message
2026-04-21 14:08:29,338 - performance_logger - DEBUG - This is a debug message
2026-04-21 14:08:29,340 - performance_logger - DEBUG - This is a debug message
2026-04-21 14:08:29,344 - performance_logger - DEBUG - This is a debug message
2026-04-21 14:08:29,345 - performance_logger - DEBUG - This is a debug message
2026-04-21 14:08:29,346 - performance_logger - DEBUG - This is a debug message
2026-04-21 14:08:29,353 - performance_logger - DEBUG - This is a debug message
2026-04-21 14:08:29,354 - performance_logger - DEBUG - This is a debug message
2026-04-21 14:08:29,356 - performance_logger - DEBUG - This is a debug message
2026-04-21 14:08:29,361 - performance_logger - DEBUG - This is a debug message
2026-04-21 14:08:29,365 - performance_logger - DEBUG - This is a debug message
2026-04-21 14:08:29,368 - performance_logger - DEBUG - This is a debug message
2026-04-21 14:08:29,373 - performance_logger - DEBUG - This is a debug message
2026-04-21 14:08:29,378 - performance_logger - DEBUG - This is a debug message
2026-04-21 14:08:29,381 - performance_logger - DEBUG - This is a debug message
2026-04-21 14:08:29,386 - performance_logger - DEBUG - This is a debug message
2026-04-21 14:08:29,388 - performance_logger - DEBUG - This is a debug message
2026-04-21 14:08:29,393 - performance_logger - DEBUG - This is a debug message
2026-04-21 14:08:29,399 - performance_logger - DEBUG - This is a debug message
2026-04-21 14:08:29,406 - performance_logger - DEBUG - This is a debug message
2026-04-21 14:08:29,412 - performance_logger - DEBUG - This is a debug message
2026-04-21 14:08:29,419 - performance_logger - DEBUG - This is a debug message
2026-04-21 14:08:29,423 - performance_logger - DEBUG - This is a debug message
2026-04-21 14:08:29,424 - performance_logger - DEBUG - This is a debug message
2026-04-21 14:08:29,425 - performance_logger - DEBUG - This is a debug message
2026-04-21 14:08:29,429 - performance_logger - DEBUG - This is a debug message
2026-04-21 14:08:29,430 - performance_logger - DEBUG - This is a debug message
2026-04-21 14:08:29,431 - performance_logger - DEBUG - This is a debug message
2026-04-21 14:08:29,439 - performance_logger - DEBUG - This is a debug message
2026-04-21 14:08:29,442 - performance_logger - DEBUG - This is a debug message
2026-04-21 14:08:29,447 - performance_logger - DEBUG - This is a debug message
2026-04-21 14:08:29,449 - performance_logger - DEBUG - This is a debug message
2026-04-21 14:08:29,451 - performance_logger - DEBUG - This is a debug message
2026-04-21 14:08:29,452 - performance_logger - DEBUG - This is a debug message
2026-04-21 14:08:29,455 - performance_logger - DEBUG - This is a debug message
2026-04-21 14:08:29,456 - performance_logger - DEBUG - This is a debug message
2026-04-21 14:08:29,456 - performance_logger - DEBUG - This is a debug message
2026-04-21 14:08:29,458 - performance_logger - DEBUG - This is a debug message
2026-04-21 14:08:29,459 - performance_logger - DEBUG - This is a debug message
2026-04-21 14:08:29,461 - performance_logger - DEBUG - This is a debug message
2026-04-21 14:08:29,463 - performance_logger - DEBUG - This is a debug message
2026-04-21 14:08:29,464 - performance_logger - DEBUG - This is a debug message
2026-04-21 14:08:29,465 - performance_logger - DEBUG - This is a debug message
2026-04-21 14:08:29,466 - performance_logger - DEBUG - This is a debug message
2026-04-21 14:08:29,467 - performance_logger - DEBUG - This is a debug message
2026-04-21 14:08:29,467 - performance_logger - DEBUG - This is a debug message
2026-04-21 14:08:29,469 - performance_logger - DEBUG - This is a debug message
2026-04-21 14:08:29,470 - performance_logger - DEBUG - This is a debug message
2026-04-21 14:08:29,473 - performance_logger - DEBUG - This is a debug message
2026-04-21 14:08:29,476 - performance_logger - DEBUG - This is a debug message
2026-04-21 14:08:29,477 - performance_logger - DEBUG - This is a debug message
2026-04-21 14:08:29,479 - performance_logger - DEBUG - This is a debug message
2026-04-21 14:08:29,480 - performance_logger - DEBUG - This is a debug message
2026-04-21 14:08:29,481 - performance_logger - DEBUG - This is a debug message
2026-04-21 14:08:29,482 - performance_logger - DEBUG - This is a debug message
2026-04-21 14:08:29,483 - performance_logger - DEBUG - This is a debug message
2026-04-21 14:08:29,484 - performance_logger - DEBUG - This is a debug message
2026-04-21 14:08:29,485 - performance_logger - DEBUG - This is a debug message
2026-04-21 14:08:29,486 - performance_logger - DEBUG - This is a debug message
2026-04-21 14:08:29,487 - performance_logger - DEBUG - This is a debug message
2026-04-21 14:08:29,487 - performance_logger - DEBUG - This is a debug message
2026-04-21 14:08:29,488 - performance_logger - DEBUG - This is a debug message
2026-04-21 14:08:29,490 - performance_logger - DEBUG - This is a debug message
2026-04-21 14:08:29,498 - performance_logger - DEBUG - This is a debug message
2026-04-21 14:08:29,503 - performance_logger - DEBUG - This is a debug message
2026-04-21 14:08:29,504 - performance_logger - DEBUG - This is a debug message
2026-04-21 14:08:29,514 - performance_logger - DEBUG - This is a debug message
2026-04-21 14:08:29,516 - performance_logger - DEBUG - This is a debug message
2026-04-21 14:08:29,525 - performance_logger - DEBUG - This is a debug message
2026-04-21 14:08:29,527 - performance_logger - DEBUG - This is a debug message
2026-04-21 14:08:29,530 - performance_logger - DEBUG - This is a debug message
2026-04-21 14:08:29,531 - performance_logger - DEBUG - This is a debug message
2026-04-21 14:08:29,537 - performance_logger - DEBUG - This is a debug message
2026-04-21 14:08:29,539 - performance_logger - DEBUG - This is a debug message
2026-04-21 14:08:29,546 - performance_logger - DEBUG - This is a debug message
2026-04-21 14:08:29,547 - performance_logger - DEBUG - This is a debug message
2026-04-21 14:08:29,553 - performance_logger - DEBUG - This is a debug message
2026-04-21 14:08:29,555 - performance_logger - DEBUG - This is a debug message
2026-04-21 14:08:29,563 - performance_logger - DEBUG - This is a debug message
2026-04-21 14:08:29,566 - performance_logger - DEBUG - This is a debug message
2026-04-21 14:08:29,572 - performance_logger - DEBUG - This is a debug message
2026-04-21 14:08:29,575 - performance_logger - DEBUG - This is a debug message
2026-04-21 14:08:29,585 - performance_logger - DEBUG - This is a debug message
2026-04-21 14:08:29,591 - performance_logger - DEBUG - This is a debug message
2026-04-21 14:08:29,596 - performance_logger - DEBUG - This is a debug message
2026-04-21 14:08:29,603 - performance_logger - DEBUG - This is a debug message
2026-04-21 14:08:29,605 - performance_logger - DEBUG - This is a debug message
2026-04-21 14:08:29,607 - performance_logger - DEBUG - This is a debug message
2026-04-21 14:08:29,623 - performance_logger - DEBUG - This is a debug message
2026-04-21 14:08:29,626 - performance_logger - DEBUG - This is a debug message
2026-04-21 14:08:29,632 - performance_logger - DEBUG - This is a debug message
2026-04-21 14:08:29,638 - performance_logger - DEBUG - This is a debug message
2026-04-21 14:08:29,639 - performance_logger - DEBUG - This is a debug message
2026-04-21 14:08:29,646 - performance_logger - DEBUG - This is a debug message
2026-04-21 14:08:29,649 - performance_logger - DEBUG - This is a debug message
2026-04-21 14:08:29,655 - performance_logger - DEBUG - This is a debug message
2026-04-21 14:08:29,663 - performance_logger - DEBUG - This is a debug message
2026-04-21 14:08:29,666 - performance_logger - DEBUG - This is a debug message
2026-04-21 14:08:29,667 - performance_logger - DEBUG - This is a debug message
2026-04-21 14:08:29,670 - performance_logger - DEBUG - This is a debug message
2026-04-21 14:08:29,676 - performance_logger - DEBUG - This is a debug message
2026-04-21 14:08:29,680 - performance_logger - DEBUG - This is a debug message
2026-04-21 14:08:29,687 - performance_logger - DEBUG - This is a debug message
2026-04-21 14:08:29,690 - performance_logger - DEBUG - This is a debug message
2026-04-21 14:08:29,692 - performance_logger - DEBUG - This is a debug message
2026-04-21 14:08:29,699 - performance_logger - DEBUG - This is a debug message
2026-04-21 14:08:29,704 - performance_logger - DEBUG - This is a debug message
2026-04-21 14:08:29,705 - performance_logger - DEBUG - This is a debug message
2026-04-21 14:08:29,708 - performance_logger - DEBUG - This is a debug message
2026-04-21 14:08:29,713 - performance_logger - DEBUG - This is a debug message
2026-04-21 14:08:29,722 - performance_logger - DEBUG - This is a debug message
2026-04-21 14:08:29,724 - performance_logger - DEBUG - This is a debug message
2026-04-21 14:08:29,726 - performance_logger - DEBUG - This is a debug message
2026-04-21 14:08:29,732 - performance_logger - DEBUG - This is a debug message
2026-04-21 14:08:29,735 - performance_logger - DEBUG - This is a debug message
2026-04-21 14:08:29,744 - performance_logger - DEBUG - This is a debug message
2026-04-21 14:08:29,745 - performance_logger - DEBUG - This is a debug message
2026-04-21 14:08:29,755 - performance_logger - DEBUG - This is a debug message
2026-04-21 14:08:29,759 - performance_logger - DEBUG - This is a debug message
2026-04-21 14:08:29,764 - performance_logger - DEBUG - This is a debug message
2026-04-21 14:08:29,768 - performance_logger - DEBUG - This is a debug message
2026-04-21 14:08:29,772 - performance_logger - DEBUG - This is a debug message
2026-04-21 14:08:29,778 - performance_logger - DEBUG - This is a debug message
2026-04-21 14:08:29,781 - performance_logger - DEBUG - This is a debug message
2026-04-21 14:08:29,787 - performance_logger - DEBUG - This is a debug message
2026-04-21 14:08:29,790 - performance_logger - DEBUG - This is a debug message
2026-04-21 14:08:29,793 - performance_logger - DEBUG - This is a debug message
2026-04-21 14:08:29,795 - performance_logger - DEBUG - This is a debug message
2026-04-21 14:08:29,796 - performance_logger - DEBUG - This is a debug message
2026-04-21 14:08:29,801 - performance_logger - DEBUG - This is a debug message
2026-04-21 14:08:29,802 - performance_logger - DEBUG - This is a debug message
2026-04-21 14:08:29,805 - performance_logger - DEBUG - This is a debug message
2026-04-21 14:08:29,808 - performance_logger - DEBUG - This is a debug message
2026-04-21 14:08:29,809 - performance_logger - DEBUG - This is a debug message
2026-04-21 14:08:29,809 - performance_logger - DEBUG - This is a debug message
2026-04-21 14:08:29,811 - performance_logger - DEBUG - This is a debug message
2026-04-21 14:08:29,812 - performance_logger - DEBUG - This is a debug message
2026-04-21 14:08:29,812 - performance_logger - DEBUG - This is a debug message
2026-04-21 14:08:29,818 - performance_logger - DEBUG - This is a debug message
2026-04-21 14:08:29,820 - performance_logger - DEBUG - This is a debug message
2026-04-21 14:08:29,824 - performance_logger - DEBUG - This is a debug message
2026-04-21 14:08:29,825 - performance_logger - DEBUG - This is a debug message
2026-04-21 14:08:29,827 - performance_logger - DEBUG - This is a debug message
2026-04-21 14:08:29,828 - performance_logger - DEBUG - This is a debug message
2026-04-21 14:08:29,829 - performance_logger - DEBUG - This is a debug message
2026-04-21 14:08:29,832 - performance_logger - DEBUG - This is a debug message
2026-04-21 14:08:29,836 - performance_logger - DEBUG - This is a debug message
2026-04-21 14:08:29,840 - performance_logger - DEBUG - This is a debug message
2026-04-21 14:08:29,842 - performance_logger - DEBUG - This is a debug message
2026-04-21 14:08:29,843 - performance_logger - DEBUG - This is a debug message
2026-04-21 14:08:29,844 - performance_logger - DEBUG - This is a debug message
2026-04-21 14:08:29,845 - performance_logger - DEBUG - This is a debug message
2026-04-21 14:08:29,850 - performance_logger - DEBUG - This is a debug message
2026-04-21 14:08:29,853 - performance_logger - DEBUG - This is a debug message
2026-04-21 14:08:29,855 - performance_logger - DEBUG - This is a debug message
2026-04-21 14:08:29,864 - performance_logger - DEBUG - This is a debug message
2026-04-21 14:08:29,872 - performance_logger - DEBUG - This is a debug message
2026-04-21 14:08:29,880 - performance_logger - DEBUG - This is a debug message
2026-04-21 14:08:29,883 - performance_logger - DEBUG - This is a debug message
2026-04-21 14:08:29,892 - performance_logger - DEBUG - This is a debug message
2026-04-21 14:08:29,893 - performance_logger - DEBUG - This is a debug message
2026-04-21 14:08:29,897 - performance_logger - DEBUG - This is a debug message
2026-04-21 14:08:29,904 - performance_logger - DEBUG - This is a debug message
2026-04-21 14:08:29,913 - performance_logger - DEBUG - This is a debug message
2026-04-21 14:08:29,915 - performance_logger - DEBUG - This is a debug message
2026-04-21 14:08:29,921 - performance_logger - DEBUG - This is a debug message
2026-04-21 14:08:29,932 - performance_logger - DEBUG - This is a debug message
2026-04-21 14:08:29,940 - performance_logger - DEBUG - This is a debug message
2026-04-21 14:08:29,942 - performance_logger - DEBUG - This is a debug message
2026-04-21 14:08:29,948 - performance_logger - DEBUG - This is a debug message
2026-04-21 14:08:29,950 - performance_logger - DEBUG - This is a debug message
2026-04-21 14:08:29,951 - performance_logger - DEBUG - This is a debug message
2026-04-21 14:08:29,962 - performance_logger - DEBUG - This is a debug message
2026-04-21 14:08:29,966 - performance_logger - DEBUG - This is a debug message
2026-04-21 14:08:29,971 - performance_logger - DEBUG - This is a debug message
2026-04-21 14:08:29,973 - performance_logger - DEBUG - This is a debug message
2026-04-21 14:08:29,982 - performance_logger - DEBUG - This is a debug message
2026-04-21 14:08:29,987 - performance_logger - DEBUG - This is a debug message
2026-04-21 14:08:29,988 - performance_logger - DEBUG - This is a debug message
2026-04-21 14:08:29,989 - performance_logger - DEBUG - This is a debug message
2026-04-21 14:08:29,992 - performance_logger - DEBUG - This is a debug message
2026-04-21 14:08:29,993 - performance_logger - DEBUG - This is a debug message
2026-04-21 14:08:29,994 - performance_logger - DEBUG - This is a debug message
2026-04-21 14:08:29,996 - performance_logger - DEBUG - This is a debug message
2026-04-21 14:08:29,997 - performance_logger - DEBUG - This is a debug message
2026-04-21 14:08:29,998 - performance_logger - DEBUG - This is a debug message
2026-04-21 14:08:29,998 - performance_logger - DEBUG - This is a debug message
2026-04-21 14:08:29,999 - performance_logger - DEBUG - This is a debug message
2026-04-21 14:08:30,001 - performance_logger - DEBUG - This is a debug message
2026-04-21 14:08:30,001 - performance_logger - DEBUG - This is a debug message
2026-04-21 14:08:30,006 - performance_logger - DEBUG - This is a debug message
2026-04-21 14:08:30,008 - performance_logger - DEBUG - This is a debug message
2026-04-21 14:08:30,009 - performance_logger - DEBUG - This is a debug message
2026-04-21 14:08:30,010 - performance_logger - DEBUG - This is a debug message
2026-04-21 14:08:30,011 - performance_logger - DEBUG - This is a debug message
2026-04-21 14:08:30,012 - performance_logger - DEBUG - This is a debug message
2026-04-21 14:08:30,013 - performance_logger - DEBUG - This is a debug message
2026-04-21 14:08:30,020 - performance_logger - DEBUG - This is a debug message
2026-04-21 14:08:30,021 - performance_logger - DEBUG - This is a debug message
2026-04-21 14:08:30,022 - performance_logger - DEBUG - This is a debug message
2026-04-21 14:08:30,025 - performance_logger - DEBUG - This is a debug message
2026-04-21 14:08:30,026 - performance_logger - DEBUG - This is a debug message
2026-04-21 14:08:30,027 - performance_logger - DEBUG - This is a debug message
2026-04-21 14:08:30,028 - performance_logger - DEBUG - This is a debug message
2026-04-21 14:08:30,032 - performance_logger - DEBUG - This is a debug message
2026-04-21 14:08:30,033 - performance_logger - DEBUG - This is a debug message
2026-04-21 14:08:30,034 - performance_logger - DEBUG - This is a debug message
2026-04-21 14:08:30,035 - performance_logger - DEBUG - This is a debug message
2026-04-21 14:08:30,036 - performance_logger - DEBUG - This is a debug message
2026-04-21 14:08:30,037 - performance_logger - DEBUG - This is a debug message
2026-04-21 14:08:30,038 - performance_logger - DEBUG - This is a debug message
2026-04-21 14:08:30,039 - performance_logger - DEBUG - This is a debug message
2026-04-21 14:08:30,040 - performance_logger - DEBUG - This is a debug message
2026-04-21 14:08:30,041 - performance_logger - DEBUG - This is a debug message
2026-04-21 14:08:30,042 - performance_logger - DEBUG - This is a debug message
2026-04-21 14:08:30,043 - performance_logger - DEBUG - This is a debug message
2026-04-21 14:08:30,044 - performance_logger - DEBUG - This is a debug message
2026-04-21 14:08:30,045 - performance_logger - DEBUG - This is a debug message
2026-04-21 14:08:30,047 - performance_logger - DEBUG - This is a debug message
2026-04-21 14:08:30,048 - performance_logger - DEBUG - This is a debug message
2026-04-21 14:08:30,049 - performance_logger - DEBUG - This is a debug message
2026-04-21 14:08:30,054 - performance_logger - DEBUG - This is a debug message
2026-04-21 14:08:30,055 - performance_logger - DEBUG - This is a debug message
2026-04-21 14:08:30,057 - performance_logger - DEBUG - This is a debug message
2026-04-21 14:08:30,060 - performance_logger - DEBUG - This is a debug message
2026-04-21 14:08:30,062 - performance_logger - DEBUG - This is a debug message
2026-04-21 14:08:30,063 - performance_logger - DEBUG - This is a debug message
2026-04-21 14:08:30,064 - performance_logger - DEBUG - This is a debug message
2026-04-21 14:08:30,065 - performance_logger - DEBUG - This is a debug message
2026-04-21 14:08:30,066 - performance_logger - DEBUG - This is a debug message
2026-04-21 14:08:30,067 - performance_logger - DEBUG - This is a debug message
2026-04-21 14:08:30,068 - performance_logger - DEBUG - This is a debug message
2026-04-21 14:08:30,069 - performance_logger - DEBUG - This is a debug message
2026-04-21 14:08:30,071 - performance_logger - DEBUG - This is a debug message
2026-04-21 14:08:30,074 - performance_logger - DEBUG - This is a debug message
2026-04-21 14:08:30,076 - performance_logger - DEBUG - This is a debug message
2026-04-21 14:08:30,077 - performance_logger - DEBUG - This is a debug message
2026-04-21 14:08:30,077 - performance_logger - DEBUG - This is a debug message
2026-04-21 14:08:30,079 - performance_logger - DEBUG - This is a debug message
2026-04-21 14:08:30,079 - performance_logger - DEBUG - This is a debug message
2026-04-21 14:08:30,081 - performance_logger - DEBUG - This is a debug message
2026-04-21 14:08:30,082 - performance_logger - DEBUG - This is a debug message
2026-04-21 14:08:30,083 - performance_logger - DEBUG - This is a debug message
2026-04-21 14:08:30,084 - performance_logger - DEBUG - This is a debug message
2026-04-21 14:08:30,085 - performance_logger - DEBUG - This is a debug message
2026-04-21 14:08:30,086 - performance_logger - DEBUG - This is a debug message
2026-04-21 14:08:30,087 - performance_logger - DEBUG - This is a debug message
2026-04-21 14:08:30,088 - performance_logger - DEBUG - This is a debug message
2026-04-21 14:08:30,090 - performance_logger - DEBUG - This is a debug message
2026-04-21 14:08:30,093 - performance_logger - DEBUG - This is a debug message
2026-04-21 14:08:30,095 - performance_logger - DEBUG - This is a debug message
2026-04-21 14:08:30,095 - performance_logger - DEBUG - This is a debug message
2026-04-21 14:08:30,097 - performance_logger - DEBUG - This is a debug message
2026-04-21 14:08:30,098 - performance_logger - DEBUG - This is a debug message
2026-04-21 14:08:30,099 - performance_logger - DEBUG - This is a debug message
2026-04-21 14:08:30,100 - performance_logger - DEBUG - This is a debug message
2026-04-21 14:08:30,101 - performance_logger - DEBUG - This is a debug message
2026-04-21 14:08:30,102 - performance_logger - DEBUG - This is a debug message
2026-04-21 14:08:30,106 - performance_logger - DEBUG - This is a debug message
2026-04-21 14:08:30,108 - performance_logger - DEBUG - This is a debug message
2026-04-21 14:08:30,111 - performance_logger - DEBUG - This is a debug message
2026-04-21 14:08:30,114 - performance_logger - DEBUG - This is a debug message
2026-04-21 14:08:30,115 - performance_logger - DEBUG - This is a debug message
2026-04-21 14:08:30,116 - performance_logger - DEBUG - This is a debug message
2026-04-21 14:08:30,118 - performance_logger - DEBUG - This is a debug message
2026-04-21 14:08:30,119 - performance_logger - DEBUG - This is a debug message
2026-04-21 14:08:30,120 - performance_logger - DEBUG - This is a debug message
2026-04-21 14:08:30,120 - performance_logger - DEBUG - This is a debug message
2026-04-21 14:08:30,122 - performance_logger - DEBUG - This is a debug message
2026-04-21 14:08:30,122 - performance_logger - DEBUG - This is a debug message
2026-04-21 14:08:30,123 - performance_logger - DEBUG - This is a debug message
2026-04-21 14:08:30,124 - performance_logger - DEBUG - This is a debug message
2026-04-21 14:08:30,125 - performance_logger - DEBUG - This is a debug message
2026-04-21 14:08:30,127 - performance_logger - DEBUG - This is a debug message
2026-04-21 14:08:30,128 - performance_logger - DEBUG - This is a debug message
2026-04-21 14:08:30,128 - performance_logger - DEBUG - This is a debug message
2026-04-21 14:08:30,129 - performance_logger - DEBUG - This is a debug message
2026-04-21 14:08:30,134 - performance_logger - DEBUG - This is a debug message
2026-04-21 14:08:30,135 - performance_logger - DEBUG - This is a debug message
2026-04-21 14:08:30,136 - performance_logger - DEBUG - This is a debug message
2026-04-21 14:08:30,138 - performance_logger - DEBUG - This is a debug message
2026-04-21 14:08:30,139 - performance_logger - DEBUG - This is a debug message
2026-04-21 14:08:30,140 - performance_logger - DEBUG - This is a debug message
2026-04-21 14:08:30,142 - performance_logger - DEBUG - This is a debug message
2026-04-21 14:08:30,142 - performance_logger - DEBUG - This is a debug message
2026-04-21 14:08:30,143 - performance_logger - DEBUG - This is a debug message
2026-04-21 14:08:30,144 - performance_logger - DEBUG - This is a debug message
2026-04-21 14:08:30,145 - performance_logger - DEBUG - This is a debug message
2026-04-21 14:08:30,150 - performance_logger - DEBUG - This is a debug message
2026-04-21 14:08:30,150 - performance_logger - DEBUG - This is a debug message
2026-04-21 14:08:30,152 - performance_logger - DEBUG - This is a debug message
2026-04-21 14:08:30,152 - performance_logger - DEBUG - This is a debug message
2026-04-21 14:08:30,153 - performance_logger - DEBUG - This is a debug message
2026-04-21 14:08:30,155 - performance_logger - DEBUG - This is a debug message
2026-04-21 14:08:30,155 - performance_logger - DEBUG - This is a debug message
2026-04-21 14:08:30,156 - performance_logger - DEBUG - This is a debug message
2026-04-21 14:08:30,157 - performance_logger - DEBUG - This is a debug message
2026-04-21 14:08:30,158 - performance_logger - DEBUG - This is a debug message
2026-04-21 14:08:30,159 - performance_logger - DEBUG - This is a debug message
2026-04-21 14:08:30,160 - performance_logger - DEBUG - This is a debug message
2026-04-21 14:08:30,161 - performance_logger - DEBUG - This is a debug message
2026-04-21 14:08:30,162 - performance_logger - DEBUG - This is a debug message
2026-04-21 14:08:30,163 - performance_logger - DEBUG - This is a debug message
2026-04-21 14:08:30,164 - performance_logger - DEBUG - This is a debug message
2026-04-21 14:08:30,165 - performance_logger - DEBUG - This is a debug message
2026-04-21 14:08:30,166 - performance_logger - DEBUG - This is a debug message
2026-04-21 14:08:30,167 - performance_logger - DEBUG - This is a debug message
2026-04-21 14:08:30,167 - performance_logger - DEBUG - This is a debug message
2026-04-21 14:08:30,169 - performance_logger - DEBUG - This is a debug message
2026-04-21 14:08:30,169 - performance_logger - DEBUG - This is a debug message
2026-04-21 14:08:30,170 - performance_logger - DEBUG - This is a debug message
2026-04-21 14:08:30,172 - performance_logger - DEBUG - This is a debug message
2026-04-21 14:08:30,172 - performance_logger - DEBUG - This is a debug message
2026-04-21 14:08:30,174 - performance_logger - DEBUG - This is a debug message
2026-04-21 14:08:30,178 - performance_logger - DEBUG - This is a debug message
2026-04-21 14:08:30,179 - performance_logger - DEBUG - This is a debug message
2026-04-21 14:08:30,182 - performance_logger - DEBUG - This is a debug message
2026-04-21 14:08:30,184 - performance_logger - DEBUG - This is a debug message
2026-04-21 14:08:30,185 - performance_logger - DEBUG - This is a debug message
2026-04-21 14:08:30,187 - performance_logger - DEBUG - This is a debug message
2026-04-21 14:08:30,188 - performance_logger - DEBUG - This is a debug message
2026-04-21 14:08:30,189 - performance_logger - DEBUG - This is a debug message
2026-04-21 14:08:30,191 - performance_logger - DEBUG - This is a debug message
2026-04-21 14:08:30,193 - performance_logger - DEBUG - This is a debug message
2026-04-21 14:08:30,194 - performance_logger - DEBUG - This is a debug message
2026-04-21 14:08:30,195 - performance_logger - DEBUG - This is a debug message
2026-04-21 14:08:30,196 - performance_logger - DEBUG - This is a debug message
2026-04-21 14:08:30,199 - performance_logger - DEBUG - This is a debug message
2026-04-21 14:08:30,200 - performance_logger - DEBUG - This is a debug message
2026-04-21 14:08:30,201 - performance_logger - DEBUG - This is a debug message
2026-04-21 14:08:30,202 - performance_logger - DEBUG - This is a debug message
2026-04-21 14:08:30,203 - performance_logger - DEBUG - This is a debug message
2026-04-21 14:08:30,204 - performance_logger - DEBUG - This is a debug message
2026-04-21 14:08:30,205 - performance_logger - DEBUG - This is a debug message
2026-04-21 14:08:30,206 - performance_logger - DEBUG - This is a debug message
2026-04-21 14:08:30,210 - performance_logger - DEBUG - This is a debug message
2026-04-21 14:08:30,214 - performance_logger - DEBUG - This is a debug message
2026-04-21 14:08:30,216 - performance_logger - DEBUG - This is a debug message
2026-04-21 14:08:30,219 - performance_logger - DEBUG - This is a debug message
2026-04-21 14:08:30,221 - performance_logger - DEBUG - This is a debug message
2026-04-21 14:08:30,227 - performance_logger - DEBUG - This is a debug message
2026-04-21 14:08:30,233 - performance_logger - DEBUG - This is a debug message
2026-04-21 14:08:30,234 - performance_logger - DEBUG - This is a debug message
2026-04-21 14:08:30,238 - performance_logger - DEBUG - This is a debug message
2026-04-21 14:08:30,239 - performance_logger - DEBUG - This is a debug message
2026-04-21 14:08:30,242 - performance_logger - DEBUG - This is a debug message
2026-04-21 14:08:30,246 - performance_logger - DEBUG - This is a debug message
2026-04-21 14:08:30,249 - performance_logger - DEBUG - This is a debug message
2026-04-21 14:08:30,253 - performance_logger - DEBUG - This is a debug message
2026-04-21 14:08:30,254 - performance_logger - DEBUG - This is a debug message
2026-04-21 14:08:30,261 - performance_logger - DEBUG - This is a debug message
2026-04-21 14:08:30,263 - performance_logger - DEBUG - This is a debug message
2026-04-21 14:08:30,266 - performance_logger - DEBUG - This is a debug message
2026-04-21 14:08:30,267 - performance_logger - DEBUG - This is a debug message
2026-04-21 14:08:30,272 - performance_logger - DEBUG - This is a debug message
2026-04-21 14:08:30,277 - performance_logger - DEBUG - This is a debug message
2026-04-21 14:08:30,282 - performance_logger - DEBUG - This is a debug message
2026-04-21 14:08:30,283 - performance_logger - DEBUG - This is a debug message
2026-04-21 14:08:30,284 - performance_logger - DEBUG - This is a debug message
2026-04-21 14:08:30,285 - performance_logger - DEBUG - This is a debug message
2026-04-21 14:08:30,286 - performance_logger - DEBUG - This is a debug message
2026-04-21 14:08:30,291 - performance_logger - DEBUG - This is a debug message
2026-04-21 14:08:30,295 - performance_logger - DEBUG - This is a debug message
2026-04-21 14:08:30,296 - performance_logger - DEBUG - This is a debug message
2026-04-21 14:08:30,300 - performance_logger - DEBUG - This is a debug message
2026-04-21 14:08:30,302 - performance_logger - DEBUG - This is a debug message
2026-04-21 14:08:30,312 - performance_logger - DEBUG - This is a debug message
2026-04-21 14:08:30,313 - performance_logger - DEBUG - This is a debug message
2026-04-21 14:08:30,314 - performance_logger - DEBUG - This is a debug message
2026-04-21 14:08:30,320 - performance_logger - DEBUG - This is a debug message
2026-04-21 14:08:30,322 - performance_logger - DEBUG - This is a debug message
2026-04-21 14:08:30,327 - performance_logger - DEBUG - This is a debug message
2026-04-21 14:08:30,329 - performance_logger - DEBUG - This is a debug message
2026-04-21 14:08:30,334 - performance_logger - DEBUG - This is a debug message
2026-04-21 14:08:30,335 - performance_logger - DEBUG - This is a debug message
2026-04-21 14:08:30,336 - performance_logger - DEBUG - This is a debug message
2026-04-21 14:08:30,343 - performance_logger - DEBUG - This is a debug message
2026-04-21 14:08:30,344 - performance_logger - DEBUG - This is a debug message
2026-04-21 14:08:30,348 - performance_logger - DEBUG - This is a debug message
2026-04-21 14:08:30,349 - performance_logger - DEBUG - This is a debug message
2026-04-21 14:08:30,350 - performance_logger - DEBUG - This is a debug message
2026-04-21 14:08:30,354 - performance_logger - DEBUG - This is a debug message
2026-04-21 14:08:30,357 - performance_logger - DEBUG - This is a debug message
2026-04-21 14:08:30,360 - performance_logger - DEBUG - This is a debug message
2026-04-21 14:08:30,364 - performance_logger - DEBUG - This is a debug message
2026-04-21 14:08:30,367 - performance_logger - DEBUG - This is a debug message
2026-04-21 14:08:30,374 - performance_logger - DEBUG - This is a debug message
2026-04-21 14:08:30,375 - performance_logger - DEBUG - This is a debug message
2026-04-21 14:08:30,378 - performance_logger - DEBUG - This is a debug message
2026-04-21 14:08:30,382 - performance_logger - DEBUG - This is a debug message
2026-04-21 14:08:30,386 - performance_logger - DEBUG - This is a debug message
2026-04-21 14:08:30,387 - performance_logger - DEBUG - This is a debug message
2026-04-21 14:08:30,389 - performance_logger - DEBUG - This is a debug message
2026-04-21 14:08:30,392 - performance_logger - DEBUG - This is a debug message
2026-04-21 14:08:30,395 - performance_logger - DEBUG - This is a debug message
2026-04-21 14:08:30,398 - performance_logger - DEBUG - This is a debug message
2026-04-21 14:08:30,399 - performance_logger - DEBUG - This is a debug message
2026-04-21 14:08:30,405 - performance_logger - DEBUG - This is a debug message
2026-04-21 14:08:30,406 - performance_logger - DEBUG - This is a debug message
2026-04-21 14:08:30,407 - performance_logger - DEBUG - This is a debug message
2026-04-21 14:08:30,408 - performance_logger - DEBUG - This is a debug message
2026-04-21 14:08:30,410 - performance_logger - DEBUG - This is a debug message
2026-04-21 14:08:30,418 - performance_logger - DEBUG - This is a debug message
2026-04-21 14:08:30,426 - performance_logger - DEBUG - This is a debug message
2026-04-21 14:08:30,435 - performance_logger - DEBUG - This is a debug message
2026-04-21 14:08:30,439 - performance_logger - DEBUG - This is a debug message
2026-04-21 14:08:30,440 - performance_logger - DEBUG - This is a debug message
2026-04-21 14:08:30,447 - performance_logger - DEBUG - This is a debug message
2026-04-21 14:08:30,454 - performance_logger - DEBUG - This is a debug message
2026-04-21 14:08:30,455 - performance_logger - DEBUG - This is a debug message
2026-04-21 14:08:30,459 - performance_logger - DEBUG - This is a debug message
2026-04-21 14:08:30,463 - performance_logger - DEBUG - This is a debug message
2026-04-21 14:08:30,472 - performance_logger - DEBUG - This is a debug message
2026-04-21 14:08:30,479 - performance_logger - DEBUG - This is a debug message
2026-04-21 14:08:30,480 - performance_logger - DEBUG - This is a debug message
2026-04-21 14:08:30,484 - performance_logger - DEBUG - This is a debug message
2026-04-21 14:08:30,491 - performance_logger - DEBUG - This is a debug message
2026-04-21 14:08:30,497 - performance_logger - DEBUG - This is a debug message
2026-04-21 14:08:30,508 - performance_logger - DEBUG - This is a debug message
2026-04-21 14:08:30,512 - performance_logger - DEBUG - This is a debug message
2026-04-21 14:08:30,516 - performance_logger - DEBUG - This is a debug message
2026-04-21 14:08:30,520 - performance_logger - DEBUG - This is a debug message
2026-04-21 14:08:30,526 - performance_logger - DEBUG - This is a debug message
2026-04-21 14:08:30,534 - performance_logger - DEBUG - This is a debug message
2026-04-21 14:08:30,536 - performance_logger - DEBUG - This is a debug message
2026-04-21 14:08:30,540 - performance_logger - DEBUG - This is a debug message
2026-04-21 14:08:30,541 - performance_logger - DEBUG - This is a debug message
2026-04-21 14:08:30,542 - performance_logger - DEBUG - This is a debug message
2026-04-21 14:08:30,549 - performance_logger - DEBUG - This is a debug message
2026-04-21 14:08:30,551 - performance_logger - DEBUG - This is a debug message
2026-04-21 14:08:30,551 - performance_logger - DEBUG - This is a debug message
2026-04-21 14:08:30,554 - performance_logger - DEBUG - This is a debug message
2026-04-21 14:08:30,561 - performance_logger - DEBUG - This is a debug message
2026-04-21 14:08:30,565 - performance_logger - DEBUG - This is a debug message
2026-04-21 14:08:30,566 - performance_logger - DEBUG - This is a debug message
2026-04-21 14:08:30,567 - performance_logger - DEBUG - This is a debug message
2026-04-21 14:08:30,568 - performance_logger - DEBUG - This is a debug message
2026-04-21 14:08:30,569 - performance_logger - DEBUG - This is a debug message
2026-04-21 14:08:30,570 - performance_logger - DEBUG - This is a debug message
2026-04-21 14:08:30,571 - performance_logger - DEBUG - This is a debug message
2026-04-21 14:08:30,572 - performance_logger - DEBUG - This is a debug message
2026-04-21 14:08:30,573 - performance_logger - DEBUG - This is a debug message
2026-04-21 14:08:30,575 - performance_logger - DEBUG - This is a debug message
2026-04-21 14:08:30,576 - performance_logger - DEBUG - This is a debug message
2026-04-21 14:08:30,577 - performance_logger - DEBUG - This is a debug message
2026-04-21 14:08:30,578 - performance_logger - DEBUG - This is a debug message
2026-04-21 14:08:30,579 - performance_logger - DEBUG - This is a debug message
2026-04-21 14:08:30,580 - performance_logger - DEBUG - This is a debug message
2026-04-21 14:08:30,582 - performance_logger - DEBUG - This is a debug message
2026-04-21 14:08:30,583 - performance_logger - DEBUG - This is a debug message
2026-04-21 14:08:30,585 - performance_logger - DEBUG - This is a debug message
2026-04-21 14:08:30,586 - performance_logger - DEBUG - This is a debug message
2026-04-21 14:08:30,587 - performance_logger - DEBUG - This is a debug message
2026-04-21 14:08:30,588 - performance_logger - DEBUG - This is a debug message
2026-04-21 14:08:30,589 - performance_logger - DEBUG - This is a debug message
2026-04-21 14:08:30,591 - performance_logger - DEBUG - This is a debug message
2026-04-21 14:08:30,592 - performance_logger - DEBUG - This is a debug message
2026-04-21 14:08:30,593 - performance_logger - DEBUG - This is a debug message
2026-04-21 14:08:30,593 - performance_logger - DEBUG - This is a debug message
2026-04-21 14:08:30,595 - performance_logger - DEBUG - This is a debug message
2026-04-21 14:08:30,596 - performance_logger - DEBUG - This is a debug message
2026-04-21 14:08:30,598 - performance_logger - DEBUG - This is a debug message
2026-04-21 14:08:30,599 - performance_logger - DEBUG - This is a debug message
2026-04-21 14:08:30,600 - performance_logger - DEBUG - This is a debug message
2026-04-21 14:08:30,602 - performance_logger - DEBUG - This is a debug message
2026-04-21 14:08:30,603 - performance_logger - DEBUG - This is a debug message
2026-04-21 14:08:30,604 - performance_logger - DEBUG - This is a debug message
2026-04-21 14:08:30,605 - performance_logger - DEBUG - This is a debug message
2026-04-21 14:08:30,606 - performance_logger - DEBUG - This is a debug message
2026-04-21 14:08:30,607 - performance_logger - DEBUG - This is a debug message
2026-04-21 14:08:30,612 - performance_logger - DEBUG - This is a debug message
2026-04-21 14:08:30,616 - performance_logger - DEBUG - This is a debug message
2026-04-21 14:08:30,617 - performance_logger - DEBUG - This is a debug message
2026-04-21 14:08:30,619 - performance_logger - DEBUG - This is a debug message
2026-04-21 14:08:30,620 - performance_logger - DEBUG - This is a debug message
2026-04-21 14:08:30,621 - performance_logger - DEBUG - This is a debug message
2026-04-21 14:08:30,622 - performance_logger - DEBUG - This is a debug message
2026-04-21 14:08:30,622 - performance_logger - DEBUG - This is a debug message
2026-04-21 14:08:30,624 - performance_logger - DEBUG - This is a debug message
2026-04-21 14:08:30,625 - performance_logger - DEBUG - This is a debug message
2026-04-21 14:08:30,626 - performance_logger - DEBUG - This is a debug message
2026-04-21 14:08:30,627 - performance_logger - DEBUG - This is a debug message
2026-04-21 14:08:30,629 - performance_logger - DEBUG - This is a debug message
2026-04-21 14:08:30,629 - performance_logger - DEBUG - This is a debug message
2026-04-21 14:08:30,630 - performance_logger - DEBUG - This is a debug message
2026-04-21 14:08:30,631 - performance_logger - DEBUG - This is a debug message
2026-04-21 14:08:30,633 - performance_logger - DEBUG - This is a debug message
2026-04-21 14:08:30,634 - performance_logger - DEBUG - This is a debug message
2026-04-21 14:08:30,634 - performance_logger - DEBUG - This is a debug message
2026-04-21 14:08:30,636 - performance_logger - DEBUG - This is a debug message
2026-04-21 14:08:30,637 - performance_logger - DEBUG - This is a debug message
2026-04-21 14:08:30,638 - performance_logger - DEBUG - This is a debug message
2026-04-21 14:08:30,639 - performance_logger - DEBUG - This is a debug message
2026-04-21 14:08:30,644 - performance_logger - DEBUG - This is a debug message
2026-04-21 14:08:30,645 - performance_logger - DEBUG - This is a debug message
2026-04-21 14:08:30,646 - performance_logger - DEBUG - This is a debug message
2026-04-21 14:08:30,648 - performance_logger - DEBUG - This is a debug message
2026-04-21 14:08:30,649 - performance_logger - DEBUG - This is a debug message
2026-04-21 14:08:30,650 - performance_logger - DEBUG - This is a debug message
2026-04-21 14:08:30,653 - performance_logger - DEBUG - This is a debug message
2026-04-21 14:08:30,654 - performance_logger - DEBUG - This is a debug message
2026-04-21 14:08:30,657 - performance_logger - DEBUG - This is a debug message
2026-04-21 14:08:30,659 - performance_logger - DEBUG - This is a debug message
2026-04-21 14:08:30,662 - performance_logger - DEBUG - This is a debug message
2026-04-21 14:08:30,665 - performance_logger - DEBUG - This is a debug message
2026-04-21 14:08:30,666 - performance_logger - DEBUG - This is a debug message
2026-04-21 14:08:30,668 - performance_logger - DEBUG - This is a debug message
2026-04-21 14:08:30,672 - performance_logger - DEBUG - This is a debug message
2026-04-21 14:08:30,676 - performance_logger - DEBUG - This is a debug message
2026-04-21 14:08:30,677 - performance_logger - DEBUG - This is a debug message
2026-04-21 14:08:30,680 - performance_logger - DEBUG - This is a debug message
2026-04-21 14:08:30,682 - performance_logger - DEBUG - This is a debug message
2026-04-21 14:08:30,684 - performance_logger - DEBUG - This is a debug message
2026-04-21 14:08:30,688 - performance_logger - DEBUG - This is a debug message
2026-04-21 14:08:30,691 - performance_logger - DEBUG - This is a debug message
2026-04-21 14:08:30,693 - performance_logger - DEBUG - This is a debug message
2026-04-21 14:08:30,694 - performance_logger - DEBUG - This is a debug message
2026-04-21 14:08:30,696 - performance_logger - DEBUG - This is a debug message
2026-04-21 14:08:30,698 - performance_logger - DEBUG - This is a debug message
2026-04-21 14:08:30,701 - performance_logger - DEBUG - This is a debug message
2026-04-21 14:08:30,702 - performance_logger - DEBUG - This is a debug message
2026-04-21 14:08:30,705 - performance_logger - DEBUG - This is a debug message
2026-04-21 14:08:30,707 - performance_logger - DEBUG - This is a debug message
2026-04-21 14:08:30,709 - performance_logger - DEBUG - This is a debug message
2026-04-21 14:08:30,711 - performance_logger - DEBUG - This is a debug message
2026-04-21 14:08:30,713 - performance_logger - DEBUG - This is a debug message
2026-04-21 14:08:30,715 - performance_logger - DEBUG - This is a debug message
2026-04-21 14:08:30,717 - performance_logger - DEBUG - This is a debug message
2026-04-21 14:08:30,718 - performance_logger - DEBUG - This is a debug message
2026-04-21 14:08:30,722 - performance_logger - DEBUG - This is a debug message
2026-04-21 14:08:30,726 - performance_logger - DEBUG - This is a debug message
2026-04-21 14:08:30,728 - performance_logger - DEBUG - This is a debug message
2026-04-21 14:08:30,731 - performance_logger - DEBUG - This is a debug message
2026-04-21 14:08:30,733 - performance_logger - DEBUG - This is a debug message
2026-04-21 14:08:30,738 - performance_logger - DEBUG - This is a debug message
2026-04-21 14:08:30,739 - performance_logger - DEBUG - This is a debug message
2026-04-21 14:08:30,743 - performance_logger - DEBUG - This is a debug message
2026-04-21 14:08:30,746 - performance_logger - DEBUG - This is a debug message
2026-04-21 14:08:30,751 - performance_logger - DEBUG - This is a debug message
2026-04-21 14:08:30,753 - performance_logger - DEBUG - This is a debug message
2026-04-21 14:08:30,754 - performance_logger - DEBUG - This is a debug message
2026-04-21 14:08:30,758 - performance_logger - DEBUG - This is a debug message
2026-04-21 14:08:30,760 - performance_logger - DEBUG - This is a debug message
2026-04-21 14:08:30,764 - performance_logger - DEBUG - This is a debug message
2026-04-21 14:08:30,766 - performance_logger - DEBUG - This is a debug message
2026-04-21 14:08:30,769 - performance_logger - DEBUG - This is a debug message
2026-04-21 14:08:30,772 - performance_logger - DEBUG - This is a debug message
2026-04-21 14:08:30,777 - performance_logger - DEBUG - This is a debug message
2026-04-21 14:08:30,779 - performance_logger - DEBUG - This is a debug message
2026-04-21 14:08:30,781 - performance_logger - DEBUG - This is a debug message
2026-04-21 14:08:30,782 - performance_logger - DEBUG - This is a debug message
2026-04-21 14:08:30,784 - performance_logger - DEBUG - This is a debug message
2026-04-21 14:08:30,786 - performance_logger - DEBUG - This is a debug message
2026-04-21 14:08:30,789 - performance_logger - DEBUG - This is a debug message
2026-04-21 14:08:30,791 - performance_logger - DEBUG - This is a debug message
2026-04-21 14:08:30,793 - performance_logger - DEBUG - This is a debug message
2026-04-21 14:08:30,795 - performance_logger - DEBUG - This is a debug message
2026-04-21 14:08:30,796 - performance_logger - DEBUG - This is a debug message
2026-04-21 14:08:30,798 - performance_logger - DEBUG - This is a debug message
2026-04-21 14:08:30,800 - performance_logger - DEBUG - This is a debug message
2026-04-21 14:08:30,802 - performance_logger - DEBUG - This is a debug message
2026-04-21 14:08:30,804 - performance_logger - DEBUG - This is a debug message
2026-04-21 14:08:30,805 - performance_logger - DEBUG - This is a debug message
2026-04-21 14:08:30,807 - performance_logger - DEBUG - This is a debug message
2026-04-21 14:08:30,809 - performance_logger - DEBUG - This is a debug message
2026-04-21 14:08:30,810 - performance_logger - DEBUG - This is a debug message
2026-04-21 14:08:30,812 - performance_logger - DEBUG - This is a debug message
2026-04-21 14:08:30,814 - performance_logger - DEBUG - This is a debug message
2026-04-21 14:08:30,816 - performance_logger - DEBUG - This is a debug message
2026-04-21 14:08:30,817 - performance_logger - DEBUG - This is a debug message
2026-04-21 14:08:30,819 - performance_logger - DEBUG - This is a debug message
2026-04-21 14:08:30,820 - performance_logger - DEBUG - This is a debug message
2026-04-21 14:08:30,823 - performance_logger - DEBUG - This is a debug message
2026-04-21 14:08:30,824 - performance_logger - DEBUG - This is a debug message
2026-04-21 14:08:30,826 - performance_logger - DEBUG - This is a debug message
2026-04-21 14:08:30,828 - performance_logger - DEBUG - This is a debug message
2026-04-21 14:08:30,829 - performance_logger - DEBUG - This is a debug message
2026-04-21 14:08:30,831 - performance_logger - DEBUG - This is a debug message
2026-04-21 14:08:30,833 - performance_logger - DEBUG - This is a debug message
2026-04-21 14:08:30,835 - performance_logger - DEBUG - This is a debug message
2026-04-21 14:08:30,837 - performance_logger - DEBUG - This is a debug message
2026-04-21 14:08:30,838 - performance_logger - DEBUG - This is a debug message
2026-04-21 14:08:30,840 - performance_logger - DEBUG - This is a debug message
2026-04-21 14:08:30,842 - performance_logger - DEBUG - This is a debug message
2026-04-21 14:08:30,843 - performance_logger - DEBUG - This is a debug message
2026-04-21 14:08:30,845 - performance_logger - DEBUG - This is a debug message
2026-04-21 14:08:30,847 - performance_logger - DEBUG - This is a debug message
2026-04-21 14:08:30,849 - performance_logger - DEBUG - This is a debug message
2026-04-21 14:08:30,850 - performance_logger - DEBUG - This is a debug message
2026-04-21 14:08:30,852 - performance_logger - DEBUG - This is a debug message
2026-04-21 14:08:30,853 - performance_logger - DEBUG - This is a debug message
2026-04-21 14:08:30,855 - performance_logger - DEBUG - This is a debug message
2026-04-21 14:08:30,857 - performance_logger - DEBUG - This is a debug message
2026-04-21 14:08:30,858 - performance_logger - DEBUG - This is a debug message
2026-04-21 14:08:30,860 - performance_logger - DEBUG - This is a debug message
2026-04-21 14:08:30,862 - performance_logger - DEBUG - This is a debug message
2026-04-21 14:08:30,864 - performance_logger - DEBUG - This is a debug message
2026-04-21 14:08:30,865 - performance_logger - DEBUG - This is a debug message
2026-04-21 14:08:30,867 - performance_logger - DEBUG - This is a debug message
2026-04-21 14:08:30,868 - performance_logger - DEBUG - This is a debug message
2026-04-21 14:08:30,870 - performance_logger - DEBUG - This is a debug message
2026-04-21 14:08:30,872 - performance_logger - DEBUG - This is a debug message
2026-04-21 14:08:30,874 - performance_logger - DEBUG - This is a debug message
2026-04-21 14:08:30,876 - performance_logger - DEBUG - This is a debug message
2026-04-21 14:08:30,878 - performance_logger - DEBUG - This is a debug message
2026-04-21 14:08:30,880 - performance_logger - DEBUG - This is a debug message
2026-04-21 14:08:30,881 - performance_logger - DEBUG - This is a debug message
2026-04-21 14:08:30,883 - performance_logger - DEBUG - This is a debug message
2026-04-21 14:08:30,885 - performance_logger - DEBUG - This is a debug message
2026-04-21 14:08:30,887 - performance_logger - DEBUG - This is a debug message
2026-04-21 14:08:30,888 - performance_logger - DEBUG - This is a debug message
2026-04-21 14:08:30,890 - performance_logger - DEBUG - This is a debug message
2026-04-21 14:08:30,892 - performance_logger - DEBUG - This is a debug message
2026-04-21 14:08:30,893 - performance_logger - DEBUG - This is a debug message
2026-04-21 14:08:30,895 - performance_logger - DEBUG - This is a debug message
2026-04-21 14:08:30,897 - performance_logger - DEBUG - This is a debug message
2026-04-21 14:08:30,899 - performance_logger - DEBUG - This is a debug message
2026-04-21 14:08:30,900 - performance_logger - DEBUG - This is a debug message
2026-04-21 14:08:30,902 - performance_logger - DEBUG - This is a debug message
2026-04-21 14:08:30,903 - performance_logger - DEBUG - This is a debug message
2026-04-21 14:08:30,905 - performance_logger - DEBUG - This is a debug message
2026-04-21 14:08:30,912 - performance_logger - DEBUG - This is a debug message
2026-04-21 14:08:30,917 - performance_logger - DEBUG - This is a debug message
2026-04-21 14:08:30,918 - performance_logger - DEBUG - This is a debug message
2026-04-21 14:08:30,923 - performance_logger - DEBUG - This is a debug message
2026-04-21 14:08:30,924 - performance_logger - DEBUG - This is a debug message
2026-04-21 14:08:30,926 - performance_logger - DEBUG - This is a debug message
2026-04-21 14:08:30,930 - performance_logger - DEBUG - This is a debug message
2026-04-21 14:08:30,931 - performance_logger - DEBUG - This is a debug message
2026-04-21 14:08:30,936 - performance_logger - DEBUG - This is a debug message
2026-04-21 14:08:30,938 - performance_logger - DEBUG - This is a debug message
2026-04-21 14:08:30,940 - performance_logger - DEBUG - This is a debug message
2026-04-21 14:08:30,947 - performance_logger - DEBUG - This is a debug message
2026-04-21 14:08:30,953 - performance_logger - DEBUG - This is a debug message
2026-04-21 14:08:30,955 - performance_logger - DEBUG - This is a debug message
2026-04-21 14:08:30,962 - performance_logger - DEBUG - This is a debug message
2026-04-21 14:08:30,967 - performance_logger - DEBUG - This is a debug message
2026-04-21 14:08:30,971 - performance_logger - DEBUG - This is a debug message
2026-04-21 14:08:30,973 - performance_logger - DEBUG - This is a debug message
2026-04-21 14:08:30,976 - performance_logger - DEBUG - This is a debug message
2026-04-21 14:08:30,979 - performance_logger - DEBUG - This is a debug message
2026-04-21 14:08:30,983 - performance_logger - DEBUG - This is a debug message
2026-04-21 14:08:30,988 - performance_logger - DEBUG - This is a debug message
2026-04-21 14:08:30,999 - performance_logger - DEBUG - This is a debug message
2026-04-21 14:08:31,008 - performance_logger - DEBUG - This is a debug message
2026-04-21 14:08:31,017 - performance_logger - DEBUG - This is a debug message
2026-04-21 14:08:31,025 - performance_logger - DEBUG - This is a debug message
2026-04-21 14:08:31,027 - performance_logger - DEBUG - This is a debug message
2026-04-21 14:08:31,037 - performance_logger - DEBUG - This is a debug message
2026-04-21 14:08:31,039 - performance_logger - DEBUG - This is a debug message
2026-04-21 14:08:31,044 - performance_logger - DEBUG - This is a debug message
2026-04-21 14:08:31,052 - performance_logger - DEBUG - This is a debug message
2026-04-21 14:08:31,056 - performance_logger - DEBUG - This is a debug message
2026-04-21 14:08:31,057 - performance_logger - DEBUG - This is a debug message
2026-04-21 14:08:31,059 - performance_logger - DEBUG - This is a debug message
2026-04-21 14:08:31,072 - performance_logger - DEBUG - This is a debug message
2026-04-21 14:08:31,076 - performance_logger - DEBUG - This is a debug message
2026-04-21 14:08:31,077 - performance_logger - DEBUG - This is a debug message
2026-04-21 14:08:31,079 - performance_logger - DEBUG - This is a debug message
2026-04-21 14:08:31,087 - performance_logger - DEBUG - This is a debug message
2026-04-21 14:08:31,089 - performance_logger - DEBUG - This is a debug message
2026-04-21 14:08:31,092 - performance_logger - DEBUG - This is a debug message
2026-04-21 14:08:31,102 - performance_logger - DEBUG - This is a debug message
2026-04-21 14:08:31,106 - performance_logger - DEBUG - This is a debug message
2026-04-21 14:08:31,110 - performance_logger - DEBUG - This is a debug message
2026-04-21 14:08:31,116 - performance_logger - DEBUG - This is a debug message
2026-04-21 14:08:31,117 - performance_logger - DEBUG - This is a debug message
2026-04-21 14:08:31,119 - performance_logger - DEBUG - This is a debug message
2026-04-21 14:08:31,121 - performance_logger - DEBUG - This is a debug message
2026-04-21 14:08:31,123 - performance_logger - DEBUG - This is a debug message
2026-04-21 14:08:31,125 - performance_logger - DEBUG - This is a debug message
2026-04-21 14:08:31,126 - performance_logger - DEBUG - This is a debug message
2026-04-21 14:08:31,128 - performance_logger - DEBUG - This is a debug message
2026-04-21 14:08:31,130 - performance_logger - DEBUG - This is a debug message
2026-04-21 14:08:31,132 - performance_logger - DEBUG - This is a debug message
2026-04-21 14:08:31,133 - performance_logger - DEBUG - This is a debug message
2026-04-21 14:08:31,135 - performance_logger - DEBUG - This is a debug message
2026-04-21 14:08:31,136 - performance_logger - DEBUG - This is a debug message
2026-04-21 14:08:31,138 - performance_logger - DEBUG - This is a debug message
2026-04-21 14:08:31,140 - performance_logger - DEBUG - This is a debug message
2026-04-21 14:08:31,141 - performance_logger - DEBUG - This is a debug message
2026-04-21 14:08:31,143 - performance_logger - DEBUG - This is a debug message
2026-04-21 14:08:31,145 - performance_logger - DEBUG - This is a debug message
2026-04-21 14:08:31,147 - performance_logger - DEBUG - This is a debug message
2026-04-21 14:08:31,148 - performance_logger - DEBUG - This is a debug message
2026-04-21 14:08:31,150 - performance_logger - DEBUG - This is a debug message
2026-04-21 14:08:31,152 - performance_logger - DEBUG - This is a debug message
2026-04-21 14:08:31,154 - performance_logger - DEBUG - This is a debug message
2026-04-21 14:08:31,159 - performance_logger - DEBUG - This is a debug message
2026-04-21 14:08:31,160 - performance_logger - DEBUG - This is a debug message
2026-04-21 14:08:31,164 - performance_logger - DEBUG - This is a debug message
2026-04-21 14:08:31,166 - performance_logger - DEBUG - This is a debug message
2026-04-21 14:08:31,175 - performance_logger - DEBUG - This is a debug message
2026-04-21 14:08:31,179 - performance_logger - DEBUG - This is a debug message
2026-04-21 14:08:31,183 - performance_logger - DEBUG - This is a debug message
2026-04-21 14:08:31,185 - performance_logger - DEBUG - This is a debug message
2026-04-21 14:08:31,188 - performance_logger - DEBUG - This is a debug message
2026-04-21 14:08:31,190 - performance_logger - DEBUG - This is a debug message
2026-04-21 14:08:31,193 - performance_logger - DEBUG - This is a debug message
2026-04-21 14:08:31,195 - performance_logger - DEBUG - This is a debug message
2026-04-21 14:08:31,197 - performance_logger - DEBUG - This is a debug message
2026-04-21 14:08:31,199 - performance_logger - DEBUG - This is a debug message
2026-04-21 14:08:31,200 - performance_logger - DEBUG - This is a debug message
2026-04-21 14:08:31,202 - performance_logger - DEBUG - This is a debug message
2026-04-21 14:08:31,204 - performance_logger - DEBUG - This is a debug message
2026-04-21 14:08:31,206 - performance_logger - DEBUG - This is a debug message
2026-04-21 14:08:31,207 - performance_logger - DEBUG - This is a debug message
2026-04-21 14:08:31,212 - performance_logger - DEBUG - This is a debug message
2026-04-21 14:08:31,216 - performance_logger - DEBUG - This is a debug message
2026-04-21 14:08:31,218 - performance_logger - DEBUG - This is a debug message
2026-04-21 14:08:31,219 - performance_logger - DEBUG - This is a debug message
2026-04-21 14:08:31,221 - performance_logger - DEBUG - This is a debug message
2026-04-21 14:08:31,223 - performance_logger - DEBUG - This is a debug message
2026-04-21 14:08:31,225 - performance_logger - DEBUG - This is a debug message
2026-04-21 14:08:31,226 - performance_logger - DEBUG - This is a debug message
2026-04-21 14:08:31,229 - performance_logger - DEBUG - This is a debug message
2026-04-21 14:08:31,231 - performance_logger - DEBUG - This is a debug message
2026-04-21 14:08:31,232 - performance_logger - DEBUG - This is a debug message
2026-04-21 14:08:31,234 - performance_logger - DEBUG - This is a debug message
2026-04-21 14:08:31,236 - performance_logger - DEBUG - This is a debug message
2026-04-21 14:08:31,240 - performance_logger - DEBUG - This is a debug message
2026-04-21 14:08:31,242 - performance_logger - DEBUG - This is a debug message
2026-04-21 14:08:31,244 - performance_logger - DEBUG - This is a debug message
2026-04-21 14:08:31,245 - performance_logger - DEBUG - This is a debug message
2026-04-21 14:08:31,248 - performance_logger - DEBUG - This is a debug message
2026-04-21 14:08:31,250 - performance_logger - DEBUG - This is a debug message
2026-04-21 14:08:31,252 - performance_logger - DEBUG - This is a debug message
2026-04-21 14:08:31,253 - performance_logger - DEBUG - This is a debug message
2026-04-21 14:08:31,257 - performance_logger - DEBUG - This is a debug message
2026-04-21 14:08:31,259 - performance_logger - DEBUG - This is a debug message
2026-04-21 14:08:31,261 - performance_logger - DEBUG - This is a debug message
2026-04-21 14:08:31,262 - performance_logger - DEBUG - This is a debug message
2026-04-21 14:08:31,264 - performance_logger - DEBUG - This is a debug message
2026-04-21 14:08:31,269 - performance_logger - DEBUG - This is a debug message
2026-04-21 14:08:31,270 - performance_logger - DEBUG - This is a debug message
2026-04-21 14:08:31,272 - performance_logger - DEBUG - This is a debug message
2026-04-21 14:08:31,276 - performance_logger - DEBUG - This is a debug message
2026-04-21 14:08:31,278 - performance_logger - DEBUG - This is a debug message
2026-04-21 14:08:31,281 - performance_logger - DEBUG - This is a debug message
2026-04-21 14:08:31,282 - performance_logger - DEBUG - This is a debug message
2026-04-21 14:08:31,283 - performance_logger - DEBUG - This is a debug message
2026-04-21 14:08:31,285 - performance_logger - DEBUG - This is a debug message
2026-04-21 14:08:31,287 - performance_logger - DEBUG - This is a debug message
2026-04-21 14:08:31,291 - performance_logger - DEBUG - This is a debug message
2026-04-21 14:08:31,293 - performance_logger - DEBUG - This is a debug message
2026-04-21 14:08:31,295 - performance_logger - DEBUG - This is a debug message
2026-04-21 14:08:31,296 - performance_logger - DEBUG - This is a debug message
2026-04-21 14:08:31,299 - performance_logger - DEBUG - This is a debug message
2026-04-21 14:08:31,301 - performance_logger - DEBUG - This is a debug message
2026-04-21 14:08:31,302 - performance_logger - DEBUG - This is a debug message
2026-04-21 14:08:31,304 - performance_logger - DEBUG - This is a debug message
2026-04-21 14:08:31,309 - performance_logger - DEBUG - This is a debug message
2026-04-21 14:08:31,310 - performance_logger - DEBUG - This is a debug message
2026-04-21 14:08:31,312 - performance_logger - DEBUG - This is a debug message
2026-04-21 14:08:31,314 - performance_logger - DEBUG - This is a debug message
2026-04-21 14:08:31,316 - performance_logger - DEBUG - This is a debug message
2026-04-21 14:08:31,317 - performance_logger - DEBUG - This is a debug message
2026-04-21 14:08:31,318 - performance_logger - DEBUG - This is a debug message
2026-04-21 14:08:31,320 - performance_logger - DEBUG - This is a debug message
2026-04-21 14:08:31,326 - performance_logger - DEBUG - This is a debug message
2026-04-21 14:08:31,328 - performance_logger - DEBUG - This is a debug message
2026-04-21 14:08:31,331 - performance_logger - DEBUG - This is a debug message
2026-04-21 14:08:31,334 - performance_logger - DEBUG - This is a debug message
2026-04-21 14:08:31,337 - performance_logger - DEBUG - This is a debug message
2026-04-21 14:08:31,340 - performance_logger - DEBUG - This is a debug message
2026-04-21 14:08:31,343 - performance_logger - DEBUG - This is a debug message
2026-04-21 14:08:31,345 - performance_logger - DEBUG - This is a debug message
2026-04-21 14:08:31,347 - performance_logger - DEBUG - This is a debug message
2026-04-21 14:08:31,348 - performance_logger - DEBUG - This is a debug message
2026-04-21 14:08:31,349 - performance_logger - DEBUG - This is a debug message
2026-04-21 14:08:31,352 - performance_logger - DEBUG - This is a debug message
2026-04-21 14:08:31,353 - performance_logger - DEBUG - This is a debug message
2026-04-21 14:08:31,357 - performance_logger - DEBUG - This is a debug message
2026-04-21 14:08:31,363 - performance_logger - DEBUG - This is a debug message
2026-04-21 14:08:31,365 - performance_logger - DEBUG - This is a debug message
2026-04-21 14:08:31,367 - performance_logger - DEBUG - This is a debug message
2026-04-21 14:08:31,368 - performance_logger - DEBUG - This is a debug message
2026-04-21 14:08:31,374 - performance_logger - DEBUG - This is a debug message
2026-04-21 14:08:31,376 - performance_logger - DEBUG - This is a debug message
2026-04-21 14:08:31,378 - performance_logger - DEBUG - This is a debug message
2026-04-21 14:08:31,380 - performance_logger - DEBUG - This is a debug message
2026-04-21 14:08:31,381 - performance_logger - DEBUG - This is a debug message
2026-04-21 14:08:31,382 - performance_logger - DEBUG - This is a debug message
2026-04-21 14:08:31,383 - performance_logger - DEBUG - This is a debug message
2026-04-21 14:08:31,384 - performance_logger - DEBUG - This is a debug message
2026-04-21 14:08:31,385 - performance_logger - DEBUG - This is a debug message
2026-04-21 14:08:31,385 - performance_logger - DEBUG - This is a debug message
2026-04-21 14:08:31,388 - performance_logger - DEBUG - This is a debug message
2026-04-21 14:08:31,392 - performance_logger - DEBUG - This is a debug message
2026-04-21 14:08:31,394 - performance_logger - DEBUG - This is a debug message
2026-04-21 14:08:31,395 - performance_logger - DEBUG - This is a debug message
2026-04-21 14:08:31,396 - performance_logger - DEBUG - This is a debug message
2026-04-21 14:08:31,397 - performance_logger - DEBUG - This is a debug message
2026-04-21 14:08:31,398 - performance_logger - DEBUG - This is a debug message
2026-04-21 14:08:31,400 - performance_logger - DEBUG - This is a debug message
2026-04-21 14:08:31,401 - performance_logger - DEBUG - This is a debug message
2026-04-21 14:08:31,401 - performance_logger - DEBUG - This is a debug message
2026-04-21 14:08:31,402 - performance_logger - DEBUG - This is a debug message
2026-04-21 14:08:31,404 - performance_logger - DEBUG - This is a debug message
2026-04-21 14:08:31,405 - performance_logger - DEBUG - This is a debug message
2026-04-21 14:08:31,405 - performance_logger - DEBUG - This is a debug message
2026-04-21 14:08:31,406 - performance_logger - DEBUG - This is a debug message
2026-04-21 14:08:31,407 - performance_logger - DEBUG - This is a debug message
2026-04-21 14:08:31,408 - performance_logger - DEBUG - This is a debug message
2026-04-21 14:08:31,410 - performance_logger - DEBUG - This is a debug message
2026-04-21 14:08:31,411 - performance_logger - DEBUG - This is a debug message
2026-04-21 14:08:31,412 - performance_logger - DEBUG - This is a debug message
2026-04-21 14:08:31,413 - performance_logger - DEBUG - This is a debug message
2026-04-21 14:08:31,414 - performance_logger - DEBUG - This is a debug message
2026-04-21 14:08:31,415 - performance_logger - DEBUG - This is a debug message
2026-04-21 14:08:31,416 - performance_logger - DEBUG - This is a debug message
2026-04-21 14:08:31,417 - performance_logger - DEBUG - This is a debug message
2026-04-21 14:08:31,418 - performance_logger - DEBUG - This is a debug message
2026-04-21 14:08:31,419 - performance_logger - DEBUG - This is a debug message
2026-04-21 14:08:31,420 - performance_logger - DEBUG - This is a debug message
2026-04-21 14:08:31,422 - performance_logger - DEBUG - This is a debug message
2026-04-21 14:08:31,423 - performance_logger - DEBUG - This is a debug message
2026-04-21 14:08:31,424 - performance_logger - DEBUG - This is a debug message
2026-04-21 14:08:31,425 - performance_logger - DEBUG - This is a debug message
2026-04-21 14:08:31,426 - performance_logger - DEBUG - This is a debug message
2026-04-21 14:08:31,427 - performance_logger - DEBUG - This is a debug message
2026-04-21 14:08:31,429 - performance_logger - DEBUG - This is a debug message
2026-04-21 14:08:31,430 - performance_logger - DEBUG - This is a debug message
2026-04-21 14:08:31,431 - performance_logger - DEBUG - This is a debug message
2026-04-21 14:08:31,433 - performance_logger - DEBUG - This is a debug message
2026-04-21 14:08:31,434 - performance_logger - DEBUG - This is a debug message
2026-04-21 14:08:31,435 - performance_logger - DEBUG - This is a debug message
2026-04-21 14:08:31,436 - performance_logger - DEBUG - This is a debug message
2026-04-21 14:08:31,437 - performance_logger - DEBUG - This is a debug message
2026-04-21 14:08:31,440 - performance_logger - DEBUG - This is a debug message
2026-04-21 14:08:31,440 - performance_logger - DEBUG - This is a debug message
2026-04-21 14:08:31,441 - performance_logger - DEBUG - This is a debug message
2026-04-21 14:08:31,442 - performance_logger - DEBUG - This is a debug message
2026-04-21 14:08:31,443 - performance_logger - DEBUG - This is a debug message
2026-04-21 14:08:31,444 - performance_logger - DEBUG - This is a debug message
2026-04-21 14:08:31,458 - performance_logger - DEBUG - This is a debug message
2026-04-21 14:08:31,467 - performance_logger - DEBUG - This is a debug message
2026-04-21 14:08:31,476 - performance_logger - DEBUG - This is a debug message
2026-04-21 14:08:31,482 - performance_logger - DEBUG - This is a debug message
2026-04-21 14:08:31,486 - performance_logger - DEBUG - This is a debug message
2026-04-21 14:08:31,487 - performance_logger - DEBUG - This is a debug message
2026-04-21 14:08:31,491 - performance_logger - DEBUG - This is a debug message
2026-04-21 14:08:31,493 - performance_logger - DEBUG - This is a debug message
2026-04-21 14:08:31,494 - performance_logger - DEBUG - This is a debug message
2026-04-21 14:08:31,495 - performance_logger - DEBUG - This is a debug message
2026-04-21 14:08:31,496 - performance_logger - DEBUG - This is a debug message
2026-04-21 14:08:31,497 - performance_logger - DEBUG - This is a debug message
2026-04-21 14:08:31,498 - performance_logger - DEBUG - This is a debug message
2026-04-21 14:08:31,499 - performance_logger - DEBUG - This is a debug message
2026-04-21 14:08:31,500 - performance_logger - DEBUG - This is a debug message
2026-04-21 14:08:31,501 - performance_logger - DEBUG - This is a debug message
2026-04-21 14:08:31,501 - performance_logger - DEBUG - This is a debug message
2026-04-21 14:08:31,502 - performance_logger - DEBUG - This is a debug message
2026-04-21 14:08:31,503 - performance_logger - DEBUG - This is a debug message
2026-04-21 14:08:31,511 - performance_logger - DEBUG - This is a debug message
2026-04-21 14:08:31,517 - performance_logger - DEBUG - This is a debug message
2026-04-21 14:08:31,520 - performance_logger - DEBUG - This is a debug message
2026-04-21 14:08:31,525 - performance_logger - DEBUG - This is a debug message
2026-04-21 14:08:31,526 - performance_logger - DEBUG - This is a debug message
2026-04-21 14:08:31,528 - performance_logger - DEBUG - This is a debug message
2026-04-21 14:08:31,530 - performance_logger - DEBUG - This is a debug message
2026-04-21 14:08:31,533 - performance_logger - DEBUG - This is a debug message
2026-04-21 14:08:31,535 - performance_logger - DEBUG - This is a debug message
2026-04-21 14:08:31,536 - performance_logger - DEBUG - This is a debug message
2026-04-21 14:08:31,537 - performance_logger - DEBUG - This is a debug message
2026-04-21 14:08:31,547 - performance_logger - DEBUG - This is a debug message
2026-04-21 14:08:31,551 - performance_logger - DEBUG - This is a debug message
2026-04-21 14:08:31,559 - performance_logger - DEBUG - This is a debug message
2026-04-21 14:08:31,562 - performance_logger - DEBUG - This is a debug message
2026-04-21 14:08:31,569 - performance_logger - DEBUG - This is a debug message
2026-04-21 14:08:31,573 - performance_logger - DEBUG - This is a debug message
2026-04-21 14:08:31,575 - performance_logger - DEBUG - This is a debug message
2026-04-21 14:08:31,581 - performance_logger - DEBUG - This is a debug message
2026-04-21 14:08:31,584 - performance_logger - DEBUG - This is a debug message
2026-04-21 14:08:31,585 - performance_logger - DEBUG - This is a debug message
2026-04-21 14:08:31,593 - performance_logger - DEBUG - This is a debug message
2026-04-21 14:08:31,595 - performance_logger - DEBUG - This is a debug message
2026-04-21 14:08:31,602 - performance_logger - DEBUG - This is a debug message
2026-04-21 14:08:31,609 - performance_logger - DEBUG - This is a debug message
2026-04-21 14:08:31,617 - performance_logger - DEBUG - This is a debug message
2026-04-21 14:08:31,624 - performance_logger - DEBUG - This is a debug message
2026-04-21 14:08:31,626 - performance_logger - DEBUG - This is a debug message
2026-04-21 14:08:31,636 - performance_logger - DEBUG - This is a debug message
2026-04-21 14:08:31,640 - performance_logger - DEBUG - This is a debug message
2026-04-21 14:08:31,645 - performance_logger - DEBUG - This is a debug message
2026-04-21 14:08:31,651 - performance_logger - DEBUG - This is a debug message
2026-04-21 14:08:31,656 - performance_logger - DEBUG - This is a debug message
2026-04-21 14:08:31,658 - performance_logger - DEBUG - This is a debug message
2026-04-21 14:08:31,666 - performance_logger - DEBUG - This is a debug message
2026-04-21 14:08:31,668 - performance_logger - DEBUG - This is a debug message
2026-04-21 14:08:31,672 - performance_logger - DEBUG - This is a debug message
2026-04-21 14:08:31,678 - performance_logger - DEBUG - This is a debug message
2026-04-21 14:08:31,686 - performance_logger - DEBUG - This is a debug message
2026-04-21 14:08:31,687 - performance_logger - DEBUG - This is a debug message
2026-04-21 14:08:31,690 - performance_logger - DEBUG - This is a debug message
2026-04-21 14:08:31,695 - performance_logger - DEBUG - This is a debug message
2026-04-21 14:08:31,701 - performance_logger - DEBUG - This is a debug message
2026-04-21 14:08:31,703 - performance_logger - DEBUG - This is a debug message
2026-04-21 14:08:31,704 - performance_logger - DEBUG - This is a debug message
2026-04-21 14:08:31,709 - performance_logger - DEBUG - This is a debug message
2026-04-21 14:08:31,710 - performance_logger - DEBUG - This is a debug message
2026-04-21 14:08:31,713 - performance_logger - DEBUG - This is a debug message
2026-04-21 14:08:31,718 - performance_logger - DEBUG - This is a debug message
2026-04-21 14:08:31,720 - performance_logger - DEBUG - This is a debug message
2026-04-21 14:08:31,725 - performance_logger - DEBUG - This is a debug message
2026-04-21 14:08:31,730 - performance_logger - DEBUG - This is a debug message
2026-04-21 14:08:31,732 - performance_logger - DEBUG - This is a debug message
2026-04-21 14:08:31,734 - performance_logger - DEBUG - This is a debug message
2026-04-21 14:08:31,739 - performance_logger - DEBUG - This is a debug message
2026-04-21 14:08:31,740 - performance_logger - DEBUG - This is a debug message
2026-04-21 14:08:31,743 - performance_logger - DEBUG - This is a debug message
2026-04-21 14:08:31,748 - performance_logger - DEBUG - This is a debug message
2026-04-21 14:08:31,752 - performance_logger - DEBUG - This is a debug message
2026-04-21 14:08:31,753 - performance_logger - DEBUG - This is a debug message
2026-04-21 14:08:31,757 - performance_logger - DEBUG - This is a debug message
2026-04-21 14:08:31,760 - performance_logger - DEBUG - This is a debug message
2026-04-21 14:08:31,763 - performance_logger - DEBUG - This is a debug message
2026-04-21 14:08:31,769 - performance_logger - DEBUG - This is a debug message
2026-04-21 14:08:31,772 - performance_logger - DEBUG - This is a debug message
2026-04-21 14:08:31,778 - performance_logger - DEBUG - This is a debug message
2026-04-21 14:08:31,780 - performance_logger - DEBUG - This is a debug message
2026-04-21 14:08:31,784 - performance_logger - DEBUG - This is a debug message
2026-04-21 14:08:31,786 - performance_logger - DEBUG - This is a debug message
2026-04-21 14:08:31,791 - performance_logger - DEBUG - This is a debug message
2026-04-21 14:08:31,793 - performance_logger - DEBUG - This is a debug message
2026-04-21 14:08:31,795 - performance_logger - DEBUG - This is a debug message
2026-04-21 14:08:31,798 - performance_logger - DEBUG - This is a debug message
2026-04-21 14:08:31,803 - performance_logger - DEBUG - This is a debug message
2026-04-21 14:08:31,805 - performance_logger - DEBUG - This is a debug message
2026-04-21 14:08:31,806 - performance_logger - DEBUG - This is a debug message
2026-04-21 14:08:31,812 - performance_logger - DEBUG - This is a debug message
2026-04-21 14:08:31,814 - performance_logger - DEBUG - This is a debug message
2026-04-21 14:08:31,819 - performance_logger - DEBUG - This is a debug message
2026-04-21 14:08:31,820 - performance_logger - DEBUG - This is a debug message
2026-04-21 14:08:31,822 - performance_logger - DEBUG - This is a debug message
2026-04-21 14:08:31,823 - performance_logger - DEBUG - This is a debug message
2026-04-21 14:08:31,824 - performance_logger - DEBUG - This is a debug message
2026-04-21 14:08:31,825 - performance_logger - DEBUG - This is a debug message
2026-04-21 14:08:31,826 - performance_logger - DEBUG - This is a debug message
2026-04-21 14:08:31,827 - performance_logger - DEBUG - This is a debug message
2026-04-21 14:08:31,829 - performance_logger - DEBUG - This is a debug message
2026-04-21 14:08:31,830 - performance_logger - DEBUG - This is a debug message
2026-04-21 14:08:31,832 - performance_logger - DEBUG - This is a debug message
2026-04-21 14:08:31,833 - performance_logger - DEBUG - This is a debug message
2026-04-21 14:08:31,835 - performance_logger - DEBUG - This is a debug message
2026-04-21 14:08:31,836 - performance_logger - DEBUG - This is a debug message
2026-04-21 14:08:31,837 - performance_logger - DEBUG - This is a debug message
2026-04-21 14:08:31,838 - performance_logger - DEBUG - This is a debug message
2026-04-21 14:08:31,839 - performance_logger - DEBUG - This is a debug message
2026-04-21 14:08:31,840 - performance_logger - DEBUG - This is a debug message
2026-04-21 14:08:31,842 - performance_logger - DEBUG - This is a debug message
2026-04-21 14:08:31,843 - performance_logger - DEBUG - This is a debug message
2026-04-21 14:08:31,845 - performance_logger - DEBUG - This is a debug message
2026-04-21 14:08:31,846 - performance_logger - DEBUG - This is a debug message
2026-04-21 14:08:31,847 - performance_logger - DEBUG - This is a debug message
2026-04-21 14:08:31,848 - performance_logger - DEBUG - This is a debug message
2026-04-21 14:08:31,849 - performance_logger - DEBUG - This is a debug message
2026-04-21 14:08:31,850 - performance_logger - DEBUG - This is a debug message
2026-04-21 14:08:31,852 - performance_logger - DEBUG - This is a debug message
2026-04-21 14:08:31,854 - performance_logger - DEBUG - This is a debug message
2026-04-21 14:08:31,855 - performance_logger - DEBUG - This is a debug message
2026-04-21 14:08:31,859 - performance_logger - DEBUG - This is a debug message
2026-04-21 14:08:31,862 - performance_logger - DEBUG - This is a debug message
2026-04-21 14:08:31,864 - performance_logger - DEBUG - This is a debug message
2026-04-21 14:08:31,865 - performance_logger - DEBUG - This is a debug message
2026-04-21 14:08:31,870 - performance_logger - DEBUG - This is a debug message
2026-04-21 14:08:31,872 - performance_logger - DEBUG - This is a debug message
2026-04-21 14:08:31,873 - performance_logger - DEBUG - This is a debug message
2026-04-21 14:08:31,874 - performance_logger - DEBUG - This is a debug message
2026-04-21 14:08:31,875 - performance_logger - DEBUG - This is a debug message
2026-04-21 14:08:31,879 - performance_logger - DEBUG - This is a debug message
2026-04-21 14:08:31,880 - performance_logger - DEBUG - This is a debug message
2026-04-21 14:08:31,885 - performance_logger - DEBUG - This is a debug message
2026-04-21 14:08:31,886 - performance_logger - DEBUG - This is a debug message
2026-04-21 14:08:31,887 - performance_logger - DEBUG - This is a debug message
2026-04-21 14:08:31,888 - performance_logger - DEBUG - This is a debug message
2026-04-21 14:08:31,889 - performance_logger - DEBUG - This is a debug message
2026-04-21 14:08:31,890 - performance_logger - DEBUG - This is a debug message
2026-04-21 14:08:31,891 - performance_logger - DEBUG - This is a debug message
2026-04-21 14:08:31,898 - performance_logger - DEBUG - This is a debug message
2026-04-21 14:08:31,903 - performance_logger - DEBUG - This is a debug message
2026-04-21 14:08:31,908 - performance_logger - DEBUG - This is a debug message
2026-04-21 14:08:31,914 - performance_logger - DEBUG - This is a debug message
2026-04-21 14:08:31,916 - performance_logger - DEBUG - This is a debug message
2026-04-21 14:08:31,918 - performance_logger - DEBUG - This is a debug message
2026-04-21 14:08:31,925 - performance_logger - DEBUG - This is a debug message
2026-04-21 14:08:31,929 - performance_logger - DEBUG - This is a debug message
2026-04-21 14:08:31,932 - performance_logger - DEBUG - This is a debug message
2026-04-21 14:08:31,937 - performance_logger - DEBUG - This is a debug message
2026-04-21 14:08:31,945 - performance_logger - DEBUG - This is a debug message
2026-04-21 14:08:31,949 - performance_logger - DEBUG - This is a debug message
2026-04-21 14:08:31,953 - performance_logger - DEBUG - This is a debug message
2026-04-21 14:08:31,954 - performance_logger - DEBUG - This is a debug message
2026-04-21 14:08:31,955 - performance_logger - DEBUG - This is a debug message
2026-04-21 14:08:31,956 - performance_logger - DEBUG - This is a debug message
2026-04-21 14:08:31,957 - performance_logger - DEBUG - This is a debug message
2026-04-21 14:08:31,958 - performance_logger - DEBUG - This is a debug message
2026-04-21 14:08:31,962 - performance_logger - DEBUG - This is a debug message
2026-04-21 14:08:31,964 - performance_logger - DEBUG - This is a debug message
2026-04-21 14:08:31,968 - performance_logger - DEBUG - This is a debug message
2026-04-21 14:08:31,971 - performance_logger - DEBUG - This is a debug message
2026-04-21 14:08:31,972 - performance_logger - DEBUG - This is a debug message
2026-04-21 14:08:31,974 - performance_logger - DEBUG - This is a debug message
2026-04-21 14:08:31,981 - performance_logger - DEBUG - This is a debug message
2026-04-21 14:08:31,983 - performance_logger - DEBUG - This is a debug message
2026-04-21 14:08:31,983 - performance_logger - DEBUG - This is a debug message
2026-04-21 14:08:31,984 - performance_logger - DEBUG - This is a debug message
2026-04-21 14:08:31,986 - performance_logger - DEBUG - This is a debug message
2026-04-21 14:08:31,986 - performance_logger - DEBUG - This is a debug message
2026-04-21 14:08:31,987 - performance_logger - DEBUG - This is a debug message
2026-04-21 14:08:31,989 - performance_logger - DEBUG - This is a debug message
2026-04-21 14:08:31,992 - performance_logger - DEBUG - This is a debug message
2026-04-21 14:08:31,995 - performance_logger - DEBUG - This is a debug message
2026-04-21 14:08:31,997 - performance_logger - DEBUG - This is a debug message
2026-04-21 14:08:31,998 - performance_logger - DEBUG - This is a debug message
2026-04-21 14:08:31,999 - performance_logger - DEBUG - This is a debug message
2026-04-21 14:08:32,003 - performance_logger - DEBUG - This is a debug message
2026-04-21 14:08:32,005 - performance_logger - DEBUG - This is a debug message
2026-04-21 14:08:32,006 - performance_logger - DEBUG - This is a debug message
2026-04-21 14:08:32,007 - performance_logger - DEBUG - This is a debug message
2026-04-21 14:08:32,008 - performance_logger - DEBUG - This is a debug message
2026-04-21 14:08:32,009 - performance_logger - DEBUG - This is a debug message
2026-04-21 14:08:32,017 - performance_logger - DEBUG - This is a debug message
2026-04-21 14:08:32,023 - performance_logger - DEBUG - This is a debug message
2026-04-21 14:08:32,024 - performance_logger - DEBUG - This is a debug message
2026-04-21 14:08:32,031 - performance_logger - DEBUG - This is a debug message
2026-04-21 14:08:32,033 - performance_logger - DEBUG - This is a debug message
2026-04-21 14:08:32,034 - performance_logger - DEBUG - This is a debug message
2026-04-21 14:08:32,040 - performance_logger - DEBUG - This is a debug message
2026-04-21 14:08:32,042 - performance_logger - DEBUG - This is a debug message
2026-04-21 14:08:32,046 - performance_logger - DEBUG - This is a debug message
2026-04-21 14:08:32,051 - performance_logger - DEBUG - This is a debug message
2026-04-21 14:08:32,060 - performance_logger - DEBUG - This is a debug message
2026-04-21 14:08:32,061 - performance_logger - DEBUG - This is a debug message
2026-04-21 14:08:32,071 - performance_logger - DEBUG - This is a debug message
2026-04-21 14:08:32,076 - performance_logger - DEBUG - This is a debug message
2026-04-21 14:08:32,080 - performance_logger - DEBUG - This is a debug message
2026-04-21 14:08:32,094 - performance_logger - DEBUG - This is a debug message
2026-04-21 14:08:32,102 - performance_logger - DEBUG - This is a debug message
2026-04-21 14:08:32,105 - performance_logger - DEBUG - This is a debug message
2026-04-21 14:08:32,109 - performance_logger - DEBUG - This is a debug message
2026-04-21 14:08:32,116 - performance_logger - DEBUG - This is a debug message
2026-04-21 14:08:32,125 - performance_logger - DEBUG - This is a debug message
2026-04-21 14:08:32,132 - performance_logger - DEBUG - This is a debug message
2026-04-21 14:08:32,137 - performance_logger - DEBUG - This is a debug message
2026-04-21 14:08:32,147 - performance_logger - DEBUG - This is a debug message
2026-04-21 14:08:32,153 - performance_logger - DEBUG - This is a debug message
2026-04-21 14:08:32,155 - performance_logger - DEBUG - This is a debug message
2026-04-21 14:08:32,163 - performance_logger - DEBUG - This is a debug message
2026-04-21 14:08:32,168 - performance_logger - DEBUG - This is a debug message
2026-04-21 14:08:32,170 - performance_logger - DEBUG - This is a debug message
2026-04-21 14:08:32,176 - performance_logger - DEBUG - This is a debug message
2026-04-21 14:08:32,183 - performance_logger - DEBUG - This is a debug message
2026-04-21 14:08:32,189 - performance_logger - DEBUG - This is a debug message
2026-04-21 14:08:32,193 - performance_logger - DEBUG - This is a debug message
2026-04-21 14:08:32,196 - performance_logger - DEBUG - This is a debug message
2026-04-21 14:08:32,199 - performance_logger - DEBUG - This is a debug message
2026-04-21 14:08:32,200 - performance_logger - DEBUG - This is a debug message
2026-04-21 14:08:32,205 - performance_logger - DEBUG - This is a debug message
2026-04-21 14:08:32,206 - performance_logger - DEBUG - This is a debug message
2026-04-21 14:08:32,210 - performance_logger - DEBUG - This is a debug message
2026-04-21 14:08:32,212 - performance_logger - DEBUG - This is a debug message
2026-04-21 14:08:32,217 - performance_logger - DEBUG - This is a debug message
2026-04-21 14:08:32,218 - performance_logger - DEBUG - This is a debug message
2026-04-21 14:08:32,219 - performance_logger - DEBUG - This is a debug message
2026-04-21 14:08:32,223 - performance_logger - DEBUG - This is a debug message
2026-04-21 14:08:32,224 - performance_logger - DEBUG - This is a debug message
2026-04-21 14:08:32,225 - performance_logger - DEBUG - This is a debug message
2026-04-21 14:08:32,229 - performance_logger - DEBUG - This is a debug message
2026-04-21 14:08:32,230 - performance_logger - DEBUG - This is a debug message
2026-04-21 14:08:32,233 - performance_logger - DEBUG - This is a debug message
2026-04-21 14:08:32,235 - performance_logger - DEBUG - This is a debug message
2026-04-21 14:08:32,240 - performance_logger - DEBUG - This is a debug message
2026-04-21 14:08:32,241 - performance_logger - DEBUG - This is a debug message
2026-04-21 14:08:32,244 - performance_logger - DEBUG - This is a debug message
2026-04-21 14:08:32,252 - performance_logger - DEBUG - This is a debug message
2026-04-21 14:08:32,255 - performance_logger - DEBUG - This is a debug message
2026-04-21 14:08:32,257 - performance_logger - DEBUG - This is a debug message
2026-04-21 14:08:32,259 - performance_logger - DEBUG - This is a debug message
2026-04-21 14:08:32,262 - performance_logger - DEBUG - This is a debug message
2026-04-21 14:08:32,264 - performance_logger - DEBUG - This is a debug message
2026-04-21 14:08:32,269 - performance_logger - DEBUG - This is a debug message
2026-04-21 14:08:32,275 - performance_logger - DEBUG - This is a debug message
2026-04-21 14:08:32,276 - performance_logger - DEBUG - This is a debug message
2026-04-21 14:08:32,280 - performance_logger - DEBUG - This is a debug message
2026-04-21 14:08:32,280 - performance_logger - DEBUG - This is a debug message
2026-04-21 14:08:32,283 - performance_logger - DEBUG - This is a debug message
2026-04-21 14:08:32,285 - performance_logger - DEBUG - This is a debug message
2026-04-21 14:08:32,286 - performance_logger - DEBUG - This is a debug message
2026-04-21 14:08:32,286 - performance_logger - DEBUG - This is a debug message
2026-04-21 14:08:32,287 - performance_logger - DEBUG - This is a debug message
2026-04-21 14:08:32,289 - performance_logger - DEBUG - This is a debug message
2026-04-21 14:08:32,292 - performance_logger - DEBUG - This is a debug message
2026-04-21 14:08:32,297 - performance_logger - DEBUG - This is a debug message
2026-04-21 14:08:32,298 - performance_logger - DEBUG - This is a debug message
2026-04-21 14:08:32,300 - performance_logger - DEBUG - This is a debug message
2026-04-21 14:08:32,305 - performance_logger - DEBUG - This is a debug message
2026-04-21 14:08:32,307 - performance_logger - DEBUG - This is a debug message
2026-04-21 14:08:32,310 - performance_logger - DEBUG - This is a debug message
2026-04-21 14:08:32,312 - performance_logger - DEBUG - This is a debug message
2026-04-21 14:08:32,313 - performance_logger - DEBUG - This is a debug message
2026-04-21 14:08:32,314 - performance_logger - DEBUG - This is a debug message
2026-04-21 14:08:32,316 - performance_logger - DEBUG - This is a debug message
2026-04-21 14:08:32,316 - performance_logger - DEBUG - This is a debug message
2026-04-21 14:08:32,317 - performance_logger - DEBUG - This is a debug message
2026-04-21 14:08:32,318 - performance_logger - DEBUG - This is a debug message
2026-04-21 14:08:32,320 - performance_logger - DEBUG - This is a debug message
2026-04-21 14:08:32,320 - performance_logger - DEBUG - This is a debug message
2026-04-21 14:08:32,322 - performance_logger - DEBUG - This is a debug message
2026-04-21 14:08:32,322 - performance_logger - DEBUG - This is a debug message
2026-04-21 14:08:32,325 - performance_logger - DEBUG - This is a debug message
2026-04-21 14:08:32,328 - performance_logger - DEBUG - This is a debug message
2026-04-21 14:08:32,334 - performance_logger - DEBUG - This is a debug message
2026-04-21 14:08:32,336 - performance_logger - DEBUG - This is a debug message
2026-04-21 14:08:32,340 - performance_logger - DEBUG - This is a debug message
2026-04-21 14:08:32,341 - performance_logger - DEBUG - This is a debug message
2026-04-21 14:08:32,345 - performance_logger - DEBUG - This is a debug message
2026-04-21 14:08:32,346 - performance_logger - DEBUG - This is a debug message
2026-04-21 14:08:32,350 - performance_logger - DEBUG - This is a debug message
2026-04-21 14:08:32,351 - performance_logger - DEBUG - This is a debug message
2026-04-21 14:08:32,352 - performance_logger - DEBUG - This is a debug message
2026-04-21 14:08:32,355 - performance_logger - DEBUG - This is a debug message
2026-04-21 14:08:32,356 - performance_logger - DEBUG - This is a debug message
2026-04-21 14:08:32,361 - performance_logger - DEBUG - This is a debug message
2026-04-21 14:08:32,362 - performance_logger - DEBUG - This is a debug message
2026-04-21 14:08:32,363 - performance_logger - DEBUG - This is a debug message
2026-04-21 14:08:32,367 - performance_logger - DEBUG - This is a debug message
2026-04-21 14:08:32,368 - performance_logger - DEBUG - This is a debug message
2026-04-21 14:08:32,370 - performance_logger - DEBUG - This is a debug message
2026-04-21 14:08:32,376 - performance_logger - DEBUG - This is a debug message
2026-04-21 14:08:32,378 - performance_logger - DEBUG - This is a debug message
2026-04-21 14:08:32,381 - performance_logger - DEBUG - This is a debug message
2026-04-21 14:08:32,382 - performance_logger - DEBUG - This is a debug message
2026-04-21 14:08:32,385 - performance_logger - DEBUG - This is a debug message
2026-04-21 14:08:32,389 - performance_logger - DEBUG - This is a debug message
2026-04-21 14:08:32,391 - performance_logger - DEBUG - This is a debug message
2026-04-21 14:08:32,394 - performance_logger - DEBUG - This is a debug message
2026-04-21 14:08:32,396 - performance_logger - DEBUG - This is a debug message
2026-04-21 14:08:32,398 - performance_logger - DEBUG - This is a debug message
2026-04-21 14:08:32,399 - performance_logger - DEBUG - This is a debug message
2026-04-21 14:08:32,400 - performance_logger - DEBUG - This is a debug message
2026-04-21 14:08:32,401 - performance_logger - DEBUG - This is a debug message
2026-04-21 14:08:32,402 - performance_logger - DEBUG - This is a debug message
2026-04-21 14:08:32,403 - performance_logger - DEBUG - This is a debug message
2026-04-21 14:08:32,405 - performance_logger - DEBUG - This is a debug message
2026-04-21 14:08:32,406 - performance_logger - DEBUG - This is a debug message
2026-04-21 14:08:32,407 - performance_logger - DEBUG - This is a debug message
2026-04-21 14:08:32,408 - performance_logger - DEBUG - This is a debug message
2026-04-21 14:08:32,409 - performance_logger - DEBUG - This is a debug message
2026-04-21 14:08:32,413 - performance_logger - DEBUG - This is a debug message
2026-04-21 14:08:32,416 - performance_logger - DEBUG - This is a debug message
2026-04-21 14:08:32,417 - performance_logger - DEBUG - This is a debug message
2026-04-21 14:08:32,421 - performance_logger - DEBUG - This is a debug message
2026-04-21 14:08:32,422 - performance_logger - DEBUG - This is a debug message
2026-04-21 14:08:32,425 - performance_logger - DEBUG - This is a debug message
2026-04-21 14:08:32,426 - performance_logger - DEBUG - This is a debug message
2026-04-21 14:08:32,427 - performance_logger - DEBUG - This is a debug message
2026-04-21 14:08:32,429 - performance_logger - DEBUG - This is a debug message
2026-04-21 14:08:32,430 - performance_logger - DEBUG - This is a debug message
2026-04-21 14:08:32,430 - performance_logger - DEBUG - This is a debug message
2026-04-21 14:08:32,432 - performance_logger - DEBUG - This is a debug message
2026-04-21 14:08:32,433 - performance_logger - DEBUG - This is a debug message
2026-04-21 14:08:32,435 - performance_logger - DEBUG - This is a debug message
2026-04-21 14:08:32,436 - performance_logger - DEBUG - This is a debug message
2026-04-21 14:08:32,437 - performance_logger - DEBUG - This is a debug message
2026-04-21 14:08:32,439 - performance_logger - DEBUG - This is a debug message
2026-04-21 14:08:32,440 - performance_logger - DEBUG - This is a debug message
2026-04-21 14:08:32,441 - performance_logger - DEBUG - This is a debug message
2026-04-21 14:08:32,442 - performance_logger - DEBUG - This is a debug message
2026-04-21 14:08:32,443 - performance_logger - DEBUG - This is a debug message
2026-04-21 14:08:32,444 - performance_logger - DEBUG - This is a debug message
2026-04-21 14:08:32,446 - performance_logger - DEBUG - This is a debug message
2026-04-21 14:08:32,447 - performance_logger - DEBUG - This is a debug message
2026-04-21 14:08:32,448 - performance_logger - DEBUG - This is a debug message
2026-04-21 14:08:32,449 - performance_logger - DEBUG - This is a debug message
2026-04-21 14:08:32,451 - performance_logger - DEBUG - This is a debug message
2026-04-21 14:08:32,452 - performance_logger - DEBUG - This is a debug message
2026-04-21 14:08:32,453 - performance_logger - DEBUG - This is a debug message
2026-04-21 14:08:32,455 - performance_logger - DEBUG - This is a debug message
2026-04-21 14:08:32,455 - performance_logger - DEBUG - This is a debug message
2026-04-21 14:08:32,457 - performance_logger - DEBUG - This is a debug message
2026-04-21 14:08:32,457 - performance_logger - DEBUG - This is a debug message
2026-04-21 14:08:32,459 - performance_logger - DEBUG - This is a debug message
2026-04-21 14:08:32,460 - performance_logger - DEBUG - This is a debug message
2026-04-21 14:08:32,461 - performance_logger - DEBUG - This is a debug message
2026-04-21 14:08:32,462 - performance_logger - DEBUG - This is a debug message
2026-04-21 14:08:32,463 - performance_logger - DEBUG - This is a debug message
2026-04-21 14:08:32,465 - performance_logger - DEBUG - This is a debug message
2026-04-21 14:08:32,466 - performance_logger - DEBUG - This is a debug message
2026-04-21 14:08:32,474 - performance_logger - DEBUG - This is a debug message
2026-04-21 14:08:32,475 - performance_logger - DEBUG - This is a debug message
2026-04-21 14:08:32,478 - performance_logger - DEBUG - This is a debug message
2026-04-21 14:08:32,482 - performance_logger - DEBUG - This is a debug message
2026-04-21 14:08:32,486 - performance_logger - DEBUG - This is a debug message
2026-04-21 14:08:32,488 - performance_logger - DEBUG - This is a debug message
2026-04-21 14:08:32,489 - performance_logger - DEBUG - This is a debug message
2026-04-21 14:08:32,490 - performance_logger - DEBUG - This is a debug message
2026-04-21 14:08:32,492 - performance_logger - DEBUG - This is a debug message
2026-04-21 14:08:32,493 - performance_logger - DEBUG - This is a debug message
2026-04-21 14:08:32,494 - performance_logger - DEBUG - This is a debug message
2026-04-21 14:08:32,495 - performance_logger - DEBUG - This is a debug message
2026-04-21 14:08:32,496 - performance_logger - DEBUG - This is a debug message
2026-04-21 14:08:32,497 - performance_logger - DEBUG - This is a debug message
2026-04-21 14:08:32,498 - performance_logger - DEBUG - This is a debug message
2026-04-21 14:08:32,499 - performance_logger - DEBUG - This is a debug message
2026-04-21 14:08:32,500 - performance_logger - DEBUG - This is a debug message
2026-04-21 14:08:32,501 - performance_logger - DEBUG - This is a debug message
2026-04-21 14:08:32,502 - performance_logger - DEBUG - This is a debug message
2026-04-21 14:08:32,503 - performance_logger - DEBUG - This is a debug message
2026-04-21 14:08:32,504 - performance_logger - DEBUG - This is a debug message
2026-04-21 14:08:32,505 - performance_logger - DEBUG - This is a debug message
2026-04-21 14:08:32,506 - performance_logger - DEBUG - This is a debug message
2026-04-21 14:08:32,507 - performance_logger - DEBUG - This is a debug message
2026-04-21 14:08:32,508 - performance_logger - DEBUG - This is a debug message
2026-04-21 14:08:32,509 - performance_logger - DEBUG - This is a debug message
2026-04-21 14:08:32,510 - performance_logger - DEBUG - This is a debug message
2026-04-21 14:08:32,511 - performance_logger - DEBUG - This is a debug message
2026-04-21 14:08:32,512 - performance_logger - DEBUG - This is a debug message
2026-04-21 14:08:32,513 - performance_logger - DEBUG - This is a debug message
2026-04-21 14:08:32,515 - performance_logger - DEBUG - This is a debug message
2026-04-21 14:08:32,516 - performance_logger - DEBUG - This is a debug message
2026-04-21 14:08:32,516 - performance_logger - DEBUG - This is a debug message
2026-04-21 14:08:32,517 - performance_logger - DEBUG - This is a debug message
2026-04-21 14:08:32,519 - performance_logger - DEBUG - This is a debug message
2026-04-21 14:08:32,520 - performance_logger - DEBUG - This is a debug message
2026-04-21 14:08:32,522 - performance_logger - DEBUG - This is a debug message
2026-04-21 14:08:32,523 - performance_logger - DEBUG - This is a debug message
2026-04-21 14:08:32,524 - performance_logger - DEBUG - This is a debug message
2026-04-21 14:08:32,525 - performance_logger - DEBUG - This is a debug message
2026-04-21 14:08:32,526 - performance_logger - DEBUG - This is a debug message
2026-04-21 14:08:32,527 - performance_logger - DEBUG - This is a debug message
2026-04-21 14:08:32,528 - performance_logger - DEBUG - This is a debug message
2026-04-21 14:08:32,529 - performance_logger - DEBUG - This is a debug message
2026-04-21 14:08:32,531 - performance_logger - DEBUG - This is a debug message
2026-04-21 14:08:32,531 - performance_logger - DEBUG - This is a debug message
2026-04-21 14:08:32,532 - performance_logger - DEBUG - This is a debug message
2026-04-21 14:08:32,533 - performance_logger - DEBUG - This is a debug message
2026-04-21 14:08:32,534 - performance_logger - DEBUG - This is a debug message
2026-04-21 14:08:32,536 - performance_logger - DEBUG - This is a debug message
2026-04-21 14:08:32,537 - performance_logger - DEBUG - This is a debug message
2026-04-21 14:08:32,538 - performance_logger - DEBUG - This is a debug message
2026-04-21 14:08:32,539 - performance_logger - DEBUG - This is a debug message
2026-04-21 14:08:32,540 - performance_logger - DEBUG - This is a debug message
2026-04-21 14:08:32,541 - performance_logger - DEBUG - This is a debug message
2026-04-21 14:08:32,542 - performance_logger - DEBUG - This is a debug message
2026-04-21 14:08:32,543 - performance_logger - DEBUG - This is a debug message
2026-04-21 14:08:32,544 - performance_logger - DEBUG - This is a debug message
2026-04-21 14:08:32,545 - performance_logger - DEBUG - This is a debug message
2026-04-21 14:08:32,546 - performance_logger - DEBUG - This is a debug message
2026-04-21 14:08:32,547 - performance_logger - DEBUG - This is a debug message
2026-04-21 14:08:32,549 - performance_logger - DEBUG - This is a debug message
2026-04-21 14:08:32,549 - performance_logger - DEBUG - This is a debug message
2026-04-21 14:08:32,551 - performance_logger - DEBUG - This is a debug message
2026-04-21 14:08:32,552 - performance_logger - DEBUG - This is a debug message
2026-04-21 14:08:32,553 - performance_logger - DEBUG - This is a debug message
2026-04-21 14:08:32,554 - performance_logger - DEBUG - This is a debug message
2026-04-21 14:08:32,555 - performance_logger - DEBUG - This is a debug message
2026-04-21 14:08:32,556 - performance_logger - DEBUG - This is a debug message
2026-04-21 14:08:32,557 - performance_logger - DEBUG - This is a debug message
2026-04-21 14:08:32,558 - performance_logger - DEBUG - This is a debug message
2026-04-21 14:08:32,559 - performance_logger - DEBUG - This is a debug message
2026-04-21 14:08:32,562 - performance_logger - DEBUG - This is a debug message
2026-04-21 14:08:32,563 - performance_logger - DEBUG - This is a debug message
2026-04-21 14:08:32,567 - performance_logger - DEBUG - This is a debug message
2026-04-21 14:08:32,568 - performance_logger - DEBUG - This is a debug message
2026-04-21 14:08:32,571 - performance_logger - DEBUG - This is a debug message
2026-04-21 14:08:32,576 - performance_logger - DEBUG - This is a debug message
2026-04-21 14:08:32,577 - performance_logger - DEBUG - This is a debug message
2026-04-21 14:08:32,578 - performance_logger - DEBUG - This is a debug message
2026-04-21 14:08:32,579 - performance_logger - DEBUG - This is a debug message
2026-04-21 14:08:32,581 - performance_logger - DEBUG - This is a debug message
2026-04-21 14:08:32,582 - performance_logger - DEBUG - This is a debug message
2026-04-21 14:08:32,584 - performance_logger - DEBUG - This is a debug message
2026-04-21 14:08:32,585 - performance_logger - DEBUG - This is a debug message
2026-04-21 14:08:32,586 - performance_logger - DEBUG - This is a debug message
2026-04-21 14:08:32,587 - performance_logger - DEBUG - This is a debug message
2026-04-21 14:08:32,588 - performance_logger - DEBUG - This is a debug message
2026-04-21 14:08:32,589 - performance_logger - DEBUG - This is a debug message
2026-04-21 14:08:32,590 - performance_logger - DEBUG - This is a debug message
2026-04-21 14:08:32,591 - performance_logger - DEBUG - This is a debug message
2026-04-21 14:08:32,592 - performance_logger - DEBUG - This is a debug message
2026-04-21 14:08:32,593 - performance_logger - DEBUG - This is a debug message
2026-04-21 14:08:32,594 - performance_logger - DEBUG - This is a debug message
2026-04-21 14:08:32,595 - performance_logger - DEBUG - This is a debug message
2026-04-21 14:08:32,602 - performance_logger - DEBUG - This is a debug message
2026-04-21 14:08:32,604 - performance_logger - DEBUG - This is a debug message
2026-04-21 14:08:32,611 - performance_logger - DEBUG - This is a debug message
2026-04-21 14:08:32,613 - performance_logger - DEBUG - This is a debug message
2026-04-21 14:08:32,616 - performance_logger - DEBUG - This is a debug message
2026-04-21 14:08:32,622 - performance_logger - DEBUG - This is a debug message
2026-04-21 14:08:32,628 - performance_logger - DEBUG - This is a debug message
2026-04-21 14:08:32,635 - performance_logger - DEBUG - This is a debug message
2026-04-21 14:08:32,641 - performance_logger - DEBUG - This is a debug message
2026-04-21 14:08:32,642 - performance_logger - DEBUG - This is a debug message
2026-04-21 14:08:32,646 - performance_logger - DEBUG - This is a debug message
2026-04-21 14:08:32,648 - performance_logger - DEBUG - This is a debug message
2026-04-21 14:08:32,651 - performance_logger - DEBUG - This is a debug message
2026-04-21 14:08:32,654 - performance_logger - DEBUG - This is a debug message
2026-04-21 14:08:32,656 - performance_logger - DEBUG - This is a debug message
2026-04-21 14:08:32,664 - performance_logger - DEBUG - This is a debug message
2026-04-21 14:08:32,665 - performance_logger - DEBUG - This is a debug message
2026-04-21 14:08:32,672 - performance_logger - DEBUG - This is a debug message
2026-04-21 14:08:32,674 - performance_logger - DEBUG - This is a debug message
2026-04-21 14:08:32,679 - performance_logger - DEBUG - This is a debug message
2026-04-21 14:08:32,682 - performance_logger - DEBUG - This is a debug message
2026-04-21 14:08:32,690 - performance_logger - DEBUG - This is a debug message
2026-04-21 14:08:32,691 - performance_logger - DEBUG - This is a debug message
2026-04-21 14:08:32,696 - performance_logger - DEBUG - This is a debug message
2026-04-21 14:08:32,702 - performance_logger - DEBUG - This is a debug message
2026-04-21 14:08:32,707 - performance_logger - DEBUG - This is a debug message
2026-04-21 14:08:32,709 - performance_logger - DEBUG - This is a debug message
2026-04-21 14:08:32,719 - performance_logger - DEBUG - This is a debug message
2026-04-21 14:08:32,726 - performance_logger - DEBUG - This is a debug message
2026-04-21 14:08:32,728 - performance_logger - DEBUG - This is a debug message
2026-04-21 14:08:32,741 - performance_logger - DEBUG - This is a debug message
2026-04-21 14:08:32,749 - performance_logger - DEBUG - This is a debug message
2026-04-21 14:08:32,755 - performance_logger - DEBUG - This is a debug message
2026-04-21 14:08:32,761 - performance_logger - DEBUG - This is a debug message
2026-04-21 14:08:32,765 - performance_logger - DEBUG - This is a debug message
2026-04-21 14:08:32,767 - performance_logger - DEBUG - This is a debug message
2026-04-21 14:08:32,768 - performance_logger - DEBUG - This is a debug message
2026-04-21 14:08:32,769 - performance_logger - DEBUG - This is a debug message
2026-04-21 14:08:32,771 - performance_logger - DEBUG - This is a debug message
2026-04-21 14:08:32,772 - performance_logger - DEBUG - This is a debug message
2026-04-21 14:08:32,774 - performance_logger - DEBUG - This is a debug message
2026-04-21 14:08:32,775 - performance_logger - DEBUG - This is a debug message
2026-04-21 14:08:32,776 - performance_logger - DEBUG - This is a debug message
2026-04-21 14:08:32,778 - performance_logger - DEBUG - This is a debug message
2026-04-21 14:08:32,779 - performance_logger - DEBUG - This is a debug message
2026-04-21 14:08:32,780 - performance_logger - DEBUG - This is a debug message
2026-04-21 14:08:32,781 - performance_logger - DEBUG - This is a debug message
2026-04-21 14:08:32,783 - performance_logger - DEBUG - This is a debug message
2026-04-21 14:08:32,783 - performance_logger - DEBUG - This is a debug message
2026-04-21 14:08:32,784 - performance_logger - DEBUG - This is a debug message
2026-04-21 14:08:32,786 - performance_logger - DEBUG - This is a debug message
2026-04-21 14:08:32,788 - performance_logger - DEBUG - This is a debug message
2026-04-21 14:08:32,789 - performance_logger - DEBUG - This is a debug message
2026-04-21 14:08:32,790 - performance_logger - DEBUG - This is a debug message
2026-04-21 14:08:32,792 - performance_logger - DEBUG - This is a debug message
2026-04-21 14:08:32,793 - performance_logger - DEBUG - This is a debug message
2026-04-21 14:08:32,795 - performance_logger - DEBUG - This is a debug message
2026-04-21 14:08:32,801 - performance_logger - DEBUG - This is a debug message
2026-04-21 14:08:32,803 - performance_logger - DEBUG - This is a debug message
2026-04-21 14:08:32,804 - performance_logger - DEBUG - This is a debug message
2026-04-21 14:08:32,806 - performance_logger - DEBUG - This is a debug message
2026-04-21 14:08:32,807 - performance_logger - DEBUG - This is a debug message
2026-04-21 14:08:32,809 - performance_logger - DEBUG - This is a debug message
2026-04-21 14:08:32,810 - performance_logger - DEBUG - This is a debug message
2026-04-21 14:08:32,811 - performance_logger - DEBUG - This is a debug message
2026-04-21 14:08:32,812 - performance_logger - DEBUG - This is a debug message
2026-04-21 14:08:32,818 - performance_logger - DEBUG - This is a debug message
2026-04-21 14:08:32,819 - performance_logger - DEBUG - This is a debug message
2026-04-21 14:08:32,821 - performance_logger - DEBUG - This is a debug message
2026-04-21 14:08:32,822 - performance_logger - DEBUG - This is a debug message
2026-04-21 14:08:32,824 - performance_logger - DEBUG - This is a debug message
2026-04-21 14:08:32,825 - performance_logger - DEBUG - This is a debug message
2026-04-21 14:08:32,826 - performance_logger - DEBUG - This is a debug message
2026-04-21 14:08:32,827 - performance_logger - DEBUG - This is a debug message
2026-04-21 14:08:32,828 - performance_logger - DEBUG - This is a debug message
2026-04-21 14:08:32,829 - performance_logger - DEBUG - This is a debug message
2026-04-21 14:08:32,831 - performance_logger - DEBUG - This is a debug message
2026-04-21 14:08:32,832 - performance_logger - DEBUG - This is a debug message
2026-04-21 14:08:32,833 - performance_logger - DEBUG - This is a debug message
2026-04-21 14:08:32,834 - performance_logger - DEBUG - This is a debug message
2026-04-21 14:08:32,835 - performance_logger - DEBUG - This is a debug message
2026-04-21 14:08:32,837 - performance_logger - DEBUG - This is a debug message
2026-04-21 14:08:32,838 - performance_logger - DEBUG - This is a debug message
2026-04-21 14:08:32,839 - performance_logger - DEBUG - This is a debug message
2026-04-21 14:08:32,840 - performance_logger - DEBUG - This is a debug message
2026-04-21 14:08:32,841 - performance_logger - DEBUG - This is a debug message
2026-04-21 14:08:32,843 - performance_logger - DEBUG - This is a debug message
2026-04-21 14:08:32,844 - performance_logger - DEBUG - This is a debug message
2026-04-21 14:08:32,847 - performance_logger - DEBUG - This is a debug message
2026-04-21 14:08:32,848 - performance_logger - DEBUG - This is a debug message
2026-04-21 14:08:32,849 - performance_logger - DEBUG - This is a debug message
2026-04-21 14:08:32,851 - performance_logger - DEBUG - This is a debug message
2026-04-21 14:08:32,852 - performance_logger - DEBUG - This is a debug message
2026-04-21 14:08:32,857 - performance_logger - DEBUG - This is a debug message
2026-04-21 14:08:32,859 - performance_logger - DEBUG - This is a debug message
2026-04-21 14:08:32,863 - performance_logger - DEBUG - This is a debug message
2026-04-21 14:08:32,864 - performance_logger - DEBUG - This is a debug message
2026-04-21 14:08:32,865 - performance_logger - DEBUG - This is a debug message
2026-04-21 14:08:32,868 - performance_logger - DEBUG - This is a debug message
2026-04-21 14:08:32,870 - performance_logger - DEBUG - This is a debug message
2026-04-21 14:08:32,872 - performance_logger - DEBUG - This is a debug message
2026-04-21 14:08:32,874 - performance_logger - DEBUG - This is a debug message
2026-04-21 14:08:32,876 - performance_logger - DEBUG - This is a debug message
2026-04-21 14:08:32,879 - performance_logger - DEBUG - This is a debug message
2026-04-21 14:08:32,881 - performance_logger - DEBUG - This is a debug message
2026-04-21 14:08:32,882 - performance_logger - DEBUG - This is a debug message
2026-04-21 14:08:32,883 - performance_logger - DEBUG - This is a debug message
2026-04-21 14:08:32,886 - performance_logger - DEBUG - This is a debug message
2026-04-21 14:08:32,889 - performance_logger - DEBUG - This is a debug message
2026-04-21 14:08:32,890 - performance_logger - DEBUG - This is a debug message
2026-04-21 14:08:32,892 - performance_logger - DEBUG - This is a debug message
2026-04-21 14:08:32,898 - performance_logger - DEBUG - This is a debug message
2026-04-21 14:08:32,900 - performance_logger - DEBUG - This is a debug message
2026-04-21 14:08:32,905 - performance_logger - DEBUG - This is a debug message
2026-04-21 14:08:32,908 - performance_logger - DEBUG - This is a debug message
2026-04-21 14:08:32,911 - performance_logger - DEBUG - This is a debug message
2026-04-21 14:08:32,912 - performance_logger - DEBUG - This is a debug message
2026-04-21 14:08:32,916 - performance_logger - DEBUG - This is a debug message
2026-04-21 14:08:32,918 - performance_logger - DEBUG - This is a debug message
2026-04-21 14:08:32,920 - performance_logger - DEBUG - This is a debug message
2026-04-21 14:08:32,921 - performance_logger - DEBUG - This is a debug message
2026-04-21 14:08:32,922 - performance_logger - DEBUG - This is a debug message
2026-04-21 14:08:32,928 - performance_logger - DEBUG - This is a debug message
2026-04-21 14:08:32,929 - performance_logger - DEBUG - This is a debug message
2026-04-21 14:08:32,931 - performance_logger - DEBUG - This is a debug message
2026-04-21 14:08:32,932 - performance_logger - DEBUG - This is a debug message
2026-04-21 14:08:32,933 - performance_logger - DEBUG - This is a debug message
2026-04-21 14:08:32,936 - performance_logger - DEBUG - This is a debug message
2026-04-21 14:08:32,937 - performance_logger - DEBUG - This is a debug message
2026-04-21 14:08:32,939 - performance_logger - DEBUG - This is a debug message
2026-04-21 14:08:32,940 - performance_logger - DEBUG - This is a debug message
2026-04-21 14:08:32,941 - performance_logger - DEBUG - This is a debug message
2026-04-21 14:08:32,943 - performance_logger - DEBUG - This is a debug message
2026-04-21 14:08:32,943 - performance_logger - DEBUG - This is a debug message
2026-04-21 14:08:32,945 - performance_logger - DEBUG - This is a debug message
2026-04-21 14:08:32,946 - performance_logger - DEBUG - This is a debug message
2026-04-21 14:08:32,948 - performance_logger - DEBUG - This is a debug message
2026-04-21 14:08:32,949 - performance_logger - DEBUG - This is a debug message
2026-04-21 14:08:32,951 - performance_logger - DEBUG - This is a debug message
2026-04-21 14:08:32,954 - performance_logger - DEBUG - This is a debug message
2026-04-21 14:08:32,956 - performance_logger - DEBUG - This is a debug message
2026-04-21 14:08:32,957 - performance_logger - DEBUG - This is a debug message
2026-04-21 14:08:32,958 - performance_logger - DEBUG - This is a debug message
2026-04-21 14:08:32,960 - performance_logger - DEBUG - This is a debug message
2026-04-21 14:08:32,960 - performance_logger - DEBUG - This is a debug message
2026-04-21 14:08:32,961 - performance_logger - DEBUG - This is a debug message
2026-04-21 14:08:32,963 - performance_logger - DEBUG - This is a debug message
2026-04-21 14:08:32,964 - performance_logger - DEBUG - This is a debug message
2026-04-21 14:08:32,964 - performance_logger - DEBUG - This is a debug message
2026-04-21 14:08:32,966 - performance_logger - DEBUG - This is a debug message
2026-04-21 14:08:32,967 - performance_logger - DEBUG - This is a debug message
2026-04-21 14:08:32,968 - performance_logger - DEBUG - This is a debug message
2026-04-21 14:08:32,972 - performance_logger - DEBUG - This is a debug message
2026-04-21 14:08:32,973 - performance_logger - DEBUG - This is a debug message
2026-04-21 14:08:32,974 - performance_logger - DEBUG - This is a debug message
2026-04-21 14:08:32,975 - performance_logger - DEBUG - This is a debug message
2026-04-21 14:08:32,977 - performance_logger - DEBUG - This is a debug message
2026-04-21 14:08:32,977 - performance_logger - DEBUG - This is a debug message
2026-04-21 14:08:32,979 - performance_logger - DEBUG - This is a debug message
2026-04-21 14:08:32,979 - performance_logger - DEBUG - This is a debug message
2026-04-21 14:08:32,990 - performance_logger - DEBUG - This is a debug message
2026-04-21 14:08:32,991 - performance_logger - DEBUG - This is a debug message
2026-04-21 14:08:32,994 - performance_logger - DEBUG - This is a debug message
2026-04-21 14:08:32,996 - performance_logger - DEBUG - This is a debug message
2026-04-21 14:08:32,999 - performance_logger - DEBUG - This is a debug message
2026-04-21 14:08:33,001 - performance_logger - DEBUG - This is a debug message
2026-04-21 14:08:33,004 - performance_logger - DEBUG - This is a debug message
2026-04-21 14:08:33,006 - performance_logger - DEBUG - This is a debug message
2026-04-21 14:08:33,008 - performance_logger - DEBUG - This is a debug message
2026-04-21 14:08:33,020 - performance_logger - DEBUG - This is a debug message
2026-04-21 14:08:33,023 - performance_logger - DEBUG - This is a debug message
2026-04-21 14:08:33,030 - performance_logger - DEBUG - This is a debug message
2026-04-21 14:08:33,041 - performance_logger - DEBUG - This is a debug message
2026-04-21 14:08:33,043 - performance_logger - DEBUG - This is a debug message
2026-04-21 14:08:33,050 - performance_logger - DEBUG - This is a debug message
2026-04-21 14:08:33,057 - performance_logger - DEBUG - This is a debug message
2026-04-21 14:08:33,059 - performance_logger - DEBUG - This is a debug message
2026-04-21 14:08:33,070 - performance_logger - DEBUG - This is a debug message
2026-04-21 14:08:33,073 - performance_logger - DEBUG - This is a debug message
2026-04-21 14:08:33,077 - performance_logger - DEBUG - This is a debug message
2026-04-21 14:08:33,082 - performance_logger - DEBUG - This is a debug message
2026-04-21 14:08:33,096 - performance_logger - DEBUG - This is a debug message
2026-04-21 14:08:33,098 - performance_logger - DEBUG - This is a debug message
2026-04-21 14:08:33,102 - performance_logger - DEBUG - This is a debug message
2026-04-21 14:08:33,108 - performance_logger - DEBUG - This is a debug message
2026-04-21 14:08:33,116 - performance_logger - DEBUG - This is a debug message
2026-04-21 14:08:33,118 - performance_logger - DEBUG - This is a debug message
2026-04-21 14:08:33,131 - performance_logger - DEBUG - This is a debug message
2026-04-21 14:08:33,140 - performance_logger - DEBUG - This is a debug message
2026-04-21 14:08:33,144 - performance_logger - DEBUG - This is a debug message
2026-04-21 14:08:33,149 - performance_logger - DEBUG - This is a debug message
2026-04-21 14:08:33,159 - performance_logger - DEBUG - This is a debug message
2026-04-21 14:08:33,166 - performance_logger - DEBUG - This is a debug message
2026-04-21 14:08:33,173 - performance_logger - DEBUG - This is a debug message
2026-04-21 14:08:33,182 - performance_logger - DEBUG - This is a debug message
2026-04-21 14:08:33,188 - performance_logger - DEBUG - This is a debug message
2026-04-21 14:08:33,195 - performance_logger - DEBUG - This is a debug message
2026-04-21 14:08:33,201 - performance_logger - DEBUG - This is a debug message
2026-04-21 14:08:33,210 - performance_logger - DEBUG - This is a debug message
2026-04-21 14:08:33,212 - performance_logger - DEBUG - This is a debug message
2026-04-21 14:08:33,219 - performance_logger - DEBUG - This is a debug message
2026-04-21 14:08:33,225 - performance_logger - DEBUG - This is a debug message
2026-04-21 14:08:33,229 - performance_logger - DEBUG - This is a debug message
2026-04-21 14:08:33,244 - performance_logger - DEBUG - This is a debug message
2026-04-21 14:08:33,248 - performance_logger - DEBUG - This is a debug message
2026-04-21 14:08:33,258 - performance_logger - DEBUG - This is a debug message
2026-04-21 14:08:33,265 - performance_logger - DEBUG - This is a debug message
2026-04-21 14:08:33,269 - performance_logger - DEBUG - This is a debug message
2026-04-21 14:08:33,273 - performance_logger - DEBUG - This is a debug message
2026-04-21 14:08:33,278 - performance_logger - DEBUG - This is a debug message
2026-04-21 14:08:33,281 - performance_logger - DEBUG - This is a debug message
2026-04-21 14:08:33,288 - performance_logger - DEBUG - This is a debug message
2026-04-21 14:08:33,290 - performance_logger - DEBUG - This is a debug message
2026-04-21 14:08:33,297 - performance_logger - DEBUG - This is a debug message
2026-04-21 14:08:33,304 - performance_logger - DEBUG - This is a debug message
2026-04-21 14:08:33,306 - performance_logger - DEBUG - This is a debug message
2026-04-21 14:08:33,309 - performance_logger - DEBUG - This is a debug message
2026-04-21 14:08:33,310 - performance_logger - DEBUG - This is a debug message
2026-04-21 14:08:33,318 - performance_logger - DEBUG - This is a debug message
2026-04-21 14:08:33,323 - performance_logger - DEBUG - This is a debug message
2026-04-21 14:08:33,328 - performance_logger - DEBUG - This is a debug message
2026-04-21 14:08:33,331 - performance_logger - DEBUG - This is a debug message
2026-04-21 14:08:33,336 - performance_logger - DEBUG - This is a debug message
2026-04-21 14:08:33,344 - performance_logger - DEBUG - This is a debug message
2026-04-21 14:08:33,346 - performance_logger - DEBUG - This is a debug message
2026-04-21 14:08:33,348 - performance_logger - DEBUG - This is a debug message
2026-04-21 14:08:33,355 - performance_logger - DEBUG - This is a debug message
2026-04-21 14:08:33,358 - performance_logger - DEBUG - This is a debug message
2026-04-21 14:08:33,366 - performance_logger - DEBUG - This is a debug message
2026-04-21 14:08:33,369 - performance_logger - DEBUG - This is a debug message
2026-04-21 14:08:33,372 - performance_logger - DEBUG - This is a debug message
2026-04-21 14:08:33,377 - performance_logger - DEBUG - This is a debug message
2026-04-21 14:08:33,386 - performance_logger - DEBUG - This is a debug message
2026-04-21 14:08:33,397 - performance_logger - DEBUG - This is a debug message
2026-04-21 14:08:33,399 - performance_logger - DEBUG - This is a debug message
2026-04-21 14:08:33,410 - performance_logger - DEBUG - This is a debug message
2026-04-21 14:08:33,413 - performance_logger - DEBUG - This is a debug message
2026-04-21 14:08:33,415 - performance_logger - DEBUG - This is a debug message
2026-04-21 14:08:33,422 - performance_logger - DEBUG - This is a debug message
2026-04-21 14:08:33,427 - performance_logger - DEBUG - This is a debug message
2026-04-21 14:08:33,432 - performance_logger - DEBUG - This is a debug message
2026-04-21 14:08:33,435 - performance_logger - DEBUG - This is a debug message
2026-04-21 14:08:33,437 - performance_logger - DEBUG - This is a debug message
2026-04-21 14:08:33,442 - performance_logger - DEBUG - This is a debug message
2026-04-21 14:08:33,444 - performance_logger - DEBUG - This is a debug message
2026-04-21 14:08:33,448 - performance_logger - DEBUG - This is a debug message
2026-04-21 14:08:33,454 - performance_logger - DEBUG - This is a debug message
2026-04-21 14:08:33,457 - performance_logger - DEBUG - This is a debug message
2026-04-21 14:08:33,461 - performance_logger - DEBUG - This is a debug message
2026-04-21 14:08:33,467 - performance_logger - DEBUG - This is a debug message
2026-04-21 14:08:33,468 - performance_logger - DEBUG - This is a debug message
2026-04-21 14:08:33,469 - performance_logger - DEBUG - This is a debug message
2026-04-21 14:08:33,476 - performance_logger - DEBUG - This is a debug message
2026-04-21 14:08:33,478 - performance_logger - DEBUG - This is a debug message
2026-04-21 14:08:33,485 - performance_logger - DEBUG - This is a debug message
2026-04-21 14:08:33,487 - performance_logger - DEBUG - This is a debug message
2026-04-21 14:08:33,491 - performance_logger - DEBUG - This is a debug message
2026-04-21 14:08:33,499 - performance_logger - DEBUG - This is a debug message
2026-04-21 14:08:33,501 - performance_logger - DEBUG - This is a debug message
2026-04-21 14:08:33,507 - performance_logger - DEBUG - This is a debug message
2026-04-21 14:08:33,509 - performance_logger - DEBUG - This is a debug message
2026-04-21 14:08:33,514 - performance_logger - DEBUG - This is a debug message
2026-04-21 14:08:33,517 - performance_logger - DEBUG - This is a debug message
2026-04-21 14:08:33,521 - performance_logger - DEBUG - This is a debug message
2026-04-21 14:08:33,522 - performance_logger - DEBUG - This is a debug message
2026-04-21 14:08:33,524 - performance_logger - DEBUG - This is a debug message
2026-04-21 14:08:33,526 - performance_logger - DEBUG - This is a debug message
2026-04-21 14:08:33,528 - performance_logger - DEBUG - This is a debug message
2026-04-21 14:08:33,530 - performance_logger - DEBUG - This is a debug message
2026-04-21 14:08:33,532 - performance_logger - DEBUG - This is a debug message
2026-04-21 14:08:33,534 - performance_logger - DEBUG - This is a debug message
2026-04-21 14:08:33,536 - performance_logger - DEBUG - This is a debug message
2026-04-21 14:08:33,537 - performance_logger - DEBUG - This is a debug message
2026-04-21 14:08:33,539 - performance_logger - DEBUG - This is a debug message
2026-04-21 14:08:33,541 - performance_logger - DEBUG - This is a debug message
2026-04-21 14:08:33,542 - performance_logger - DEBUG - This is a debug message
2026-04-21 14:08:33,544 - performance_logger - DEBUG - This is a debug message
2026-04-21 14:08:33,546 - performance_logger - DEBUG - This is a debug message
2026-04-21 14:08:33,547 - performance_logger - DEBUG - This is a debug message
2026-04-21 14:08:33,550 - performance_logger - DEBUG - This is a debug message
2026-04-21 14:08:33,553 - performance_logger - DEBUG - This is a debug message
2026-04-21 14:08:33,554 - performance_logger - DEBUG - This is a debug message
2026-04-21 14:08:33,555 - performance_logger - DEBUG - This is a debug message
2026-04-21 14:08:33,558 - performance_logger - DEBUG - This is a debug message
2026-04-21 14:08:33,561 - performance_logger - DEBUG - This is a debug message
2026-04-21 14:08:33,563 - performance_logger - DEBUG - This is a debug message
2026-04-21 14:08:33,567 - performance_logger - DEBUG - This is a debug message
2026-04-21 14:08:33,570 - performance_logger - DEBUG - This is a debug message
2026-04-21 14:08:33,571 - performance_logger - DEBUG - This is a debug message
2026-04-21 14:08:33,573 - performance_logger - DEBUG - This is a debug message
2026-04-21 14:08:33,575 - performance_logger - DEBUG - This is a debug message
2026-04-21 14:08:33,579 - performance_logger - DEBUG - This is a debug message
2026-04-21 14:08:33,589 - performance_logger - DEBUG - This is a debug message
2026-04-21 14:08:33,594 - performance_logger - DEBUG - This is a debug message
2026-04-21 14:08:33,603 - performance_logger - DEBUG - This is a debug message
2026-04-21 14:08:33,607 - performance_logger - DEBUG - This is a debug message
2026-04-21 14:08:33,611 - performance_logger - DEBUG - This is a debug message
2026-04-21 14:08:33,619 - performance_logger - DEBUG - This is a debug message
2026-04-21 14:08:33,621 - performance_logger - DEBUG - This is a debug message
2026-04-21 14:08:33,625 - performance_logger - DEBUG - This is a debug message
2026-04-21 14:08:33,632 - performance_logger - DEBUG - This is a debug message
2026-04-21 14:08:33,636 - performance_logger - DEBUG - This is a debug message
2026-04-21 14:08:33,641 - performance_logger - DEBUG - This is a debug message
2026-04-21 14:08:33,646 - performance_logger - DEBUG - This is a debug message
2026-04-21 14:08:33,650 - performance_logger - DEBUG - This is a debug message
2026-04-21 14:08:33,654 - performance_logger - DEBUG - This is a debug message
2026-04-21 14:08:33,659 - performance_logger - DEBUG - This is a debug message
2026-04-21 14:08:33,664 - performance_logger - DEBUG - This is a debug message
2026-04-21 14:08:33,668 - performance_logger - DEBUG - This is a debug message
2026-04-21 14:08:33,672 - performance_logger - DEBUG - This is a debug message
2026-04-21 14:08:33,675 - performance_logger - DEBUG - This is a debug message
2026-04-21 14:08:33,679 - performance_logger - DEBUG - This is a debug message
2026-04-21 14:08:33,680 - performance_logger - DEBUG - This is a debug message
2026-04-21 14:08:33,682 - performance_logger - DEBUG - This is a debug message
2026-04-21 14:08:33,686 - performance_logger - DEBUG - This is a debug message
2026-04-21 14:08:33,687 - performance_logger - DEBUG - This is a debug message
2026-04-21 14:08:33,689 - performance_logger - DEBUG - This is a debug message
2026-04-21 14:08:33,694 - performance_logger - DEBUG - This is a debug message
2026-04-21 14:08:33,696 - performance_logger - DEBUG - This is a debug message
2026-04-21 14:08:33,698 - performance_logger - DEBUG - This is a debug message
2026-04-21 14:08:33,700 - performance_logger - DEBUG - This is a debug message
2026-04-21 14:08:33,702 - performance_logger - DEBUG - This is a debug message
2026-04-21 14:08:33,703 - performance_logger - DEBUG - This is a debug message
2026-04-21 14:08:33,705 - performance_logger - DEBUG - This is a debug message
2026-04-21 14:08:33,707 - performance_logger - DEBUG - This is a debug message
2026-04-21 14:08:33,708 - performance_logger - DEBUG - This is a debug message
2026-04-21 14:08:33,710 - performance_logger - DEBUG - This is a debug message
2026-04-21 14:08:33,712 - performance_logger - DEBUG - This is a debug message
2026-04-21 14:08:33,717 - performance_logger - DEBUG - This is a debug message
2026-04-21 14:08:33,720 - performance_logger - DEBUG - This is a debug message
2026-04-21 14:08:33,723 - performance_logger - DEBUG - This is a debug message
2026-04-21 14:08:33,724 - performance_logger - DEBUG - This is a debug message
2026-04-21 14:08:33,726 - performance_logger - DEBUG - This is a debug message
2026-04-21 14:08:33,728 - performance_logger - DEBUG - This is a debug message
2026-04-21 14:08:33,730 - performance_logger - DEBUG - This is a debug message
2026-04-21 14:08:33,731 - performance_logger - DEBUG - This is a debug message
2026-04-21 14:08:33,734 - performance_logger - DEBUG - This is a debug message
2026-04-21 14:08:33,736 - performance_logger - DEBUG - This is a debug message
2026-04-21 14:08:33,739 - performance_logger - DEBUG - This is a debug message
2026-04-21 14:08:33,741 - performance_logger - DEBUG - This is a debug message
2026-04-21 14:08:33,744 - performance_logger - DEBUG - This is a debug message
2026-04-21 14:08:33,746 - performance_logger - DEBUG - This is a debug message
2026-04-21 14:08:33,748 - performance_logger - DEBUG - This is a debug message
2026-04-21 14:08:33,750 - performance_logger - DEBUG - This is a debug message
2026-04-21 14:08:33,753 - performance_logger - DEBUG - This is a debug message
2026-04-21 14:08:33,754 - performance_logger - DEBUG - This is a debug message
2026-04-21 14:08:33,757 - performance_logger - DEBUG - This is a debug message
2026-04-21 14:08:33,760 - performance_logger - DEBUG - This is a debug message
2026-04-21 14:08:33,763 - performance_logger - DEBUG - This is a debug message
2026-04-21 14:08:33,765 - performance_logger - DEBUG - This is a debug message
2026-04-21 14:08:33,767 - performance_logger - DEBUG - This is a debug message
2026-04-21 14:08:33,769 - performance_logger - DEBUG - This is a debug message
2026-04-21 14:08:33,771 - performance_logger - DEBUG - This is a debug message
2026-04-21 14:08:33,773 - performance_logger - DEBUG - This is a debug message
2026-04-21 14:08:33,775 - performance_logger - DEBUG - This is a debug message
2026-04-21 14:08:33,778 - performance_logger - DEBUG - This is a debug message
2026-04-21 14:08:33,781 - performance_logger - DEBUG - This is a debug message
2026-04-21 14:08:33,784 - performance_logger - DEBUG - This is a debug message
2026-04-21 14:08:33,786 - performance_logger - DEBUG - This is a debug message
2026-04-21 14:08:33,788 - performance_logger - DEBUG - This is a debug message
2026-04-21 14:08:33,793 - performance_logger - DEBUG - This is a debug message
2026-04-21 14:08:33,797 - performance_logger - DEBUG - This is a debug message
2026-04-21 14:08:33,800 - performance_logger - DEBUG - This is a debug message
2026-04-21 14:08:33,801 - performance_logger - DEBUG - This is a debug message
2026-04-21 14:08:33,803 - performance_logger - DEBUG - This is a debug message
2026-04-21 14:08:33,805 - performance_logger - DEBUG - This is a debug message
2026-04-21 14:08:33,806 - performance_logger - DEBUG - This is a debug message
2026-04-21 14:08:33,811 - performance_logger - DEBUG - This is a debug message
2026-04-21 14:08:33,813 - performance_logger - DEBUG - This is a debug message
2026-04-21 14:08:33,815 - performance_logger - DEBUG - This is a debug message
2026-04-21 14:08:33,817 - performance_logger - DEBUG - This is a debug message
2026-04-21 14:08:33,819 - performance_logger - DEBUG - This is a debug message
2026-04-21 14:08:33,820 - performance_logger - DEBUG - This is a debug message
2026-04-21 14:08:33,823 - performance_logger - DEBUG - This is a debug message
2026-04-21 14:08:33,827 - performance_logger - DEBUG - This is a debug message
2026-04-21 14:08:33,830 - performance_logger - DEBUG - This is a debug message
2026-04-21 14:08:33,832 - performance_logger - DEBUG - This is a debug message
2026-04-21 14:08:33,834 - performance_logger - DEBUG - This is a debug message
2026-04-21 14:08:33,835 - performance_logger - DEBUG - This is a debug message
2026-04-21 14:08:33,837 - performance_logger - DEBUG - This is a debug message
2026-04-21 14:08:33,839 - performance_logger - DEBUG - This is a debug message
2026-04-21 14:08:33,843 - performance_logger - DEBUG - This is a debug message
2026-04-21 14:08:33,844 - performance_logger - DEBUG - This is a debug message
2026-04-21 14:08:33,845 - performance_logger - DEBUG - This is a debug message
2026-04-21 14:08:33,846 - performance_logger - DEBUG - This is a debug message
2026-04-21 14:08:33,847 - performance_logger - DEBUG - This is a debug message
2026-04-21 14:08:33,849 - performance_logger - DEBUG - This is a debug message
2026-04-21 14:08:33,851 - performance_logger - DEBUG - This is a debug message
2026-04-21 14:08:33,851 - performance_logger - DEBUG - This is a debug message
2026-04-21 14:08:33,852 - performance_logger - DEBUG - This is a debug message
2026-04-21 14:08:33,854 - performance_logger - DEBUG - This is a debug message
2026-04-21 14:08:33,855 - performance_logger - DEBUG - This is a debug message
2026-04-21 14:08:33,856 - performance_logger - DEBUG - This is a debug message
2026-04-21 14:08:33,857 - performance_logger - DEBUG - This is a debug message
2026-04-21 14:08:33,858 - performance_logger - DEBUG - This is a debug message
2026-04-21 14:08:33,860 - performance_logger - DEBUG - This is a debug message
2026-04-21 14:08:33,862 - performance_logger - DEBUG - This is a debug message
2026-04-21 14:08:33,863 - performance_logger - DEBUG - This is a debug message
2026-04-21 14:08:33,864 - performance_logger - DEBUG - This is a debug message
2026-04-21 14:08:33,865 - performance_logger - DEBUG - This is a debug message
2026-04-21 14:08:33,867 - performance_logger - DEBUG - This is a debug message
2026-04-21 14:08:33,868 - performance_logger - DEBUG - This is a debug message
2026-04-21 14:08:33,870 - performance_logger - DEBUG - This is a debug message
2026-04-21 14:08:33,871 - performance_logger - DEBUG - This is a debug message
2026-04-21 14:08:33,874 - performance_logger - DEBUG - This is a debug message
2026-04-21 14:08:33,877 - performance_logger - DEBUG - This is a debug message
2026-04-21 14:08:33,878 - performance_logger - DEBUG - This is a debug message
2026-04-21 14:08:33,881 - performance_logger - DEBUG - This is a debug message
2026-04-21 14:08:33,882 - performance_logger - DEBUG - This is a debug message
2026-04-21 14:08:33,884 - performance_logger - DEBUG - This is a debug message
2026-04-21 14:08:33,885 - performance_logger - DEBUG - This is a debug message
2026-04-21 14:08:33,886 - performance_logger - DEBUG - This is a debug message
2026-04-21 14:08:33,886 - performance_logger - DEBUG - This is a debug message
2026-04-21 14:08:33,890 - performance_logger - DEBUG - This is a debug message
2026-04-21 14:08:33,891 - performance_logger - DEBUG - This is a debug message
2026-04-21 14:08:33,892 - performance_logger - DEBUG - This is a debug message
2026-04-21 14:08:33,895 - performance_logger - DEBUG - This is a debug message
2026-04-21 14:08:33,896 - performance_logger - DEBUG - This is a debug message
2026-04-21 14:08:33,898 - performance_logger - DEBUG - This is a debug message
2026-04-21 14:08:33,901 - performance_logger - DEBUG - This is a debug message
2026-04-21 14:08:33,905 - performance_logger - DEBUG - This is a debug message
2026-04-21 14:08:33,911 - performance_logger - DEBUG - This is a debug message
2026-04-21 14:08:33,916 - performance_logger - DEBUG - This is a debug message
2026-04-21 14:08:33,930 - performance_logger - DEBUG - This is a debug message
2026-04-21 14:08:33,937 - performance_logger - DEBUG - This is a debug message
2026-04-21 14:08:33,943 - performance_logger - DEBUG - This is a debug message
2026-04-21 14:08:33,946 - performance_logger - DEBUG - This is a debug message
2026-04-21 14:08:33,952 - performance_logger - DEBUG - This is a debug message
2026-04-21 14:08:33,954 - performance_logger - DEBUG - This is a debug message
2026-04-21 14:08:33,956 - performance_logger - DEBUG - This is a debug message
2026-04-21 14:08:33,963 - performance_logger - DEBUG - This is a debug message
2026-04-21 14:08:33,966 - performance_logger - DEBUG - This is a debug message
2026-04-21 14:08:33,973 - performance_logger - DEBUG - This is a debug message
2026-04-21 14:08:33,978 - performance_logger - DEBUG - This is a debug message
2026-04-21 14:08:33,986 - performance_logger - DEBUG - This is a debug message
2026-04-21 14:08:33,987 - performance_logger - DEBUG - This is a debug message
2026-04-21 14:08:33,988 - performance_logger - DEBUG - This is a debug message
2026-04-21 14:08:33,994 - performance_logger - DEBUG - This is a debug message
2026-04-21 14:08:33,997 - performance_logger - DEBUG - This is a debug message
2026-04-21 14:08:34,004 - performance_logger - DEBUG - This is a debug message
2026-04-21 14:08:34,006 - performance_logger - DEBUG - This is a debug message
2026-04-21 14:08:34,010 - performance_logger - DEBUG - This is a debug message
2026-04-21 14:08:34,011 - performance_logger - DEBUG - This is a debug message
2026-04-21 14:08:34,013 - performance_logger - DEBUG - This is a debug message
2026-04-21 14:08:34,014 - performance_logger - DEBUG - This is a debug message
2026-04-21 14:08:34,016 - performance_logger - DEBUG - This is a debug message
2026-04-21 14:08:34,017 - performance_logger - DEBUG - This is a debug message
2026-04-21 14:08:34,019 - performance_logger - DEBUG - This is a debug message
2026-04-21 14:08:34,020 - performance_logger - DEBUG - This is a debug message
2026-04-21 14:08:34,021 - performance_logger - DEBUG - This is a debug message
2026-04-21 14:08:34,022 - performance_logger - DEBUG - This is a debug message
2026-04-21 14:08:34,026 - performance_logger - DEBUG - This is a debug message
2026-04-21 14:08:34,028 - performance_logger - DEBUG - This is a debug message
2026-04-21 14:08:34,032 - performance_logger - DEBUG - This is a debug message
2026-04-21 14:08:34,034 - performance_logger - DEBUG - This is a debug message
2026-04-21 14:08:34,035 - performance_logger - DEBUG - This is a debug message
2026-04-21 14:08:34,038 - performance_logger - DEBUG - This is a debug message
2026-04-21 14:08:34,040 - performance_logger - DEBUG - This is a debug message
2026-04-21 14:08:34,041 - performance_logger - DEBUG - This is a debug message
2026-04-21 14:08:34,042 - performance_logger - DEBUG - This is a debug message
2026-04-21 14:08:34,044 - performance_logger - DEBUG - This is a debug message
2026-04-21 14:08:34,045 - performance_logger - DEBUG - This is a debug message
2026-04-21 14:08:34,049 - performance_logger - DEBUG - This is a debug message
2026-04-21 14:08:34,050 - performance_logger - DEBUG - This is a debug message
2026-04-21 14:08:34,051 - performance_logger - DEBUG - This is a debug message
2026-04-21 14:08:34,052 - performance_logger - DEBUG - This is a debug message
2026-04-21 14:08:34,054 - performance_logger - DEBUG - This is a debug message
2026-04-21 14:08:34,055 - performance_logger - DEBUG - This is a debug message
2026-04-21 14:08:34,055 - performance_logger - DEBUG - This is a debug message
2026-04-21 14:08:34,057 - performance_logger - DEBUG - This is a debug message
2026-04-21 14:08:34,059 - performance_logger - DEBUG - This is a debug message
2026-04-21 14:08:34,063 - performance_logger - DEBUG - This is a debug message
2026-04-21 14:08:34,065 - performance_logger - DEBUG - This is a debug message
2026-04-21 14:08:34,068 - performance_logger - DEBUG - This is a debug message
2026-04-21 14:08:34,069 - performance_logger - DEBUG - This is a debug message
2026-04-21 14:08:34,073 - performance_logger - DEBUG - This is a debug message
2026-04-21 14:08:34,075 - performance_logger - DEBUG - This is a debug message
2026-04-21 14:08:34,076 - performance_logger - DEBUG - This is a debug message
2026-04-21 14:08:34,077 - performance_logger - DEBUG - This is a debug message
2026-04-21 14:08:34,078 - performance_logger - DEBUG - This is a debug message
2026-04-21 14:08:34,079 - performance_logger - DEBUG - This is a debug message
2026-04-21 14:08:34,079 - performance_logger - DEBUG - This is a debug message
2026-04-21 14:08:34,081 - performance_logger - DEBUG - This is a debug message
2026-04-21 14:08:34,082 - performance_logger - DEBUG - This is a debug message
2026-04-21 14:08:34,084 - performance_logger - DEBUG - This is a debug message
2026-04-21 14:08:34,086 - performance_logger - DEBUG - This is a debug message
2026-04-21 14:08:34,091 - performance_logger - DEBUG - This is a debug message
2026-04-21 14:08:34,093 - performance_logger - DEBUG - This is a debug message
2026-04-21 14:08:34,094 - performance_logger - DEBUG - This is a debug message
2026-04-21 14:08:34,096 - performance_logger - DEBUG - This is a debug message
2026-04-21 14:08:34,098 - performance_logger - DEBUG - This is a debug message
2026-04-21 14:08:34,100 - performance_logger - DEBUG - This is a debug message
2026-04-21 14:08:34,102 - performance_logger - DEBUG - This is a debug message
2026-04-21 14:08:34,103 - performance_logger - DEBUG - This is a debug message
2026-04-21 14:08:34,105 - performance_logger - DEBUG - This is a debug message
2026-04-21 14:08:34,108 - performance_logger - DEBUG - This is a debug message
2026-04-21 14:08:34,109 - performance_logger - DEBUG - This is a debug message
2026-04-21 14:08:34,111 - performance_logger - DEBUG - This is a debug message
2026-04-21 14:08:34,113 - performance_logger - DEBUG - This is a debug message
2026-04-21 14:08:34,115 - performance_logger - DEBUG - This is a debug message
2026-04-21 14:08:34,117 - performance_logger - DEBUG - This is a debug message
2026-04-21 14:08:34,119 - performance_logger - DEBUG - This is a debug message
2026-04-21 14:08:34,120 - performance_logger - DEBUG - This is a debug message
2026-04-21 14:08:34,122 - performance_logger - DEBUG - This is a debug message
2026-04-21 14:08:34,124 - performance_logger - DEBUG - This is a debug message
2026-04-21 14:08:34,126 - performance_logger - DEBUG - This is a debug message
2026-04-21 14:08:34,128 - performance_logger - DEBUG - This is a debug message
2026-04-21 14:08:34,130 - performance_logger - DEBUG - This is a debug message
2026-04-21 14:08:34,132 - performance_logger - DEBUG - This is a debug message
2026-04-21 14:08:34,134 - performance_logger - DEBUG - This is a debug message
2026-04-21 14:08:34,136 - performance_logger - DEBUG - This is a debug message
2026-04-21 14:08:34,137 - performance_logger - DEBUG - This is a debug message
2026-04-21 14:08:34,139 - performance_logger - DEBUG - This is a debug message
2026-04-21 14:08:34,141 - performance_logger - DEBUG - This is a debug message
2026-04-21 14:08:34,143 - performance_logger - DEBUG - This is a debug message
2026-04-21 14:08:34,145 - performance_logger - DEBUG - This is a debug message
2026-04-21 14:08:34,147 - performance_logger - DEBUG - This is a debug message
2026-04-21 14:08:34,149 - performance_logger - DEBUG - This is a debug message
2026-04-21 14:08:34,150 - performance_logger - DEBUG - This is a debug message
2026-04-21 14:08:34,152 - performance_logger - DEBUG - This is a debug message
2026-04-21 14:08:34,153 - performance_logger - DEBUG - This is a debug message
2026-04-21 14:08:34,155 - performance_logger - DEBUG - This is a debug message
2026-04-21 14:08:34,157 - performance_logger - DEBUG - This is a debug message
2026-04-21 14:08:34,158 - performance_logger - DEBUG - This is a debug message
2026-04-21 14:08:34,159 - performance_logger - DEBUG - This is a debug message
2026-04-21 14:08:34,160 - performance_logger - DEBUG - This is a debug message
2026-04-21 14:08:34,162 - performance_logger - DEBUG - This is a debug message
2026-04-21 14:08:34,164 - performance_logger - DEBUG - This is a debug message
2026-04-21 14:08:34,165 - performance_logger - DEBUG - This is a debug message
2026-04-21 14:08:34,166 - performance_logger - DEBUG - This is a debug message
2026-04-21 14:08:34,168 - performance_logger - DEBUG - This is a debug message
2026-04-21 14:08:34,169 - performance_logger - DEBUG - This is a debug message
2026-04-21 14:08:34,171 - performance_logger - DEBUG - This is a debug message
2026-04-21 14:08:34,173 - performance_logger - DEBUG - This is a debug message
2026-04-21 14:08:34,175 - performance_logger - DEBUG - This is a debug message
2026-04-21 14:08:34,176 - performance_logger - DEBUG - This is a debug message
2026-04-21 14:08:34,178 - performance_logger - DEBUG - This is a debug message
2026-04-21 14:08:34,179 - performance_logger - DEBUG - This is a debug message
2026-04-21 14:08:34,180 - performance_logger - DEBUG - This is a debug message
2026-04-21 14:08:34,182 - performance_logger - DEBUG - This is a debug message
2026-04-21 14:08:34,183 - performance_logger - DEBUG - This is a debug message
2026-04-21 14:08:34,185 - performance_logger - DEBUG - This is a debug message
2026-04-21 14:08:34,186 - performance_logger - DEBUG - This is a debug message
2026-04-21 14:08:34,187 - performance_logger - DEBUG - This is a debug message
2026-04-21 14:08:34,189 - performance_logger - DEBUG - This is a debug message
2026-04-21 14:08:34,191 - performance_logger - DEBUG - This is a debug message
2026-04-21 14:08:34,192 - performance_logger - DEBUG - This is a debug message
2026-04-21 14:08:34,192 - performance_logger - DEBUG - This is a debug message
2026-04-21 14:08:34,194 - performance_logger - DEBUG - This is a debug message
2026-04-21 14:08:34,196 - performance_logger - DEBUG - This is a debug message
2026-04-21 14:08:34,197 - performance_logger - DEBUG - This is a debug message
2026-04-21 14:08:34,198 - performance_logger - DEBUG - This is a debug message
2026-04-21 14:08:34,199 - performance_logger - DEBUG - This is a debug message
2026-04-21 14:08:34,202 - performance_logger - DEBUG - This is a debug message
2026-04-21 14:08:34,205 - performance_logger - DEBUG - This is a debug message
2026-04-21 14:08:34,214 - performance_logger - DEBUG - This is a debug message
2026-04-21 14:08:34,220 - performance_logger - DEBUG - This is a debug message
2026-04-21 14:08:34,221 - performance_logger - DEBUG - This is a debug message
2026-04-21 14:08:34,223 - performance_logger - DEBUG - This is a debug message
2026-04-21 14:08:34,228 - performance_logger - DEBUG - This is a debug message
2026-04-21 14:08:34,232 - performance_logger - DEBUG - This is a debug message
2026-04-21 14:08:34,233 - performance_logger - DEBUG - This is a debug message
2026-04-21 14:08:34,234 - performance_logger - DEBUG - This is a debug message
2026-04-21 14:08:34,235 - performance_logger - DEBUG - This is a debug message
2026-04-21 14:08:34,236 - performance_logger - DEBUG - This is a debug message
2026-04-21 14:08:34,240 - performance_logger - DEBUG - This is a debug message
2026-04-21 14:08:34,241 - performance_logger - DEBUG - This is a debug message
2026-04-21 14:08:34,244 - performance_logger - DEBUG - This is a debug message
2026-04-21 14:08:34,249 - performance_logger - DEBUG - This is a debug message
2026-04-21 14:08:34,252 - performance_logger - DEBUG - This is a debug message
2026-04-21 14:08:34,255 - performance_logger - DEBUG - This is a debug message
2026-04-21 14:08:34,257 - performance_logger - DEBUG - This is a debug message
2026-04-21 14:08:34,262 - performance_logger - DEBUG - This is a debug message
2026-04-21 14:08:34,266 - performance_logger - DEBUG - This is a debug message
2026-04-21 14:08:34,271 - performance_logger - DEBUG - This is a debug message
2026-04-21 14:08:34,279 - performance_logger - DEBUG - This is a debug message
2026-04-21 14:08:34,285 - performance_logger - DEBUG - This is a debug message
2026-04-21 14:08:34,292 - performance_logger - DEBUG - This is a debug message
2026-04-21 14:08:34,294 - performance_logger - DEBUG - This is a debug message
2026-04-21 14:08:34,296 - performance_logger - DEBUG - This is a debug message
2026-04-21 14:08:34,299 - performance_logger - DEBUG - This is a debug message
2026-04-21 14:08:34,304 - performance_logger - DEBUG - This is a debug message
2026-04-21 14:08:34,307 - performance_logger - DEBUG - This is a debug message
2026-04-21 14:08:34,311 - performance_logger - DEBUG - This is a debug message
2026-04-21 14:08:34,315 - performance_logger - DEBUG - This is a debug message
2026-04-21 14:08:34,316 - performance_logger - DEBUG - This is a debug message
2026-04-21 14:08:34,318 - performance_logger - DEBUG - This is a debug message
2026-04-21 14:08:34,328 - performance_logger - DEBUG - This is a debug message
2026-04-21 14:08:34,329 - performance_logger - DEBUG - This is a debug message
2026-04-21 14:08:34,336 - performance_logger - DEBUG - This is a debug message
2026-04-21 14:08:34,338 - performance_logger - DEBUG - This is a debug message
2026-04-21 14:08:34,341 - performance_logger - DEBUG - This is a debug message
2026-04-21 14:08:34,342 - performance_logger - DEBUG - This is a debug message
2026-04-21 14:08:34,350 - performance_logger - DEBUG - This is a debug message
2026-04-21 14:08:34,353 - performance_logger - DEBUG - This is a debug message
2026-04-21 14:08:34,359 - performance_logger - DEBUG - This is a debug message
2026-04-21 14:08:34,362 - performance_logger - DEBUG - This is a debug message
2026-04-21 14:08:34,368 - performance_logger - DEBUG - This is a debug message
2026-04-21 14:08:34,371 - performance_logger - DEBUG - This is a debug message
2026-04-21 14:08:34,376 - performance_logger - DEBUG - This is a debug message
2026-04-21 14:08:34,381 - performance_logger - DEBUG - This is a debug message
2026-04-21 14:08:34,383 - performance_logger - DEBUG - This is a debug message
2026-04-21 14:08:34,384 - performance_logger - DEBUG - This is a debug message
2026-04-21 14:08:34,393 - performance_logger - DEBUG - This is a debug message
2026-04-21 14:08:34,395 - performance_logger - DEBUG - This is a debug message
2026-04-21 14:08:34,400 - performance_logger - DEBUG - This is a debug message
2026-04-21 14:08:34,406 - performance_logger - DEBUG - This is a debug message
2026-04-21 14:08:34,412 - performance_logger - DEBUG - This is a debug message
2026-04-21 14:08:34,413 - performance_logger - DEBUG - This is a debug message
2026-04-21 14:08:34,419 - performance_logger - DEBUG - This is a debug message
2026-04-21 14:08:34,424 - performance_logger - DEBUG - This is a debug message
2026-04-21 14:08:34,430 - performance_logger - DEBUG - This is a debug message
2026-04-21 14:08:34,433 - performance_logger - DEBUG - This is a debug message
2026-04-21 14:08:34,438 - performance_logger - DEBUG - This is a debug message
2026-04-21 14:08:34,442 - performance_logger - DEBUG - This is a debug message
2026-04-21 14:08:34,450 - performance_logger - DEBUG - This is a debug message
2026-04-21 14:08:34,452 - performance_logger - DEBUG - This is a debug message
2026-04-21 14:08:34,460 - performance_logger - DEBUG - This is a debug message
2026-04-21 14:08:34,462 - performance_logger - DEBUG - This is a debug message
2026-04-21 14:08:34,468 - performance_logger - DEBUG - This is a debug message
2026-04-21 14:08:34,469 - performance_logger - DEBUG - This is a debug message
2026-04-21 14:08:34,470 - performance_logger - DEBUG - This is a debug message
2026-04-21 14:08:34,479 - performance_logger - DEBUG - This is a debug message
2026-04-21 14:08:34,480 - performance_logger - DEBUG - This is a debug message
2026-04-21 14:08:34,490 - performance_logger - DEBUG - This is a debug message
2026-04-21 14:08:34,496 - performance_logger - DEBUG - This is a debug message
2026-04-21 14:08:34,499 - performance_logger - DEBUG - This is a debug message
2026-04-21 14:08:34,503 - performance_logger - DEBUG - This is a debug message
2026-04-21 14:08:34,505 - performance_logger - DEBUG - This is a debug message
2026-04-21 14:08:34,509 - performance_logger - DEBUG - This is a debug message
2026-04-21 14:08:34,511 - performance_logger - DEBUG - This is a debug message
2026-04-21 14:08:34,515 - performance_logger - DEBUG - This is a debug message
2026-04-21 14:08:34,517 - performance_logger - DEBUG - This is a debug message
2026-04-21 14:08:34,519 - performance_logger - DEBUG - This is a debug message
2026-04-21 14:08:34,519 - performance_logger - DEBUG - This is a debug message
2026-04-21 14:08:34,520 - performance_logger - DEBUG - This is a debug message
2026-04-21 14:08:34,521 - performance_logger - DEBUG - This is a debug message
2026-04-21 14:08:34,522 - performance_logger - DEBUG - This is a debug message
2026-04-21 14:08:34,523 - performance_logger - DEBUG - This is a debug message
2026-04-21 14:08:34,523 - performance_logger - DEBUG - This is a debug message
2026-04-21 14:08:34,528 - performance_logger - DEBUG - This is a debug message
2026-04-21 14:08:34,533 - performance_logger - DEBUG - This is a debug message
2026-04-21 14:08:34,535 - performance_logger - DEBUG - This is a debug message
2026-04-21 14:08:34,542 - performance_logger - DEBUG - This is a debug message
2026-04-21 14:08:34,545 - performance_logger - DEBUG - This is a debug message
2026-04-21 14:08:34,546 - performance_logger - DEBUG - This is a debug message
2026-04-21 14:08:34,547 - performance_logger - DEBUG - This is a debug message
2026-04-21 14:08:34,548 - performance_logger - DEBUG - This is a debug message
2026-04-21 14:08:34,549 - performance_logger - DEBUG - This is a debug message
2026-04-21 14:08:34,551 - performance_logger - DEBUG - This is a debug message
2026-04-21 14:08:34,552 - performance_logger - DEBUG - This is a debug message
2026-04-21 14:08:34,552 - performance_logger - DEBUG - This is a debug message
2026-04-21 14:08:34,553 - performance_logger - DEBUG - This is a debug message
2026-04-21 14:08:34,555 - performance_logger - DEBUG - This is a debug message
2026-04-21 14:08:34,555 - performance_logger - DEBUG - This is a debug message
2026-04-21 14:08:34,556 - performance_logger - DEBUG - This is a debug message
2026-04-21 14:08:34,558 - performance_logger - DEBUG - This is a debug message
2026-04-21 14:08:34,558 - performance_logger - DEBUG - This is a debug message
2026-04-21 14:08:34,559 - performance_logger - DEBUG - This is a debug message
2026-04-21 14:08:34,562 - performance_logger - DEBUG - This is a debug message
2026-04-21 14:08:34,562 - performance_logger - DEBUG - This is a debug message
2026-04-21 14:08:34,563 - performance_logger - DEBUG - This is a debug message
2026-04-21 14:08:34,564 - performance_logger - DEBUG - This is a debug message
2026-04-21 14:08:34,566 - performance_logger - DEBUG - This is a debug message
2026-04-21 14:08:34,567 - performance_logger - DEBUG - This is a debug message
2026-04-21 14:08:34,568 - performance_logger - DEBUG - This is a debug message
2026-04-21 14:08:34,570 - performance_logger - DEBUG - This is a debug message
2026-04-21 14:08:34,570 - performance_logger - DEBUG - This is a debug message
2026-04-21 14:08:34,571 - performance_logger - DEBUG - This is a debug message
2026-04-21 14:08:34,572 - performance_logger - DEBUG - This is a debug message
2026-04-21 14:08:34,573 - performance_logger - DEBUG - This is a debug message
2026-04-21 14:08:34,577 - performance_logger - DEBUG - This is a debug message
2026-04-21 14:08:34,578 - performance_logger - DEBUG - This is a debug message
2026-04-21 14:08:34,579 - performance_logger - DEBUG - This is a debug message
2026-04-21 14:08:34,583 - performance_logger - DEBUG - This is a debug message
2026-04-21 14:08:34,588 - performance_logger - DEBUG - This is a debug message
2026-04-21 14:08:34,589 - performance_logger - DEBUG - This is a debug message
2026-04-21 14:08:34,597 - performance_logger - DEBUG - This is a debug message
2026-04-21 14:08:34,600 - performance_logger - DEBUG - This is a debug message
2026-04-21 14:08:34,614 - performance_logger - DEBUG - This is a debug message
2026-04-21 14:08:34,616 - performance_logger - DEBUG - This is a debug message
2026-04-21 14:08:34,617 - performance_logger - DEBUG - This is a debug message
2026-04-21 14:08:34,629 - performance_logger - DEBUG - This is a debug message
2026-04-21 14:08:34,633 - performance_logger - DEBUG - This is a debug message
2026-04-21 14:08:34,635 - performance_logger - DEBUG - This is a debug message
2026-04-21 14:08:34,639 - performance_logger - DEBUG - This is a debug message
2026-04-21 14:08:34,643 - performance_logger - DEBUG - This is a debug message
2026-04-21 14:08:34,647 - performance_logger - DEBUG - This is a debug message
2026-04-21 14:08:34,651 - performance_logger - DEBUG - This is a debug message
2026-04-21 14:08:34,658 - performance_logger - DEBUG - This is a debug message
2026-04-21 14:08:34,660 - performance_logger - DEBUG - This is a debug message
2026-04-21 14:08:34,664 - performance_logger - DEBUG - This is a debug message
2026-04-21 14:08:34,668 - performance_logger - DEBUG - This is a debug message
2026-04-21 14:08:34,672 - performance_logger - DEBUG - This is a debug message
2026-04-21 14:08:34,676 - performance_logger - DEBUG - This is a debug message
2026-04-21 14:08:34,681 - performance_logger - DEBUG - This is a debug message
2026-04-21 14:08:34,684 - performance_logger - DEBUG - This is a debug message
2026-04-21 14:08:34,686 - performance_logger - DEBUG - This is a debug message
2026-04-21 14:08:34,689 - performance_logger - DEBUG - This is a debug message
2026-04-21 14:08:34,694 - performance_logger - DEBUG - This is a debug message
2026-04-21 14:08:34,697 - performance_logger - DEBUG - This is a debug message
2026-04-21 14:08:34,698 - performance_logger - DEBUG - This is a debug message
2026-04-21 14:08:34,700 - performance_logger - DEBUG - This is a debug message
2026-04-21 14:08:34,702 - performance_logger - DEBUG - This is a debug message
2026-04-21 14:08:34,704 - performance_logger - DEBUG - This is a debug message
2026-04-21 14:08:34,705 - performance_logger - DEBUG - This is a debug message
2026-04-21 14:08:34,708 - performance_logger - DEBUG - This is a debug message
2026-04-21 14:08:34,713 - performance_logger - DEBUG - This is a debug message
2026-04-21 14:08:34,715 - performance_logger - DEBUG - This is a debug message
2026-04-21 14:08:34,719 - performance_logger - DEBUG - This is a debug message
2026-04-21 14:08:34,721 - performance_logger - DEBUG - This is a debug message
2026-04-21 14:08:34,724 - performance_logger - DEBUG - This is a debug message
2026-04-21 14:08:34,727 - performance_logger - DEBUG - This is a debug message
2026-04-21 14:08:34,731 - performance_logger - DEBUG - This is a debug message
2026-04-21 14:08:34,735 - performance_logger - DEBUG - This is a debug message
2026-04-21 14:08:34,741 - performance_logger - DEBUG - This is a debug message
2026-04-21 14:08:34,743 - performance_logger - DEBUG - This is a debug message
2026-04-21 14:08:34,751 - performance_logger - DEBUG - This is a debug message
2026-04-21 14:08:34,755 - performance_logger - DEBUG - This is a debug message
2026-04-21 14:08:34,760 - performance_logger - DEBUG - This is a debug message
2026-04-21 14:08:34,762 - performance_logger - DEBUG - This is a debug message
2026-04-21 14:08:34,768 - performance_logger - DEBUG - This is a debug message
2026-04-21 14:08:34,774 - performance_logger - DEBUG - This is a debug message
2026-04-21 14:08:34,783 - performance_logger - DEBUG - This is a debug message
2026-04-21 14:08:34,789 - performance_logger - DEBUG - This is a debug message
2026-04-21 14:08:34,792 - performance_logger - DEBUG - This is a debug message
2026-04-21 14:08:34,801 - performance_logger - DEBUG - This is a debug message
2026-04-21 14:08:34,805 - performance_logger - DEBUG - This is a debug message
2026-04-21 14:08:34,811 - performance_logger - DEBUG - This is a debug message
2026-04-21 14:08:34,816 - performance_logger - DEBUG - This is a debug message
2026-04-21 14:08:34,821 - performance_logger - DEBUG - This is a debug message
2026-04-21 14:08:34,825 - performance_logger - DEBUG - This is a debug message
2026-04-21 14:08:34,829 - performance_logger - DEBUG - This is a debug message
2026-04-21 14:08:34,837 - performance_logger - DEBUG - This is a debug message
2026-04-21 14:08:34,839 - performance_logger - DEBUG - This is a debug message
2026-04-21 14:08:34,844 - performance_logger - DEBUG - This is a debug message
2026-04-21 14:08:34,854 - performance_logger - DEBUG - This is a debug message
2026-04-21 14:08:34,856 - performance_logger - DEBUG - This is a debug message
2026-04-21 14:08:34,864 - performance_logger - DEBUG - This is a debug message
2026-04-21 14:08:34,866 - performance_logger - DEBUG - This is a debug message
2026-04-21 14:08:34,870 - performance_logger - DEBUG - This is a debug message
2026-04-21 14:08:34,874 - performance_logger - DEBUG - This is a debug message
2026-04-21 14:08:34,882 - performance_logger - DEBUG - This is a debug message
2026-04-21 14:08:34,887 - performance_logger - DEBUG - This is a debug message
2026-04-21 14:08:34,889 - performance_logger - DEBUG - This is a debug message
2026-04-21 14:08:34,892 - performance_logger - DEBUG - This is a debug message
2026-04-21 14:08:34,895 - performance_logger - DEBUG - This is a debug message
2026-04-21 14:08:34,898 - performance_logger - DEBUG - This is a debug message
2026-04-21 14:08:34,902 - performance_logger - DEBUG - This is a debug message
2026-04-21 14:08:34,905 - performance_logger - DEBUG - This is a debug message
2026-04-21 14:08:34,908 - performance_logger - DEBUG - This is a debug message
2026-04-21 14:08:34,909 - performance_logger - DEBUG - This is a debug message
2026-04-21 14:08:34,912 - performance_logger - DEBUG - This is a debug message
2026-04-21 14:08:34,915 - performance_logger - DEBUG - This is a debug message
2026-04-21 14:08:34,917 - performance_logger - DEBUG - This is a debug message
2026-04-21 14:08:34,920 - performance_logger - DEBUG - This is a debug message
2026-04-21 14:08:34,922 - performance_logger - DEBUG - This is a debug message
2026-04-21 14:08:34,924 - performance_logger - DEBUG - This is a debug message
2026-04-21 14:08:34,947 - performance_logger - DEBUG - This is a debug message
2026-04-21 14:08:34,948 - performance_logger - DEBUG - This is a debug message
2026-04-21 14:08:34,959 - performance_logger - DEBUG - This is a debug message
2026-04-21 14:08:34,960 - performance_logger - DEBUG - This is a debug message
2026-04-21 14:08:34,968 - performance_logger - DEBUG - This is a debug message
2026-04-21 14:08:34,971 - performance_logger - DEBUG - This is a debug message
2026-04-21 14:08:34,974 - performance_logger - DEBUG - This is a debug message
2026-04-21 14:08:34,980 - performance_logger - DEBUG - This is a debug message
2026-04-21 14:08:34,983 - performance_logger - DEBUG - This is a debug message
2026-04-21 14:08:34,989 - performance_logger - DEBUG - This is a debug message
2026-04-21 14:08:35,004 - performance_logger - DEBUG - This is a debug message
2026-04-21 14:08:35,007 - performance_logger - DEBUG - This is a debug message
2026-04-21 14:08:35,013 - performance_logger - DEBUG - This is a debug message
2026-04-21 14:08:35,020 - performance_logger - DEBUG - This is a debug message
2026-04-21 14:08:35,024 - performance_logger - DEBUG - This is a debug message
2026-04-21 14:08:35,030 - performance_logger - DEBUG - This is a debug message
2026-04-21 14:08:35,035 - performance_logger - DEBUG - This is a debug message
2026-04-21 14:08:35,040 - performance_logger - DEBUG - This is a debug message
2026-04-21 14:08:35,045 - performance_logger - DEBUG - This is a debug message
2026-04-21 14:08:35,053 - performance_logger - DEBUG - This is a debug message
2026-04-21 14:08:35,061 - performance_logger - DEBUG - This is a debug message
2026-04-21 14:08:35,068 - performance_logger - DEBUG - This is a debug message
2026-04-21 14:08:35,070 - performance_logger - DEBUG - This is a debug message
2026-04-21 14:08:35,081 - performance_logger - DEBUG - This is a debug message
2026-04-21 14:08:35,092 - performance_logger - DEBUG - This is a debug message
2026-04-21 14:08:35,103 - performance_logger - DEBUG - This is a debug message
2026-04-21 14:08:35,116 - performance_logger - DEBUG - This is a debug message
2026-04-21 14:08:35,121 - performance_logger - DEBUG - This is a debug message
2026-04-21 14:08:35,130 - performance_logger - DEBUG - This is a debug message
2026-04-21 14:08:35,138 - performance_logger - DEBUG - This is a debug message
2026-04-21 14:08:35,146 - performance_logger - DEBUG - This is a debug message
2026-04-21 14:08:35,154 - performance_logger - DEBUG - This is a debug message
2026-04-21 14:08:35,157 - performance_logger - DEBUG - This is a debug message
2026-04-21 14:08:35,165 - performance_logger - DEBUG - This is a debug message
2026-04-21 14:08:35,174 - performance_logger - DEBUG - This is a debug message
2026-04-21 14:08:35,180 - performance_logger - DEBUG - This is a debug message
2026-04-21 14:08:35,184 - performance_logger - DEBUG - This is a debug message
2026-04-21 14:08:35,193 - performance_logger - DEBUG - This is a debug message
2026-04-21 14:08:35,202 - performance_logger - DEBUG - This is a debug message
2026-04-21 14:08:35,214 - performance_logger - DEBUG - This is a debug message
2026-04-21 14:08:35,222 - performance_logger - DEBUG - This is a debug message
2026-04-21 14:08:35,233 - performance_logger - DEBUG - This is a debug message
2026-04-21 14:08:35,244 - performance_logger - DEBUG - This is a debug message
2026-04-21 14:08:35,252 - performance_logger - DEBUG - This is a debug message
2026-04-21 14:08:35,261 - performance_logger - DEBUG - This is a debug message
2026-04-21 14:08:35,266 - performance_logger - DEBUG - This is a debug message
2026-04-21 14:08:35,275 - performance_logger - DEBUG - This is a debug message
2026-04-21 14:08:35,280 - performance_logger - DEBUG - This is a debug message
2026-04-21 14:08:35,286 - performance_logger - DEBUG - This is a debug message
2026-04-21 14:08:35,297 - performance_logger - DEBUG - This is a debug message
2026-04-21 14:08:35,302 - performance_logger - DEBUG - This is a debug message
2026-04-21 14:08:35,320 - performance_logger - DEBUG - This is a debug message
2026-04-21 14:08:35,323 - performance_logger - DEBUG - This is a debug message
2026-04-21 14:08:35,327 - performance_logger - DEBUG - This is a debug message
2026-04-21 14:08:35,333 - performance_logger - DEBUG - This is a debug message
2026-04-21 14:08:35,339 - performance_logger - DEBUG - This is a debug message
2026-04-21 14:08:35,343 - performance_logger - DEBUG - This is a debug message
2026-04-21 14:08:35,345 - performance_logger - DEBUG - This is a debug message
2026-04-21 14:08:35,354 - performance_logger - DEBUG - This is a debug message
2026-04-21 14:08:35,360 - performance_logger - DEBUG - This is a debug message
2026-04-21 14:08:35,365 - performance_logger - DEBUG - This is a debug message
2026-04-21 14:08:35,372 - performance_logger - DEBUG - This is a debug message
2026-04-21 14:08:35,379 - performance_logger - DEBUG - This is a debug message
2026-04-21 14:08:35,385 - performance_logger - DEBUG - This is a debug message
2026-04-21 14:08:35,388 - performance_logger - DEBUG - This is a debug message
2026-04-21 14:08:35,397 - performance_logger - DEBUG - This is a debug message
2026-04-21 14:08:35,406 - performance_logger - DEBUG - This is a debug message
2026-04-21 14:08:35,413 - performance_logger - DEBUG - This is a debug message
2026-04-21 14:08:35,420 - performance_logger - DEBUG - This is a debug message
2026-04-21 14:08:35,428 - performance_logger - DEBUG - This is a debug message
2026-04-21 14:08:35,433 - performance_logger - DEBUG - This is a debug message
2026-04-21 14:08:35,440 - performance_logger - DEBUG - This is a debug message
2026-04-21 14:08:35,446 - performance_logger - DEBUG - This is a debug message
2026-04-21 14:08:35,449 - performance_logger - DEBUG - This is a debug message
2026-04-21 14:08:35,451 - performance_logger - DEBUG - This is a debug message
2026-04-21 14:08:35,453 - performance_logger - DEBUG - This is a debug message
2026-04-21 14:08:35,455 - performance_logger - DEBUG - This is a debug message
2026-04-21 14:08:35,460 - performance_logger - DEBUG - This is a debug message
2026-04-21 14:08:35,463 - performance_logger - DEBUG - This is a debug message
2026-04-21 14:08:35,465 - performance_logger - DEBUG - This is a debug message
2026-04-21 14:08:35,468 - performance_logger - DEBUG - This is a debug message
2026-04-21 14:08:35,469 - performance_logger - DEBUG - This is a debug message
2026-04-21 14:08:35,472 - performance_logger - DEBUG - This is a debug message
2026-04-21 14:08:35,474 - performance_logger - DEBUG - This is a debug message
2026-04-21 14:08:35,476 - performance_logger - DEBUG - This is a debug message
2026-04-21 14:08:35,480 - performance_logger - DEBUG - This is a debug message
2026-04-21 14:08:35,481 - performance_logger - DEBUG - This is a debug message
2026-04-21 14:08:35,483 - performance_logger - DEBUG - This is a debug message
2026-04-21 14:08:35,486 - performance_logger - DEBUG - This is a debug message
2026-04-21 14:08:35,488 - performance_logger - DEBUG - This is a debug message
2026-04-21 14:08:35,489 - performance_logger - DEBUG - This is a debug message
2026-04-21 14:08:35,492 - performance_logger - DEBUG - This is a debug message
2026-04-21 14:08:35,495 - performance_logger - DEBUG - This is a debug message
2026-04-21 14:08:35,497 - performance_logger - DEBUG - This is a debug message
2026-04-21 14:08:35,499 - performance_logger - DEBUG - This is a debug message
2026-04-21 14:08:35,501 - performance_logger - DEBUG - This is a debug message
2026-04-21 14:08:35,503 - performance_logger - DEBUG - This is a debug message
2026-04-21 14:08:35,506 - performance_logger - DEBUG - This is a debug message
2026-04-21 14:08:35,509 - performance_logger - DEBUG - This is a debug message
2026-04-21 14:08:35,511 - performance_logger - DEBUG - This is a debug message
2026-04-21 14:08:35,513 - performance_logger - DEBUG - This is a debug message
2026-04-21 14:08:35,514 - performance_logger - DEBUG - This is a debug message
2026-04-21 14:08:35,516 - performance_logger - DEBUG - This is a debug message
2026-04-21 14:08:35,519 - performance_logger - DEBUG - This is a debug message
2026-04-21 14:08:35,524 - performance_logger - DEBUG - This is a debug message
2026-04-21 14:08:35,529 - performance_logger - DEBUG - This is a debug message
2026-04-21 14:08:35,535 - performance_logger - DEBUG - This is a debug message
2026-04-21 14:08:35,538 - performance_logger - DEBUG - This is a debug message
2026-04-21 14:08:35,540 - performance_logger - DEBUG - This is a debug message
2026-04-21 14:08:35,543 - performance_logger - DEBUG - This is a debug message
2026-04-21 14:08:35,544 - performance_logger - DEBUG - This is a debug message
2026-04-21 14:08:35,546 - performance_logger - DEBUG - This is a debug message
2026-04-21 14:08:35,548 - performance_logger - DEBUG - This is a debug message
2026-04-21 14:08:35,551 - performance_logger - DEBUG - This is a debug message
2026-04-21 14:08:35,557 - performance_logger - DEBUG - This is a debug message
2026-04-21 14:08:35,559 - performance_logger - DEBUG - This is a debug message
2026-04-21 14:08:35,561 - performance_logger - DEBUG - This is a debug message
2026-04-21 14:08:35,563 - performance_logger - DEBUG - This is a debug message
2026-04-21 14:08:35,567 - performance_logger - DEBUG - This is a debug message
2026-04-21 14:08:35,569 - performance_logger - DEBUG - This is a debug message
2026-04-21 14:08:35,571 - performance_logger - DEBUG - This is a debug message
2026-04-21 14:08:35,574 - performance_logger - DEBUG - This is a debug message
2026-04-21 14:08:35,576 - performance_logger - DEBUG - This is a debug message
2026-04-21 14:08:35,578 - performance_logger - DEBUG - This is a debug message
2026-04-21 14:08:35,581 - performance_logger - DEBUG - This is a debug message
2026-04-21 14:08:35,582 - performance_logger - DEBUG - This is a debug message
2026-04-21 14:08:35,590 - performance_logger - DEBUG - This is a debug message
2026-04-21 14:08:35,595 - performance_logger - DEBUG - This is a debug message
2026-04-21 14:08:35,597 - performance_logger - DEBUG - This is a debug message
2026-04-21 14:08:35,601 - performance_logger - DEBUG - This is a debug message
2026-04-21 14:08:35,613 - performance_logger - DEBUG - This is a debug message
2026-04-21 14:08:35,615 - performance_logger - DEBUG - This is a debug message
2026-04-21 14:08:35,622 - performance_logger - DEBUG - This is a debug message
2026-04-21 14:08:35,624 - performance_logger - DEBUG - This is a debug message
2026-04-21 14:08:35,633 - performance_logger - DEBUG - This is a debug message
2026-04-21 14:08:35,636 - performance_logger - DEBUG - This is a debug message
2026-04-21 14:08:35,637 - performance_logger - DEBUG - This is a debug message
2026-04-21 14:08:35,639 - performance_logger - DEBUG - This is a debug message
2026-04-21 14:08:35,641 - performance_logger - DEBUG - This is a debug message
2026-04-21 14:08:35,643 - performance_logger - DEBUG - This is a debug message
2026-04-21 14:08:35,645 - performance_logger - DEBUG - This is a debug message
2026-04-21 14:08:35,655 - performance_logger - DEBUG - This is a debug message
2026-04-21 14:08:35,662 - performance_logger - DEBUG - This is a debug message
2026-04-21 14:08:35,671 - performance_logger - DEBUG - This is a debug message
2026-04-21 14:08:35,681 - performance_logger - DEBUG - This is a debug message
2026-04-21 14:08:35,686 - performance_logger - DEBUG - This is a debug message
2026-04-21 14:08:35,699 - performance_logger - DEBUG - This is a debug message
2026-04-21 14:08:35,703 - performance_logger - DEBUG - This is a debug message
2026-04-21 14:08:35,704 - performance_logger - DEBUG - This is a debug message
2026-04-21 14:08:35,706 - performance_logger - DEBUG - This is a debug message
2026-04-21 14:08:35,710 - performance_logger - DEBUG - This is a debug message
2026-04-21 14:08:35,716 - performance_logger - DEBUG - This is a debug message
2026-04-21 14:08:35,723 - performance_logger - DEBUG - This is a debug message
2026-04-21 14:08:35,728 - performance_logger - DEBUG - This is a debug message
2026-04-21 14:08:35,730 - performance_logger - DEBUG - This is a debug message
2026-04-21 14:08:35,732 - performance_logger - DEBUG - This is a debug message
2026-04-21 14:08:35,734 - performance_logger - DEBUG - This is a debug message
2026-04-21 14:08:35,735 - performance_logger - DEBUG - This is a debug message
2026-04-21 14:08:35,739 - performance_logger - DEBUG - This is a debug message
2026-04-21 14:08:35,741 - performance_logger - DEBUG - This is a debug message
2026-04-21 14:08:35,742 - performance_logger - DEBUG - This is a debug message
2026-04-21 14:08:35,747 - performance_logger - DEBUG - This is a debug message
2026-04-21 14:08:35,748 - performance_logger - DEBUG - This is a debug message
2026-04-21 14:08:35,750 - performance_logger - DEBUG - This is a debug message
2026-04-21 14:08:35,754 - performance_logger - DEBUG - This is a debug message
2026-04-21 14:08:35,758 - performance_logger - DEBUG - This is a debug message
2026-04-21 14:08:35,766 - performance_logger - DEBUG - This is a debug message
2026-04-21 14:08:35,769 - performance_logger - DEBUG - This is a debug message
2026-04-21 14:08:35,773 - performance_logger - DEBUG - This is a debug message
2026-04-21 14:08:35,777 - performance_logger - DEBUG - This is a debug message
2026-04-21 14:08:35,780 - performance_logger - DEBUG - This is a debug message
2026-04-21 14:08:35,784 - performance_logger - DEBUG - This is a debug message
2026-04-21 14:08:35,787 - performance_logger - DEBUG - This is a debug message
2026-04-21 14:08:35,788 - performance_logger - DEBUG - This is a debug message
2026-04-21 14:08:35,797 - performance_logger - DEBUG - This is a debug message
2026-04-21 14:08:35,799 - performance_logger - DEBUG - This is a debug message
2026-04-21 14:08:35,800 - performance_logger - DEBUG - This is a debug message
2026-04-21 14:08:35,802 - performance_logger - DEBUG - This is a debug message
2026-04-21 14:08:35,805 - performance_logger - DEBUG - This is a debug message
2026-04-21 14:08:35,808 - performance_logger - DEBUG - This is a debug message
2026-04-21 14:08:35,810 - performance_logger - DEBUG - This is a debug message
2026-04-21 14:08:35,812 - performance_logger - DEBUG - This is a debug message
2026-04-21 14:08:35,816 - performance_logger - DEBUG - This is a debug message
2026-04-21 14:08:35,817 - performance_logger - DEBUG - This is a debug message
2026-04-21 14:08:35,818 - performance_logger - DEBUG - This is a debug message
2026-04-21 14:08:35,824 - performance_logger - DEBUG - This is a debug message
2026-04-21 14:08:35,831 - performance_logger - DEBUG - This is a debug message
2026-04-21 14:08:35,835 - performance_logger - DEBUG - This is a debug message
2026-04-21 14:08:35,844 - performance_logger - DEBUG - This is a debug message
2026-04-21 14:08:35,851 - performance_logger - DEBUG - This is a debug message
2026-04-21 14:08:35,862 - performance_logger - DEBUG - This is a debug message
2026-04-21 14:08:35,867 - performance_logger - DEBUG - This is a debug message
2026-04-21 14:08:35,874 - performance_logger - DEBUG - This is a debug message
2026-04-21 14:08:35,881 - performance_logger - DEBUG - This is a debug message
2026-04-21 14:08:35,889 - performance_logger - DEBUG - This is a debug message
2026-04-21 14:08:35,897 - performance_logger - DEBUG - This is a debug message
2026-04-21 14:08:35,903 - performance_logger - DEBUG - This is a debug message
2026-04-21 14:08:35,907 - performance_logger - DEBUG - This is a debug message
2026-04-21 14:08:35,912 - performance_logger - DEBUG - This is a debug message
2026-04-21 14:08:35,920 - performance_logger - DEBUG - This is a debug message
2026-04-21 14:08:35,928 - performance_logger - DEBUG - This is a debug message
2026-04-21 14:08:35,930 - performance_logger - DEBUG - This is a debug message
2026-04-21 14:08:35,932 - performance_logger - DEBUG - This is a debug message
2026-04-21 14:08:35,935 - performance_logger - DEBUG - This is a debug message
2026-04-21 14:08:35,942 - performance_logger - DEBUG - This is a debug message
2026-04-21 14:08:35,944 - performance_logger - DEBUG - This is a debug message
2026-04-21 14:08:35,948 - performance_logger - DEBUG - This is a debug message
2026-04-21 14:08:35,949 - performance_logger - DEBUG - This is a debug message
2026-04-21 14:08:35,950 - performance_logger - DEBUG - This is a debug message
2026-04-21 14:08:35,952 - performance_logger - DEBUG - This is a debug message
2026-04-21 14:08:35,953 - performance_logger - DEBUG - This is a debug message
2026-04-21 14:08:35,959 - performance_logger - DEBUG - This is a debug message
2026-04-21 14:08:35,961 - performance_logger - DEBUG - This is a debug message
2026-04-21 14:08:35,962 - performance_logger - DEBUG - This is a debug message
2026-04-21 14:08:35,965 - performance_logger - DEBUG - This is a debug message
2026-04-21 14:08:35,967 - performance_logger - DEBUG - This is a debug message
2026-04-21 14:08:35,968 - performance_logger - DEBUG - This is a debug message
2026-04-21 14:08:35,969 - performance_logger - DEBUG - This is a debug message
2026-04-21 14:08:35,970 - performance_logger - DEBUG - This is a debug message
2026-04-21 14:08:35,977 - performance_logger - DEBUG - This is a debug message
2026-04-21 14:08:35,980 - performance_logger - DEBUG - This is a debug message
2026-04-21 14:08:35,982 - performance_logger - DEBUG - This is a debug message
2026-04-21 14:08:35,985 - performance_logger - DEBUG - This is a debug message
2026-04-21 14:08:35,986 - performance_logger - DEBUG - This is a debug message
2026-04-21 14:08:35,989 - performance_logger - DEBUG - This is a debug message
2026-04-21 14:08:35,991 - performance_logger - DEBUG - This is a debug message
2026-04-21 14:08:35,993 - performance_logger - DEBUG - This is a debug message
2026-04-21 14:08:35,994 - performance_logger - DEBUG - This is a debug message
2026-04-21 14:08:35,999 - performance_logger - DEBUG - This is a debug message
2026-04-21 14:08:36,001 - performance_logger - DEBUG - This is a debug message
2026-04-21 14:08:36,004 - performance_logger - DEBUG - This is a debug message
2026-04-21 14:08:36,005 - performance_logger - DEBUG - This is a debug message
2026-04-21 14:08:36,011 - performance_logger - DEBUG - This is a debug message
2026-04-21 14:08:36,019 - performance_logger - DEBUG - This is a debug message
2026-04-21 14:08:36,025 - performance_logger - DEBUG - This is a debug message
2026-04-21 14:08:36,031 - performance_logger - DEBUG - This is a debug message
2026-04-21 14:08:36,033 - performance_logger - DEBUG - This is a debug message
2026-04-21 14:08:36,038 - performance_logger - DEBUG - This is a debug message
2026-04-21 14:08:36,041 - performance_logger - DEBUG - This is a debug message
2026-04-21 14:08:36,050 - performance_logger - DEBUG - This is a debug message
2026-04-21 14:08:36,054 - performance_logger - DEBUG - This is a debug message
2026-04-21 14:08:36,056 - performance_logger - DEBUG - This is a debug message
2026-04-21 14:08:36,060 - performance_logger - DEBUG - This is a debug message
2026-04-21 14:08:36,069 - performance_logger - DEBUG - This is a debug message
2026-04-21 14:08:36,074 - performance_logger - DEBUG - This is a debug message
2026-04-21 14:08:36,079 - performance_logger - DEBUG - This is a debug message
2026-04-21 14:08:36,082 - performance_logger - DEBUG - This is a debug message
2026-04-21 14:08:36,087 - performance_logger - DEBUG - This is a debug message
2026-04-21 14:08:36,094 - performance_logger - DEBUG - This is a debug message
2026-04-21 14:08:36,101 - performance_logger - DEBUG - This is a debug message
2026-04-21 14:08:36,108 - performance_logger - DEBUG - This is a debug message
2026-04-21 14:08:36,110 - performance_logger - DEBUG - This is a debug message
2026-04-21 14:08:36,115 - performance_logger - DEBUG - This is a debug message
2026-04-21 14:08:36,118 - performance_logger - DEBUG - This is a debug message
2026-04-21 14:08:36,119 - performance_logger - DEBUG - This is a debug message
2026-04-21 14:08:36,120 - performance_logger - DEBUG - This is a debug message
2026-04-21 14:08:36,123 - performance_logger - DEBUG - This is a debug message
2026-04-21 14:08:36,133 - performance_logger - DEBUG - This is a debug message
2026-04-21 14:08:36,135 - performance_logger - DEBUG - This is a debug message
2026-04-21 14:08:36,141 - performance_logger - DEBUG - This is a debug message
2026-04-21 14:08:36,146 - performance_logger - DEBUG - This is a debug message
2026-04-21 14:08:36,151 - performance_logger - DEBUG - This is a debug message
2026-04-21 14:08:36,157 - performance_logger - DEBUG - This is a debug message
2026-04-21 14:08:36,159 - performance_logger - DEBUG - This is a debug message
2026-04-21 14:08:36,163 - performance_logger - DEBUG - This is a debug message
2026-04-21 14:08:36,165 - performance_logger - DEBUG - This is a debug message
2026-04-21 14:08:36,168 - performance_logger - DEBUG - This is a debug message
2026-04-21 14:08:36,169 - performance_logger - DEBUG - This is a debug message
2026-04-21 14:08:36,171 - performance_logger - DEBUG - This is a debug message
2026-04-21 14:08:36,173 - performance_logger - DEBUG - This is a debug message
2026-04-21 14:08:36,175 - performance_logger - DEBUG - This is a debug message
2026-04-21 14:08:36,178 - performance_logger - DEBUG - This is a debug message
2026-04-21 14:08:36,180 - performance_logger - DEBUG - This is a debug message
2026-04-21 14:08:36,181 - performance_logger - DEBUG - This is a debug message
2026-04-21 14:08:36,182 - performance_logger - DEBUG - This is a debug message
2026-04-21 14:08:36,184 - performance_logger - DEBUG - This is a debug message
2026-04-21 14:08:36,185 - performance_logger - DEBUG - This is a debug message
2026-04-21 14:08:36,186 - performance_logger - DEBUG - This is a debug message
2026-04-21 14:08:36,190 - performance_logger - DEBUG - This is a debug message
2026-04-21 14:08:36,192 - performance_logger - DEBUG - This is a debug message
2026-04-21 14:08:36,193 - performance_logger - DEBUG - This is a debug message
2026-04-21 14:08:36,194 - performance_logger - DEBUG - This is a debug message
2026-04-21 14:08:36,195 - performance_logger - DEBUG - This is a debug message
2026-04-21 14:08:36,197 - performance_logger - DEBUG - This is a debug message
2026-04-21 14:08:36,198 - performance_logger - DEBUG - This is a debug message
2026-04-21 14:08:36,201 - performance_logger - DEBUG - This is a debug message
2026-04-21 14:08:36,202 - performance_logger - DEBUG - This is a debug message
2026-04-21 14:08:36,203 - performance_logger - DEBUG - This is a debug message
2026-04-21 14:08:36,205 - performance_logger - DEBUG - This is a debug message
2026-04-21 14:08:36,206 - performance_logger - DEBUG - This is a debug message
2026-04-21 14:08:36,208 - performance_logger - DEBUG - This is a debug message
2026-04-21 14:08:36,209 - performance_logger - DEBUG - This is a debug message
2026-04-21 14:08:36,213 - performance_logger - DEBUG - This is a debug message
2026-04-21 14:08:36,215 - performance_logger - DEBUG - This is a debug message
2026-04-21 14:08:36,216 - performance_logger - DEBUG - This is a debug message
2026-04-21 14:08:36,217 - performance_logger - DEBUG - This is a debug message
2026-04-21 14:08:36,219 - performance_logger - DEBUG - This is a debug message
2026-04-21 14:08:36,220 - performance_logger - DEBUG - This is a debug message
2026-04-21 14:08:36,223 - performance_logger - DEBUG - This is a debug message
2026-04-21 14:08:36,225 - performance_logger - DEBUG - This is a debug message
2026-04-21 14:08:36,226 - performance_logger - DEBUG - This is a debug message
2026-04-21 14:08:36,230 - performance_logger - DEBUG - This is a debug message
2026-04-21 14:08:36,231 - performance_logger - DEBUG - This is a debug message
2026-04-21 14:08:36,233 - performance_logger - DEBUG - This is a debug message
2026-04-21 14:08:36,234 - performance_logger - DEBUG - This is a debug message
2026-04-21 14:08:36,235 - performance_logger - DEBUG - This is a debug message
2026-04-21 14:08:36,236 - performance_logger - DEBUG - This is a debug message
2026-04-21 14:08:36,239 - performance_logger - DEBUG - This is a debug message
2026-04-21 14:08:36,240 - performance_logger - DEBUG - This is a debug message
2026-04-21 14:08:36,242 - performance_logger - DEBUG - This is a debug message
2026-04-21 14:08:36,244 - performance_logger - DEBUG - This is a debug message
2026-04-21 14:08:36,246 - performance_logger - DEBUG - This is a debug message
2026-04-21 14:08:36,247 - performance_logger - DEBUG - This is a debug message
2026-04-21 14:08:36,248 - performance_logger - DEBUG - This is a debug message
2026-04-21 14:08:36,250 - performance_logger - DEBUG - This is a debug message
2026-04-21 14:08:36,252 - performance_logger - DEBUG - This is a debug message
2026-04-21 14:08:36,253 - performance_logger - DEBUG - This is a debug message
2026-04-21 14:08:36,260 - performance_logger - DEBUG - This is a debug message
2026-04-21 14:08:36,267 - performance_logger - DEBUG - This is a debug message
2026-04-21 14:08:36,269 - performance_logger - DEBUG - This is a debug message
2026-04-21 14:08:36,279 - performance_logger - DEBUG - This is a debug message
2026-04-21 14:08:36,284 - performance_logger - DEBUG - This is a debug message
2026-04-21 14:08:36,292 - performance_logger - DEBUG - This is a debug message
2026-04-21 14:08:36,300 - performance_logger - DEBUG - This is a debug message
2026-04-21 14:08:36,312 - performance_logger - DEBUG - This is a debug message
2026-04-21 14:08:36,314 - performance_logger - DEBUG - This is a debug message
2026-04-21 14:08:36,320 - performance_logger - DEBUG - This is a debug message
2026-04-21 14:08:36,327 - performance_logger - DEBUG - This is a debug message
2026-04-21 14:08:36,331 - performance_logger - DEBUG - This is a debug message
2026-04-21 14:08:36,339 - performance_logger - DEBUG - This is a debug message
2026-04-21 14:08:36,346 - performance_logger - DEBUG - This is a debug message
2026-04-21 14:08:36,354 - performance_logger - DEBUG - This is a debug message
2026-04-21 14:08:36,359 - performance_logger - DEBUG - This is a debug message
2026-04-21 14:08:36,371 - performance_logger - DEBUG - This is a debug message
2026-04-21 14:08:36,385 - performance_logger - DEBUG - This is a debug message
2026-04-21 14:08:36,395 - performance_logger - DEBUG - This is a debug message
2026-04-21 14:08:36,404 - performance_logger - DEBUG - This is a debug message
2026-04-21 14:08:36,423 - performance_logger - DEBUG - This is a debug message
2026-04-21 14:08:36,425 - performance_logger - DEBUG - This is a debug message
2026-04-21 14:08:36,433 - performance_logger - DEBUG - This is a debug message
2026-04-21 14:08:36,440 - performance_logger - DEBUG - This is a debug message
2026-04-21 14:08:36,447 - performance_logger - DEBUG - This is a debug message
2026-04-21 14:08:36,452 - performance_logger - DEBUG - This is a debug message
2026-04-21 14:08:36,459 - performance_logger - DEBUG - This is a debug message
2026-04-21 14:08:36,463 - performance_logger - DEBUG - This is a debug message
2026-04-21 14:08:36,472 - performance_logger - DEBUG - This is a debug message
2026-04-21 14:08:36,479 - performance_logger - DEBUG - This is a debug message
2026-04-21 14:08:36,485 - performance_logger - DEBUG - This is a debug message
2026-04-21 14:08:36,489 - performance_logger - DEBUG - This is a debug message
2026-04-21 14:08:36,495 - performance_logger - DEBUG - This is a debug message
2026-04-21 14:08:36,500 - performance_logger - DEBUG - This is a debug message
2026-04-21 14:08:36,507 - performance_logger - DEBUG - This is a debug message
2026-04-21 14:08:36,517 - performance_logger - DEBUG - This is a debug message
2026-04-21 14:08:36,519 - performance_logger - DEBUG - This is a debug message
2026-04-21 14:08:36,527 - performance_logger - DEBUG - This is a debug message
2026-04-21 14:08:36,535 - performance_logger - DEBUG - This is a debug message
2026-04-21 14:08:36,540 - performance_logger - DEBUG - This is a debug message
2026-04-21 14:08:36,544 - performance_logger - DEBUG - This is a debug message
2026-04-21 14:08:36,552 - performance_logger - DEBUG - This is a debug message
2026-04-21 14:08:36,559 - performance_logger - DEBUG - This is a debug message
2026-04-21 14:08:36,561 - performance_logger - DEBUG - This is a debug message
2026-04-21 14:08:36,569 - performance_logger - DEBUG - This is a debug message
2026-04-21 14:08:36,574 - performance_logger - DEBUG - This is a debug message
2026-04-21 14:08:36,579 - performance_logger - DEBUG - This is a debug message
2026-04-21 14:08:36,584 - performance_logger - DEBUG - This is a debug message
2026-04-21 14:08:36,589 - performance_logger - DEBUG - This is a debug message
2026-04-21 14:08:36,595 - performance_logger - DEBUG - This is a debug message
2026-04-21 14:08:36,605 - performance_logger - DEBUG - This is a debug message
2026-04-21 14:08:36,611 - performance_logger - DEBUG - This is a debug message
2026-04-21 14:08:36,614 - performance_logger - DEBUG - This is a debug message
2026-04-21 14:08:36,617 - performance_logger - DEBUG - This is a debug message
2026-04-21 14:08:36,618 - performance_logger - DEBUG - This is a debug message
2026-04-21 14:08:36,620 - performance_logger - DEBUG - This is a debug message
2026-04-21 14:08:36,622 - performance_logger - DEBUG - This is a debug message
2026-04-21 14:08:36,624 - performance_logger - DEBUG - This is a debug message
2026-04-21 14:08:36,626 - performance_logger - DEBUG - This is a debug message
2026-04-21 14:08:36,628 - performance_logger - DEBUG - This is a debug message
2026-04-21 14:08:36,630 - performance_logger - DEBUG - This is a debug message
2026-04-21 14:08:36,633 - performance_logger - DEBUG - This is a debug message
2026-04-21 14:08:36,635 - performance_logger - DEBUG - This is a debug message
2026-04-21 14:08:36,636 - performance_logger - DEBUG - This is a debug message
2026-04-21 14:08:36,637 - performance_logger - DEBUG - This is a debug message
2026-04-21 14:08:36,638 - performance_logger - DEBUG - This is a debug message
2026-04-21 14:08:36,639 - performance_logger - DEBUG - This is a debug message
2026-04-21 14:08:36,642 - performance_logger - DEBUG - This is a debug message
2026-04-21 14:08:36,643 - performance_logger - DEBUG - This is a debug message
2026-04-21 14:08:36,648 - performance_logger - DEBUG - This is a debug message
2026-04-21 14:08:36,654 - performance_logger - DEBUG - This is a debug message
2026-04-21 14:08:36,656 - performance_logger - DEBUG - This is a debug message
2026-04-21 14:08:36,658 - performance_logger - DEBUG - This is a debug message
2026-04-21 14:08:36,662 - performance_logger - DEBUG - This is a debug message
2026-04-21 14:08:36,664 - performance_logger - DEBUG - This is a debug message
2026-04-21 14:08:36,667 - performance_logger - DEBUG - This is a debug message
2026-04-21 14:08:36,668 - performance_logger - DEBUG - This is a debug message
2026-04-21 14:08:36,669 - performance_logger - DEBUG - This is a debug message
2026-04-21 14:08:36,673 - performance_logger - DEBUG - This is a debug message
2026-04-21 14:08:36,674 - performance_logger - DEBUG - This is a debug message
2026-04-21 14:08:36,675 - performance_logger - DEBUG - This is a debug message
2026-04-21 14:08:36,677 - performance_logger - DEBUG - This is a debug message
2026-04-21 14:08:36,679 - performance_logger - DEBUG - This is a debug message
2026-04-21 14:08:36,682 - performance_logger - DEBUG - This is a debug message
2026-04-21 14:08:36,683 - performance_logger - DEBUG - This is a debug message
2026-04-21 14:08:36,689 - performance_logger - DEBUG - This is a debug message
2026-04-21 14:08:36,694 - performance_logger - DEBUG - This is a debug message
2026-04-21 14:08:36,696 - performance_logger - DEBUG - This is a debug message
2026-04-21 14:08:36,701 - performance_logger - DEBUG - This is a debug message
2026-04-21 14:08:36,704 - performance_logger - DEBUG - This is a debug message
2026-04-21 14:08:36,708 - performance_logger - DEBUG - This is a debug message
2026-04-21 14:08:36,713 - performance_logger - DEBUG - This is a debug message
2026-04-21 14:08:36,716 - performance_logger - DEBUG - This is a debug message
2026-04-21 14:08:36,720 - performance_logger - DEBUG - This is a debug message
2026-04-21 14:08:36,724 - performance_logger - DEBUG - This is a debug message
2026-04-21 14:08:36,725 - performance_logger - DEBUG - This is a debug message
2026-04-21 14:08:36,731 - performance_logger - DEBUG - This is a debug message
2026-04-21 14:08:36,736 - performance_logger - DEBUG - This is a debug message
2026-04-21 14:08:36,740 - performance_logger - DEBUG - This is a debug message
2026-04-21 14:08:36,745 - performance_logger - DEBUG - This is a debug message
2026-04-21 14:08:36,747 - performance_logger - DEBUG - This is a debug message
2026-04-21 14:08:36,749 - performance_logger - DEBUG - This is a debug message
2026-04-21 14:08:36,750 - performance_logger - DEBUG - This is a debug message
2026-04-21 14:08:36,752 - performance_logger - DEBUG - This is a debug message
2026-04-21 14:08:36,754 - performance_logger - DEBUG - This is a debug message
2026-04-21 14:08:36,756 - performance_logger - DEBUG - This is a debug message
2026-04-21 14:08:36,758 - performance_logger - DEBUG - This is a debug message
2026-04-21 14:08:36,760 - performance_logger - DEBUG - This is a debug message
2026-04-21 14:08:36,763 - performance_logger - DEBUG - This is a debug message
2026-04-21 14:08:36,765 - performance_logger - DEBUG - This is a debug message
2026-04-21 14:08:36,769 - performance_logger - DEBUG - This is a debug message
2026-04-21 14:08:36,770 - performance_logger - DEBUG - This is a debug message
2026-04-21 14:08:36,774 - performance_logger - DEBUG - This is a debug message
2026-04-21 14:08:36,776 - performance_logger - DEBUG - This is a debug message
2026-04-21 14:08:36,778 - performance_logger - DEBUG - This is a debug message
2026-04-21 14:08:36,780 - performance_logger - DEBUG - This is a debug message
2026-04-21 14:08:36,781 - performance_logger - DEBUG - This is a debug message
2026-04-21 14:08:36,783 - performance_logger - DEBUG - This is a debug message
2026-04-21 14:08:36,791 - performance_logger - DEBUG - This is a debug message
2026-04-21 14:08:36,802 - performance_logger - DEBUG - This is a debug message
2026-04-21 14:08:36,804 - performance_logger - DEBUG - This is a debug message
2026-04-21 14:08:36,805 - performance_logger - DEBUG - This is a debug message
2026-04-21 14:08:36,807 - performance_logger - DEBUG - This is a debug message
2026-04-21 14:08:36,808 - performance_logger - DEBUG - This is a debug message
2026-04-21 14:08:36,811 - performance_logger - DEBUG - This is a debug message
2026-04-21 14:08:36,812 - performance_logger - DEBUG - This is a debug message
2026-04-21 14:08:36,814 - performance_logger - DEBUG - This is a debug message
2026-04-21 14:08:36,815 - performance_logger - DEBUG - This is a debug message
2026-04-21 14:08:36,816 - performance_logger - DEBUG - This is a debug message
2026-04-21 14:08:36,823 - performance_logger - DEBUG - This is a debug message
2026-04-21 14:08:36,825 - performance_logger - DEBUG - This is a debug message
2026-04-21 14:08:36,828 - performance_logger - DEBUG - This is a debug message
2026-04-21 14:08:36,830 - performance_logger - DEBUG - This is a debug message
2026-04-21 14:08:36,832 - performance_logger - DEBUG - This is a debug message
2026-04-21 14:08:36,834 - performance_logger - DEBUG - This is a debug message
2026-04-21 14:08:36,837 - performance_logger - DEBUG - This is a debug message
2026-04-21 14:08:36,839 - performance_logger - DEBUG - This is a debug message
2026-04-21 14:08:36,843 - performance_logger - DEBUG - This is a debug message
2026-04-21 14:08:36,844 - performance_logger - DEBUG - This is a debug message
2026-04-21 14:08:36,846 - performance_logger - DEBUG - This is a debug message
2026-04-21 14:08:36,848 - performance_logger - DEBUG - This is a debug message
2026-04-21 14:08:36,850 - performance_logger - DEBUG - This is a debug message
2026-04-21 14:08:36,853 - performance_logger - DEBUG - This is a debug message
2026-04-21 14:08:36,856 - performance_logger - DEBUG - This is a debug message
2026-04-21 14:08:36,858 - performance_logger - DEBUG - This is a debug message
2026-04-21 14:08:36,861 - performance_logger - DEBUG - This is a debug message
2026-04-21 14:08:36,862 - performance_logger - DEBUG - This is a debug message
2026-04-21 14:08:36,865 - performance_logger - DEBUG - This is a debug message
2026-04-21 14:08:36,867 - performance_logger - DEBUG - This is a debug message
2026-04-21 14:08:36,870 - performance_logger - DEBUG - This is a debug message
2026-04-21 14:08:36,881 - performance_logger - DEBUG - This is a debug message
2026-04-21 14:08:36,886 - performance_logger - DEBUG - This is a debug message
2026-04-21 14:08:36,888 - performance_logger - DEBUG - This is a debug message
2026-04-21 14:08:36,894 - performance_logger - DEBUG - This is a debug message
2026-04-21 14:08:36,899 - performance_logger - DEBUG - This is a debug message
2026-04-21 14:08:36,902 - performance_logger - DEBUG - This is a debug message
2026-04-21 14:08:36,907 - performance_logger - DEBUG - This is a debug message
2026-04-21 14:08:36,912 - performance_logger - DEBUG - This is a debug message
2026-04-21 14:08:36,921 - performance_logger - DEBUG - This is a debug message
2026-04-21 14:08:36,923 - performance_logger - DEBUG - This is a debug message
2026-04-21 14:08:36,930 - performance_logger - DEBUG - This is a debug message
2026-04-21 14:08:36,945 - performance_logger - DEBUG - This is a debug message
2026-04-21 14:08:36,956 - performance_logger - DEBUG - This is a debug message
2026-04-21 14:08:36,970 - performance_logger - DEBUG - This is a debug message
2026-04-21 14:08:36,985 - performance_logger - DEBUG - This is a debug message
2026-04-21 14:08:36,996 - performance_logger - DEBUG - This is a debug message
2026-04-21 14:08:37,008 - performance_logger - DEBUG - This is a debug message
2026-04-21 14:08:37,015 - performance_logger - DEBUG - This is a debug message
2026-04-21 14:08:37,024 - performance_logger - DEBUG - This is a debug message
2026-04-21 14:08:37,031 - performance_logger - DEBUG - This is a debug message
2026-04-21 14:08:37,035 - performance_logger - DEBUG - This is a debug message
2026-04-21 14:08:37,041 - performance_logger - DEBUG - This is a debug message
2026-04-21 14:08:37,047 - performance_logger - DEBUG - This is a debug message
2026-04-21 14:08:37,051 - performance_logger - DEBUG - This is a debug message
2026-04-21 14:08:37,054 - performance_logger - DEBUG - This is a debug message
2026-04-21 14:08:37,055 - performance_logger - DEBUG - This is a debug message
2026-04-21 14:08:37,065 - performance_logger - DEBUG - This is a debug message
2026-04-21 14:08:37,076 - performance_logger - DEBUG - This is a debug message
2026-04-21 14:08:37,089 - performance_logger - DEBUG - This is a debug message
2026-04-21 14:08:37,092 - performance_logger - DEBUG - This is a debug message
2026-04-21 14:08:37,099 - performance_logger - DEBUG - This is a debug message
2026-04-21 14:08:37,106 - performance_logger - DEBUG - This is a debug message
2026-04-21 14:08:37,113 - performance_logger - DEBUG - This is a debug message
2026-04-21 14:08:37,123 - performance_logger - DEBUG - This is a debug message
2026-04-21 14:08:37,131 - performance_logger - DEBUG - This is a debug message
2026-04-21 14:08:37,136 - performance_logger - DEBUG - This is a debug message
2026-04-21 14:08:37,138 - performance_logger - DEBUG - This is a debug message
2026-04-21 14:08:37,143 - performance_logger - DEBUG - This is a debug message
2026-04-21 14:08:37,146 - performance_logger - DEBUG - This is a debug message
2026-04-21 14:08:37,151 - performance_logger - DEBUG - This is a debug message
2026-04-21 14:08:37,152 - performance_logger - DEBUG - This is a debug message
2026-04-21 14:08:37,160 - performance_logger - DEBUG - This is a debug message
2026-04-21 14:08:37,165 - performance_logger - DEBUG - This is a debug message
2026-04-21 14:08:37,170 - performance_logger - DEBUG - This is a debug message
2026-04-21 14:08:37,176 - performance_logger - DEBUG - This is a debug message
2026-04-21 14:08:37,187 - performance_logger - DEBUG - This is a debug message
2026-04-21 14:08:37,193 - performance_logger - DEBUG - This is a debug message
2026-04-21 14:08:37,201 - performance_logger - DEBUG - This is a debug message
2026-04-21 14:08:37,209 - performance_logger - DEBUG - This is a debug message
2026-04-21 14:08:37,215 - performance_logger - DEBUG - This is a debug message
2026-04-21 14:08:37,225 - performance_logger - DEBUG - This is a debug message
2026-04-21 14:08:37,233 - performance_logger - DEBUG - This is a debug message
2026-04-21 14:08:37,241 - performance_logger - DEBUG - This is a debug message
2026-04-21 14:08:37,246 - performance_logger - DEBUG - This is a debug message
2026-04-21 14:08:37,264 - performance_logger - DEBUG - This is a debug message
2026-04-21 14:08:37,273 - performance_logger - DEBUG - This is a debug message
2026-04-21 14:08:37,280 - performance_logger - DEBUG - This is a debug message
2026-04-21 14:08:37,289 - performance_logger - DEBUG - This is a debug message
2026-04-21 14:08:37,301 - performance_logger - DEBUG - This is a debug message
2026-04-21 14:08:37,313 - performance_logger - DEBUG - This is a debug message
2026-04-21 14:08:37,320 - performance_logger - DEBUG - This is a debug message
2026-04-21 14:08:37,328 - performance_logger - DEBUG - This is a debug message
2026-04-21 14:08:37,333 - performance_logger - DEBUG - This is a debug message
2026-04-21 14:08:37,339 - performance_logger - DEBUG - This is a debug message
2026-04-21 14:08:37,348 - performance_logger - DEBUG - This is a debug message
2026-04-21 14:08:37,356 - performance_logger - DEBUG - This is a debug message
2026-04-21 14:08:37,362 - performance_logger - DEBUG - This is a debug message
2026-04-21 14:08:37,368 - performance_logger - DEBUG - This is a debug message
2026-04-21 14:08:37,379 - performance_logger - DEBUG - This is a debug message
2026-04-21 14:08:37,388 - performance_logger - DEBUG - This is a debug message
2026-04-21 14:08:37,393 - performance_logger - DEBUG - This is a debug message
2026-04-21 14:08:37,400 - performance_logger - DEBUG - This is a debug message
2026-04-21 14:08:37,410 - performance_logger - DEBUG - This is a debug message
2026-04-21 14:08:37,422 - performance_logger - DEBUG - This is a debug message
2026-04-21 14:08:37,426 - performance_logger - DEBUG - This is a debug message
2026-04-21 14:08:37,431 - performance_logger - DEBUG - This is a debug message
2026-04-21 14:08:37,443 - performance_logger - DEBUG - This is a debug message
2026-04-21 14:08:37,450 - performance_logger - DEBUG - This is a debug message
2026-04-21 14:08:37,456 - performance_logger - DEBUG - This is a debug message
2026-04-21 14:08:37,461 - performance_logger - DEBUG - This is a debug message
2026-04-21 14:08:37,473 - performance_logger - DEBUG - This is a debug message
2026-04-21 14:08:37,482 - performance_logger - DEBUG - This is a debug message
2026-04-21 14:08:37,490 - performance_logger - DEBUG - This is a debug message
2026-04-21 14:08:37,509 - performance_logger - DEBUG - This is a debug message
2026-04-21 14:08:37,515 - performance_logger - DEBUG - This is a debug message
2026-04-21 14:08:37,523 - performance_logger - DEBUG - This is a debug message
2026-04-21 14:08:37,530 - performance_logger - DEBUG - This is a debug message
2026-04-21 14:08:37,538 - performance_logger - DEBUG - This is a debug message
2026-04-21 14:08:37,546 - performance_logger - DEBUG - This is a debug message
2026-04-21 14:08:37,559 - performance_logger - DEBUG - This is a debug message
2026-04-21 14:08:37,564 - performance_logger - DEBUG - This is a debug message
2026-04-21 14:08:37,571 - performance_logger - DEBUG - This is a debug message
2026-04-21 14:08:37,582 - performance_logger - DEBUG - This is a debug message
2026-04-21 14:08:37,590 - performance_logger - DEBUG - This is a debug message
2026-04-21 14:08:37,596 - performance_logger - DEBUG - This is a debug message
2026-04-21 14:08:37,604 - performance_logger - DEBUG - This is a debug message
2026-04-21 14:08:37,614 - performance_logger - DEBUG - This is a debug message
2026-04-21 14:08:37,622 - performance_logger - DEBUG - This is a debug message
2026-04-21 14:08:37,629 - performance_logger - DEBUG - This is a debug message
2026-04-21 14:08:37,645 - performance_logger - DEBUG - This is a debug message
2026-04-21 14:08:37,650 - performance_logger - DEBUG - This is a debug message
2026-04-21 14:08:37,655 - performance_logger - DEBUG - This is a debug message
2026-04-21 14:08:37,667 - performance_logger - DEBUG - This is a debug message
2026-04-21 14:08:37,677 - performance_logger - DEBUG - This is a debug message
2026-04-21 14:08:37,685 - performance_logger - DEBUG - This is a debug message
2026-04-21 14:08:37,695 - performance_logger - DEBUG - This is a debug message
2026-04-21 14:08:37,702 - performance_logger - DEBUG - This is a debug message
2026-04-21 14:08:37,717 - performance_logger - DEBUG - This is a debug message
2026-04-21 14:08:37,723 - performance_logger - DEBUG - This is a debug message
2026-04-21 14:08:37,731 - performance_logger - DEBUG - This is a debug message
2026-04-21 14:08:37,744 - performance_logger - DEBUG - This is a debug message
2026-04-21 14:08:37,752 - performance_logger - DEBUG - This is a debug message
2026-04-21 14:08:37,759 - performance_logger - DEBUG - This is a debug message
2026-04-21 14:08:37,762 - performance_logger - DEBUG - This is a debug message
2026-04-21 14:08:37,763 - performance_logger - DEBUG - This is a debug message
2026-04-21 14:08:37,766 - performance_logger - DEBUG - This is a debug message
2026-04-21 14:08:37,772 - performance_logger - DEBUG - This is a debug message
2026-04-21 14:08:37,774 - performance_logger - DEBUG - This is a debug message
2026-04-21 14:08:37,779 - performance_logger - DEBUG - This is a debug message
2026-04-21 14:08:37,787 - performance_logger - DEBUG - This is a debug message
2026-04-21 14:08:37,794 - performance_logger - DEBUG - This is a debug message
2026-04-21 14:08:37,797 - performance_logger - DEBUG - This is a debug message
2026-04-21 14:08:37,800 - performance_logger - DEBUG - This is a debug message
2026-04-21 14:08:37,806 - performance_logger - DEBUG - This is a debug message
2026-04-21 14:08:37,809 - performance_logger - DEBUG - This is a debug message
2026-04-21 14:08:37,812 - performance_logger - DEBUG - This is a debug message
2026-04-21 14:08:37,814 - performance_logger - DEBUG - This is a debug message
2026-04-21 14:08:37,823 - performance_logger - DEBUG - This is a debug message
2026-04-21 14:08:37,832 - performance_logger - DEBUG - This is a debug message
2026-04-21 14:08:37,843 - performance_logger - DEBUG - This is a debug message
2026-04-21 14:08:37,857 - performance_logger - DEBUG - This is a debug message
2026-04-21 14:08:37,870 - performance_logger - DEBUG - This is a debug message
2026-04-21 14:08:37,883 - performance_logger - DEBUG - This is a debug message
2026-04-21 14:08:37,892 - performance_logger - DEBUG - This is a debug message
2026-04-21 14:08:37,906 - performance_logger - DEBUG - This is a debug message
2026-04-21 14:08:37,919 - performance_logger - DEBUG - This is a debug message
2026-04-21 14:08:37,924 - performance_logger - DEBUG - This is a debug message
2026-04-21 14:08:37,931 - performance_logger - DEBUG - This is a debug message
2026-04-21 14:08:37,945 - performance_logger - DEBUG - This is a debug message
2026-04-21 14:08:37,955 - performance_logger - DEBUG - This is a debug message
2026-04-21 14:08:37,971 - performance_logger - DEBUG - This is a debug message
2026-04-21 14:08:37,978 - performance_logger - DEBUG - This is a debug message
2026-04-21 14:08:37,986 - performance_logger - DEBUG - This is a debug message
2026-04-21 14:08:37,997 - performance_logger - DEBUG - This is a debug message
2026-04-21 14:08:38,004 - performance_logger - DEBUG - This is a debug message
2026-04-21 14:08:38,009 - performance_logger - DEBUG - This is a debug message
2026-04-21 14:08:38,014 - performance_logger - DEBUG - This is a debug message
2026-04-21 14:08:38,016 - performance_logger - DEBUG - This is a debug message
2026-04-21 14:08:38,018 - performance_logger - DEBUG - This is a debug message
2026-04-21 14:08:38,020 - performance_logger - DEBUG - This is a debug message
2026-04-21 14:08:38,021 - performance_logger - DEBUG - This is a debug message
2026-04-21 14:08:38,023 - performance_logger - DEBUG - This is a debug message
2026-04-21 14:08:38,026 - performance_logger - DEBUG - This is a debug message
2026-04-21 14:08:38,028 - performance_logger - DEBUG - This is a debug message
2026-04-21 14:08:38,029 - performance_logger - DEBUG - This is a debug message
2026-04-21 14:08:38,032 - performance_logger - DEBUG - This is a debug message
2026-04-21 14:08:38,034 - performance_logger - DEBUG - This is a debug message
2026-04-21 14:08:38,037 - performance_logger - DEBUG - This is a debug message
2026-04-21 14:08:38,049 - performance_logger - DEBUG - This is a debug message
2026-04-21 14:08:38,052 - performance_logger - DEBUG - This is a debug message
2026-04-21 14:08:38,056 - performance_logger - DEBUG - This is a debug message
2026-04-21 14:08:38,058 - performance_logger - DEBUG - This is a debug message
2026-04-21 14:08:38,060 - performance_logger - DEBUG - This is a debug message
2026-04-21 14:08:38,063 - performance_logger - DEBUG - This is a debug message
2026-04-21 14:08:38,064 - performance_logger - DEBUG - This is a debug message
2026-04-21 14:08:38,066 - performance_logger - DEBUG - This is a debug message
2026-04-21 14:08:38,068 - performance_logger - DEBUG - This is a debug message
2026-04-21 14:08:38,070 - performance_logger - DEBUG - This is a debug message
2026-04-21 14:08:38,071 - performance_logger - DEBUG - This is a debug message
2026-04-21 14:08:38,073 - performance_logger - DEBUG - This is a debug message
2026-04-21 14:08:38,075 - performance_logger - DEBUG - This is a debug message
2026-04-21 14:08:38,085 - performance_logger - DEBUG - This is a debug message
2026-04-21 14:08:38,100 - performance_logger - DEBUG - This is a debug message
2026-04-21 14:08:38,102 - performance_logger - DEBUG - This is a debug message
2026-04-21 14:08:38,103 - performance_logger - DEBUG - This is a debug message
2026-04-21 14:08:38,105 - performance_logger - DEBUG - This is a debug message
2026-04-21 14:08:38,112 - performance_logger - DEBUG - This is a debug message
2026-04-21 14:08:38,117 - performance_logger - DEBUG - This is a debug message
2026-04-21 14:08:38,119 - performance_logger - DEBUG - This is a debug message
2026-04-21 14:08:38,125 - performance_logger - DEBUG - This is a debug message
2026-04-21 14:08:38,135 - performance_logger - DEBUG - This is a debug message
2026-04-21 14:08:38,140 - performance_logger - DEBUG - This is a debug message
2026-04-21 14:08:38,142 - performance_logger - DEBUG - This is a debug message
2026-04-21 14:08:38,145 - performance_logger - DEBUG - This is a debug message
2026-04-21 14:08:38,147 - performance_logger - DEBUG - This is a debug message
2026-04-21 14:08:38,149 - performance_logger - DEBUG - This is a debug message
2026-04-21 14:08:38,151 - performance_logger - DEBUG - This is a debug message
2026-04-21 14:08:38,153 - performance_logger - DEBUG - This is a debug message
2026-04-21 14:08:38,156 - performance_logger - DEBUG - This is a debug message
2026-04-21 14:08:38,158 - performance_logger - DEBUG - This is a debug message
2026-04-21 14:08:38,160 - performance_logger - DEBUG - This is a debug message
2026-04-21 14:08:38,162 - performance_logger - DEBUG - This is a debug message
2026-04-21 14:08:38,163 - performance_logger - DEBUG - This is a debug message
2026-04-21 14:08:38,167 - performance_logger - DEBUG - This is a debug message
2026-04-21 14:08:38,168 - performance_logger - DEBUG - This is a debug message
2026-04-21 14:08:38,170 - performance_logger - DEBUG - This is a debug message
2026-04-21 14:08:38,172 - performance_logger - DEBUG - This is a debug message
2026-04-21 14:08:38,174 - performance_logger - DEBUG - This is a debug message
2026-04-21 14:08:38,176 - performance_logger - DEBUG - This is a debug message
2026-04-21 14:08:38,179 - performance_logger - DEBUG - This is a debug message
2026-04-21 14:08:38,181 - performance_logger - DEBUG - This is a debug message
2026-04-21 14:08:38,183 - performance_logger - DEBUG - This is a debug message
2026-04-21 14:08:38,185 - performance_logger - DEBUG - This is a debug message
2026-04-21 14:08:38,189 - performance_logger - DEBUG - This is a debug message
2026-04-21 14:08:38,195 - performance_logger - DEBUG - This is a debug message
2026-04-21 14:08:38,198 - performance_logger - DEBUG - This is a debug message
2026-04-21 14:08:38,202 - performance_logger - DEBUG - This is a debug message
2026-04-21 14:08:38,204 - performance_logger - DEBUG - This is a debug message
2026-04-21 14:08:38,206 - performance_logger - DEBUG - This is a debug message
2026-04-21 14:08:38,208 - performance_logger - DEBUG - This is a debug message
2026-04-21 14:08:38,210 - performance_logger - DEBUG - This is a debug message
2026-04-21 14:08:38,212 - performance_logger - DEBUG - This is a debug message
2026-04-21 14:08:38,214 - performance_logger - DEBUG - This is a debug message
2026-04-21 14:08:38,216 - performance_logger - DEBUG - This is a debug message
2026-04-21 14:08:38,218 - performance_logger - DEBUG - This is a debug message
2026-04-21 14:08:38,220 - performance_logger - DEBUG - This is a debug message
2026-04-21 14:08:38,222 - performance_logger - DEBUG - This is a debug message
2026-04-21 14:08:38,224 - performance_logger - DEBUG - This is a debug message
2026-04-21 14:08:38,227 - performance_logger - DEBUG - This is a debug message
2026-04-21 14:08:38,229 - performance_logger - DEBUG - This is a debug message
2026-04-21 14:08:38,232 - performance_logger - DEBUG - This is a debug message
2026-04-21 14:08:38,234 - performance_logger - DEBUG - This is a debug message
2026-04-21 14:08:38,238 - performance_logger - DEBUG - This is a debug message
2026-04-21 14:08:38,240 - performance_logger - DEBUG - This is a debug message
2026-04-21 14:08:38,242 - performance_logger - DEBUG - This is a debug message
2026-04-21 14:08:38,244 - performance_logger - DEBUG - This is a debug message
2026-04-21 14:08:38,248 - performance_logger - DEBUG - This is a debug message
2026-04-21 14:08:38,250 - performance_logger - DEBUG - This is a debug message
2026-04-21 14:08:38,252 - performance_logger - DEBUG - This is a debug message
2026-04-21 14:08:38,254 - performance_logger - DEBUG - This is a debug message
2026-04-21 14:08:38,256 - performance_logger - DEBUG - This is a debug message
2026-04-21 14:08:38,258 - performance_logger - DEBUG - This is a debug message
2026-04-21 14:08:38,260 - performance_logger - DEBUG - This is a debug message
2026-04-21 14:08:38,262 - performance_logger - DEBUG - This is a debug message
2026-04-21 14:08:38,264 - performance_logger - DEBUG - This is a debug message
2026-04-21 14:08:38,268 - performance_logger - DEBUG - This is a debug message
2026-04-21 14:08:38,270 - performance_logger - DEBUG - This is a debug message
2026-04-21 14:08:38,272 - performance_logger - DEBUG - This is a debug message
2026-04-21 14:08:38,273 - performance_logger - DEBUG - This is a debug message
2026-04-21 14:08:38,275 - performance_logger - DEBUG - This is a debug message
2026-04-21 14:08:38,276 - performance_logger - DEBUG - This is a debug message
2026-04-21 14:08:38,278 - performance_logger - DEBUG - This is a debug message
2026-04-21 14:08:38,280 - performance_logger - DEBUG - This is a debug message
2026-04-21 14:08:38,281 - performance_logger - DEBUG - This is a debug message
2026-04-21 14:08:38,285 - performance_logger - DEBUG - This is a debug message
2026-04-21 14:08:38,287 - performance_logger - DEBUG - This is a debug message
2026-04-21 14:08:38,289 - performance_logger - DEBUG - This is a debug message
2026-04-21 14:08:38,291 - performance_logger - DEBUG - This is a debug message
2026-04-21 14:08:38,293 - performance_logger - DEBUG - This is a debug message
2026-04-21 14:08:38,294 - performance_logger - DEBUG - This is a debug message
2026-04-21 14:08:38,296 - performance_logger - DEBUG - This is a debug message
2026-04-21 14:08:38,308 - performance_logger - DEBUG - This is a debug message
2026-04-21 14:08:38,310 - performance_logger - DEBUG - This is a debug message
2026-04-21 14:08:38,311 - performance_logger - DEBUG - This is a debug message
2026-04-21 14:08:38,312 - performance_logger - DEBUG - This is a debug message
2026-04-21 14:08:38,313 - performance_logger - DEBUG - This is a debug message
2026-04-21 14:08:38,315 - performance_logger - DEBUG - This is a debug message
2026-04-21 14:08:38,316 - performance_logger - DEBUG - This is a debug message
2026-04-21 14:08:38,317 - performance_logger - DEBUG - This is a debug message
2026-04-21 14:08:38,319 - performance_logger - DEBUG - This is a debug message
2026-04-21 14:08:38,325 - performance_logger - DEBUG - This is a debug message
2026-04-21 14:08:38,334 - performance_logger - DEBUG - This is a debug message
2026-04-21 14:08:38,336 - performance_logger - DEBUG - This is a debug message
2026-04-21 14:08:38,337 - performance_logger - DEBUG - This is a debug message
2026-04-21 14:08:38,338 - performance_logger - DEBUG - This is a debug message
2026-04-21 14:08:38,340 - performance_logger - DEBUG - This is a debug message
2026-04-21 14:08:38,341 - performance_logger - DEBUG - This is a debug message
2026-04-21 14:08:38,343 - performance_logger - DEBUG - This is a debug message
2026-04-21 14:08:38,344 - performance_logger - DEBUG - This is a debug message
2026-04-21 14:08:38,350 - performance_logger - DEBUG - This is a debug message
2026-04-21 14:08:38,356 - performance_logger - DEBUG - This is a debug message
2026-04-21 14:08:38,363 - performance_logger - DEBUG - This is a debug message
2026-04-21 14:08:38,368 - performance_logger - DEBUG - This is a debug message
2026-04-21 14:08:38,374 - performance_logger - DEBUG - This is a debug message
2026-04-21 14:08:38,379 - performance_logger - DEBUG - This is a debug message
2026-04-21 14:08:38,381 - performance_logger - DEBUG - This is a debug message
2026-04-21 14:08:38,396 - performance_logger - DEBUG - This is a debug message
2026-04-21 14:08:38,398 - performance_logger - DEBUG - This is a debug message
2026-04-21 14:08:38,399 - performance_logger - DEBUG - This is a debug message
2026-04-21 14:08:38,405 - performance_logger - DEBUG - This is a debug message
2026-04-21 14:08:38,406 - performance_logger - DEBUG - This is a debug message
2026-04-21 14:08:38,410 - performance_logger - DEBUG - This is a debug message
2026-04-21 14:08:38,419 - performance_logger - DEBUG - This is a debug message
2026-04-21 14:08:38,423 - performance_logger - DEBUG - This is a debug message
2026-04-21 14:08:38,425 - performance_logger - DEBUG - This is a debug message
2026-04-21 14:08:38,431 - performance_logger - DEBUG - This is a debug message
2026-04-21 14:08:38,432 - performance_logger - DEBUG - This is a debug message
2026-04-21 14:08:38,436 - performance_logger - DEBUG - This is a debug message
2026-04-21 14:08:38,438 - performance_logger - DEBUG - This is a debug message
2026-04-21 14:08:38,448 - performance_logger - DEBUG - This is a debug message
2026-04-21 14:08:38,460 - performance_logger - DEBUG - This is a debug message
2026-04-21 14:08:38,468 - performance_logger - DEBUG - This is a debug message
2026-04-21 14:08:38,473 - performance_logger - DEBUG - This is a debug message
2026-04-21 14:08:38,483 - performance_logger - DEBUG - This is a debug message
2026-04-21 14:08:38,493 - performance_logger - DEBUG - This is a debug message
2026-04-21 14:08:38,503 - performance_logger - DEBUG - This is a debug message
2026-04-21 14:08:38,511 - performance_logger - DEBUG - This is a debug message
2026-04-21 14:08:38,516 - performance_logger - DEBUG - This is a debug message
2026-04-21 14:08:38,524 - performance_logger - DEBUG - This is a debug message
2026-04-21 14:08:38,526 - performance_logger - DEBUG - This is a debug message
2026-04-21 14:08:38,530 - performance_logger - DEBUG - This is a debug message
2026-04-21 14:08:38,540 - performance_logger - DEBUG - This is a debug message
2026-04-21 14:08:38,545 - performance_logger - DEBUG - This is a debug message
2026-04-21 14:08:38,548 - performance_logger - DEBUG - This is a debug message
2026-04-21 14:08:38,556 - performance_logger - DEBUG - This is a debug message
2026-04-21 14:08:38,561 - performance_logger - DEBUG - This is a debug message
2026-04-21 14:08:38,564 - performance_logger - DEBUG - This is a debug message
2026-04-21 14:08:38,565 - performance_logger - DEBUG - This is a debug message
2026-04-21 14:08:38,574 - performance_logger - DEBUG - This is a debug message
2026-04-21 14:08:38,575 - performance_logger - DEBUG - This is a debug message
2026-04-21 14:08:38,577 - performance_logger - DEBUG - This is a debug message
2026-04-21 14:08:38,580 - performance_logger - DEBUG - This is a debug message
2026-04-21 14:08:38,582 - performance_logger - DEBUG - This is a debug message
2026-04-21 14:08:38,584 - performance_logger - DEBUG - This is a debug message
2026-04-21 14:08:38,585 - performance_logger - DEBUG - This is a debug message
2026-04-21 14:08:38,588 - performance_logger - DEBUG - This is a debug message
2026-04-21 14:08:38,595 - performance_logger - DEBUG - This is a debug message
2026-04-21 14:08:38,597 - performance_logger - DEBUG - This is a debug message
2026-04-21 14:08:38,604 - performance_logger - DEBUG - This is a debug message
2026-04-21 14:08:38,607 - performance_logger - DEBUG - This is a debug message
2026-04-21 14:08:38,608 - performance_logger - DEBUG - This is a debug message
2026-04-21 14:08:38,610 - performance_logger - DEBUG - This is a debug message
2026-04-21 14:08:38,612 - performance_logger - DEBUG - This is a debug message
2026-04-21 14:08:38,615 - performance_logger - DEBUG - This is a debug message
2026-04-21 14:08:38,619 - performance_logger - DEBUG - This is a debug message
2026-04-21 14:08:38,621 - performance_logger - DEBUG - This is a debug message
2026-04-21 14:08:38,623 - performance_logger - DEBUG - This is a debug message
2026-04-21 14:08:38,625 - performance_logger - DEBUG - This is a debug message
2026-04-21 14:08:38,628 - performance_logger - DEBUG - This is a debug message
2026-04-21 14:08:38,631 - performance_logger - DEBUG - This is a debug message
2026-04-21 14:08:38,633 - performance_logger - DEBUG - This is a debug message
2026-04-21 14:08:38,635 - performance_logger - DEBUG - This is a debug message
2026-04-21 14:08:38,636 - performance_logger - DEBUG - This is a debug message
2026-04-21 14:08:38,638 - performance_logger - DEBUG - This is a debug message
2026-04-21 14:08:38,641 - performance_logger - DEBUG - This is a debug message
2026-04-21 14:08:38,642 - performance_logger - DEBUG - This is a debug message
2026-04-21 14:08:38,644 - performance_logger - DEBUG - This is a debug message
2026-04-21 14:08:38,656 - performance_logger - DEBUG - This is a debug message
2026-04-21 14:08:38,658 - performance_logger - DEBUG - This is a debug message
2026-04-21 14:08:38,664 - performance_logger - DEBUG - This is a debug message
2026-04-21 14:08:38,666 - performance_logger - DEBUG - This is a debug message
2026-04-21 14:08:38,668 - performance_logger - DEBUG - This is a debug message
2026-04-21 14:08:38,672 - performance_logger - DEBUG - This is a debug message
2026-04-21 14:08:38,675 - performance_logger - DEBUG - This is a debug message
2026-04-21 14:08:38,681 - performance_logger - DEBUG - This is a debug message
2026-04-21 14:08:38,688 - performance_logger - DEBUG - This is a debug message
2026-04-21 14:08:38,692 - performance_logger - DEBUG - This is a debug message
2026-04-21 14:08:38,694 - performance_logger - DEBUG - This is a debug message
2026-04-21 14:08:38,702 - performance_logger - DEBUG - This is a debug message
2026-04-21 14:08:38,709 - performance_logger - DEBUG - This is a debug message
2026-04-21 14:08:38,718 - performance_logger - DEBUG - This is a debug message
2026-04-21 14:08:38,725 - performance_logger - DEBUG - This is a debug message
2026-04-21 14:08:38,732 - performance_logger - DEBUG - This is a debug message
2026-04-21 14:08:38,736 - performance_logger - DEBUG - This is a debug message
2026-04-21 14:08:38,741 - performance_logger - DEBUG - This is a debug message
2026-04-21 14:08:38,747 - performance_logger - DEBUG - This is a debug message
2026-04-21 14:08:38,750 - performance_logger - DEBUG - This is a debug message
2026-04-21 14:08:38,752 - performance_logger - DEBUG - This is a debug message
2026-04-21 14:08:38,755 - performance_logger - DEBUG - This is a debug message
2026-04-21 14:08:38,757 - performance_logger - DEBUG - This is a debug message
2026-04-21 14:08:38,758 - performance_logger - DEBUG - This is a debug message
2026-04-21 14:08:38,764 - performance_logger - DEBUG - This is a debug message
2026-04-21 14:08:38,767 - performance_logger - DEBUG - This is a debug message
2026-04-21 14:08:38,770 - performance_logger - DEBUG - This is a debug message
2026-04-21 14:08:38,773 - performance_logger - DEBUG - This is a debug message
2026-04-21 14:08:38,781 - performance_logger - DEBUG - This is a debug message
2026-04-21 14:08:38,788 - performance_logger - DEBUG - This is a debug message
2026-04-21 14:08:38,795 - performance_logger - DEBUG - This is a debug message
2026-04-21 14:08:38,801 - performance_logger - DEBUG - This is a debug message
2026-04-21 14:08:38,804 - performance_logger - DEBUG - This is a debug message
2026-04-21 14:08:38,808 - performance_logger - DEBUG - This is a debug message
2026-04-21 14:08:38,814 - performance_logger - DEBUG - This is a debug message
2026-04-21 14:08:38,823 - performance_logger - DEBUG - This is a debug message
2026-04-21 14:08:38,830 - performance_logger - DEBUG - This is a debug message
2026-04-21 14:08:38,837 - performance_logger - DEBUG - This is a debug message
2026-04-21 14:08:38,845 - performance_logger - DEBUG - This is a debug message
2026-04-21 14:08:38,852 - performance_logger - DEBUG - This is a debug message
2026-04-21 14:08:38,858 - performance_logger - DEBUG - This is a debug message
2026-04-21 14:08:38,867 - performance_logger - DEBUG - This is a debug message
2026-04-21 14:08:38,875 - performance_logger - DEBUG - This is a debug message
2026-04-21 14:08:38,881 - performance_logger - DEBUG - This is a debug message
2026-04-21 14:08:38,887 - performance_logger - DEBUG - This is a debug message
2026-04-21 14:08:38,894 - performance_logger - DEBUG - This is a debug message
2026-04-21 14:08:38,900 - performance_logger - DEBUG - This is a debug message
2026-04-21 14:08:38,910 - performance_logger - DEBUG - This is a debug message
2026-04-21 14:08:38,924 - performance_logger - DEBUG - This is a debug message
2026-04-21 14:08:38,933 - performance_logger - DEBUG - This is a debug message
2026-04-21 14:08:38,939 - performance_logger - DEBUG - This is a debug message
2026-04-21 14:08:38,946 - performance_logger - DEBUG - This is a debug message
2026-04-21 14:08:38,950 - performance_logger - DEBUG - This is a debug message
2026-04-21 14:08:38,954 - performance_logger - DEBUG - This is a debug message
2026-04-21 14:08:38,958 - performance_logger - DEBUG - This is a debug message
2026-04-21 14:08:38,961 - performance_logger - DEBUG - This is a debug message
2026-04-21 14:08:38,967 - performance_logger - DEBUG - This is a debug message
2026-04-21 14:08:38,970 - performance_logger - DEBUG - This is a debug message
2026-04-21 14:08:38,972 - performance_logger - DEBUG - This is a debug message
2026-04-21 14:08:38,974 - performance_logger - DEBUG - This is a debug message
2026-04-21 14:08:38,977 - performance_logger - DEBUG - This is a debug message
2026-04-21 14:08:38,982 - performance_logger - DEBUG - This is a debug message
2026-04-21 14:08:38,985 - performance_logger - DEBUG - This is a debug message
2026-04-21 14:08:38,987 - performance_logger - DEBUG - This is a debug message
2026-04-21 14:08:38,989 - performance_logger - DEBUG - This is a debug message
2026-04-21 14:08:38,993 - performance_logger - DEBUG - This is a debug message
2026-04-21 14:08:38,999 - performance_logger - DEBUG - This is a debug message
2026-04-21 14:08:39,004 - performance_logger - DEBUG - This is a debug message
2026-04-21 14:08:39,006 - performance_logger - DEBUG - This is a debug message
2026-04-21 14:08:39,012 - performance_logger - DEBUG - This is a debug message
2026-04-21 14:08:39,018 - performance_logger - DEBUG - This is a debug message
2026-04-21 14:08:39,023 - performance_logger - DEBUG - This is a debug message
2026-04-21 14:08:39,027 - performance_logger - DEBUG - This is a debug message
2026-04-21 14:08:39,035 - performance_logger - DEBUG - This is a debug message
2026-04-21 14:08:39,041 - performance_logger - DEBUG - This is a debug message
2026-04-21 14:08:39,049 - performance_logger - DEBUG - This is a debug message
2026-04-21 14:08:39,051 - performance_logger - DEBUG - This is a debug message
2026-04-21 14:08:39,062 - performance_logger - DEBUG - This is a debug message
2026-04-21 14:08:39,073 - performance_logger - DEBUG - This is a debug message
2026-04-21 14:08:39,082 - performance_logger - DEBUG - This is a debug message
2026-04-21 14:08:39,084 - performance_logger - DEBUG - This is a debug message
2026-04-21 14:08:39,092 - performance_logger - DEBUG - This is a debug message
2026-04-21 14:08:39,097 - performance_logger - DEBUG - This is a debug message
2026-04-21 14:08:39,102 - performance_logger - DEBUG - This is a debug message
2026-04-21 14:08:39,109 - performance_logger - DEBUG - This is a debug message
2026-04-21 14:08:39,123 - performance_logger - DEBUG - This is a debug message
2026-04-21 14:08:39,131 - performance_logger - DEBUG - This is a debug message
2026-04-21 14:08:39,135 - performance_logger - DEBUG - This is a debug message
2026-04-21 14:08:39,147 - performance_logger - DEBUG - This is a debug message
2026-04-21 14:08:39,154 - performance_logger - DEBUG - This is a debug message
2026-04-21 14:08:39,167 - performance_logger - DEBUG - This is a debug message
2026-04-21 14:08:39,172 - performance_logger - DEBUG - This is a debug message
2026-04-21 14:08:39,187 - performance_logger - DEBUG - This is a debug message
2026-04-21 14:08:39,201 - performance_logger - DEBUG - This is a debug message
2026-04-21 14:08:39,212 - performance_logger - DEBUG - This is a debug message
2026-04-21 14:08:39,218 - performance_logger - DEBUG - This is a debug message
2026-04-21 14:08:39,228 - performance_logger - DEBUG - This is a debug message
2026-04-21 14:08:39,237 - performance_logger - DEBUG - This is a debug message
2026-04-21 14:08:39,245 - performance_logger - DEBUG - This is a debug message
2026-04-21 14:08:39,256 - performance_logger - DEBUG - This is a debug message
2026-04-21 14:08:39,262 - performance_logger - DEBUG - This is a debug message
2026-04-21 14:08:39,267 - performance_logger - DEBUG - This is a debug message
2026-04-21 14:08:39,272 - performance_logger - DEBUG - This is a debug message
2026-04-21 14:08:39,278 - performance_logger - DEBUG - This is a debug message
2026-04-21 14:08:39,283 - performance_logger - DEBUG - This is a debug message
2026-04-21 14:08:39,288 - performance_logger - DEBUG - This is a debug message
2026-04-21 14:08:39,294 - performance_logger - DEBUG - This is a debug message
2026-04-21 14:08:39,300 - performance_logger - DEBUG - This is a debug message
2026-04-21 14:08:39,307 - performance_logger - DEBUG - This is a debug message
2026-04-21 14:08:39,316 - performance_logger - DEBUG - This is a debug message
2026-04-21 14:08:39,320 - performance_logger - DEBUG - This is a debug message
2026-04-21 14:08:39,328 - performance_logger - DEBUG - This is a debug message
2026-04-21 14:08:39,336 - performance_logger - DEBUG - This is a debug message
2026-04-21 14:08:39,349 - performance_logger - DEBUG - This is a debug message
2026-04-21 14:08:39,360 - performance_logger - DEBUG - This is a debug message
2026-04-21 14:08:39,363 - performance_logger - DEBUG - This is a debug message
2026-04-21 14:08:39,378 - performance_logger - DEBUG - This is a debug message
2026-04-21 14:08:39,390 - performance_logger - DEBUG - This is a debug message
2026-04-21 14:08:39,407 - performance_logger - DEBUG - This is a debug message
2026-04-21 14:08:39,412 - performance_logger - DEBUG - This is a debug message
2026-04-21 14:08:39,422 - performance_logger - DEBUG - This is a debug message
2026-04-21 14:08:39,433 - performance_logger - DEBUG - This is a debug message
2026-04-21 14:08:39,447 - performance_logger - DEBUG - This is a debug message
2026-04-21 14:08:39,451 - performance_logger - DEBUG - This is a debug message
2026-04-21 14:08:39,459 - performance_logger - DEBUG - This is a debug message
2026-04-21 14:08:39,464 - performance_logger - DEBUG - This is a debug message
2026-04-21 14:08:39,471 - performance_logger - DEBUG - This is a debug message
2026-04-21 14:08:39,482 - performance_logger - DEBUG - This is a debug message
2026-04-21 14:08:39,491 - performance_logger - DEBUG - This is a debug message
2026-04-21 14:08:39,493 - performance_logger - DEBUG - This is a debug message
2026-04-21 14:08:39,499 - performance_logger - DEBUG - This is a debug message
2026-04-21 14:08:39,505 - performance_logger - DEBUG - This is a debug message
2026-04-21 14:08:39,509 - performance_logger - DEBUG - This is a debug message
2026-04-21 14:08:39,515 - performance_logger - DEBUG - This is a debug message
2026-04-21 14:08:39,517 - performance_logger - DEBUG - This is a debug message
2026-04-21 14:08:39,519 - performance_logger - DEBUG - This is a debug message
2026-04-21 14:08:39,522 - performance_logger - DEBUG - This is a debug message
2026-04-21 14:08:39,530 - performance_logger - DEBUG - This is a debug message
2026-04-21 14:08:39,533 - performance_logger - DEBUG - This is a debug message
2026-04-21 14:08:39,537 - performance_logger - DEBUG - This is a debug message
2026-04-21 14:08:39,542 - performance_logger - DEBUG - This is a debug message
2026-04-21 14:08:39,546 - performance_logger - DEBUG - This is a debug message
2026-04-21 14:08:39,552 - performance_logger - DEBUG - This is a debug message
2026-04-21 14:08:39,553 - performance_logger - DEBUG - This is a debug message
2026-04-21 14:08:39,557 - performance_logger - DEBUG - This is a debug message
2026-04-21 14:08:39,566 - performance_logger - DEBUG - This is a debug message
2026-04-21 14:08:39,571 - performance_logger - DEBUG - This is a debug message
2026-04-21 14:08:39,581 - performance_logger - DEBUG - This is a debug message
2026-04-21 14:08:39,586 - performance_logger - DEBUG - This is a debug message
2026-04-21 14:08:39,591 - performance_logger - DEBUG - This is a debug message
2026-04-21 14:08:39,603 - performance_logger - DEBUG - This is a debug message
2026-04-21 14:08:39,610 - performance_logger - DEBUG - This is a debug message
2026-04-21 14:08:39,616 - performance_logger - DEBUG - This is a debug message
2026-04-21 14:08:39,621 - performance_logger - DEBUG - This is a debug message
2026-04-21 14:08:39,634 - performance_logger - DEBUG - This is a debug message
2026-04-21 14:08:39,645 - performance_logger - DEBUG - This is a debug message
2026-04-21 14:08:39,655 - performance_logger - DEBUG - This is a debug message
2026-04-21 14:08:39,663 - performance_logger - DEBUG - This is a debug message
2026-04-21 14:08:39,667 - performance_logger - DEBUG - This is a debug message
2026-04-21 14:08:39,679 - performance_logger - DEBUG - This is a debug message
2026-04-21 14:08:39,687 - performance_logger - DEBUG - This is a debug message
2026-04-21 14:08:39,698 - performance_logger - DEBUG - This is a debug message
2026-04-21 14:08:39,707 - performance_logger - DEBUG - This is a debug message
2026-04-21 14:08:39,712 - performance_logger - DEBUG - This is a debug message
2026-04-21 14:08:39,718 - performance_logger - DEBUG - This is a debug message
2026-04-21 14:08:39,724 - performance_logger - DEBUG - This is a debug message
2026-04-21 14:08:39,731 - performance_logger - DEBUG - This is a debug message
2026-04-21 14:08:39,744 - performance_logger - DEBUG - This is a debug message
2026-04-21 14:08:39,746 - performance_logger - DEBUG - This is a debug message
2026-04-21 14:08:39,752 - performance_logger - DEBUG - This is a debug message
2026-04-21 14:08:39,759 - performance_logger - DEBUG - This is a debug message
2026-04-21 14:08:39,764 - performance_logger - DEBUG - This is a debug message
2026-04-21 14:08:39,772 - performance_logger - DEBUG - This is a debug message
2026-04-21 14:08:39,777 - performance_logger - DEBUG - This is a debug message
2026-04-21 14:08:39,789 - performance_logger - DEBUG - This is a debug message
2026-04-21 14:08:39,799 - performance_logger - DEBUG - This is a debug message
2026-04-21 14:08:39,803 - performance_logger - DEBUG - This is a debug message
2026-04-21 14:08:39,812 - performance_logger - DEBUG - This is a debug message
2026-04-21 14:08:39,823 - performance_logger - DEBUG - This is a debug message
2026-04-21 14:08:39,834 - performance_logger - DEBUG - This is a debug message
2026-04-21 14:08:39,839 - performance_logger - DEBUG - This is a debug message
2026-04-21 14:08:39,844 - performance_logger - DEBUG - This is a debug message
2026-04-21 14:08:39,856 - performance_logger - DEBUG - This is a debug message
2026-04-21 14:08:39,864 - performance_logger - DEBUG - This is a debug message
2026-04-21 14:08:39,868 - performance_logger - DEBUG - This is a debug message
2026-04-21 14:08:39,874 - performance_logger - DEBUG - This is a debug message
2026-04-21 14:08:39,885 - performance_logger - DEBUG - This is a debug message
2026-04-21 14:08:39,891 - performance_logger - DEBUG - This is a debug message
2026-04-21 14:08:39,903 - performance_logger - DEBUG - This is a debug message
2026-04-21 14:08:39,907 - performance_logger - DEBUG - This is a debug message
2026-04-21 14:08:39,909 - performance_logger - DEBUG - This is a debug message
2026-04-21 14:08:39,917 - performance_logger - DEBUG - This is a debug message
2026-04-21 14:08:39,923 - performance_logger - DEBUG - This is a debug message
2026-04-21 14:08:39,928 - performance_logger - DEBUG - This is a debug message
2026-04-21 14:08:39,931 - performance_logger - DEBUG - This is a debug message
2026-04-21 14:08:39,940 - performance_logger - DEBUG - This is a debug message
2026-04-21 14:08:39,945 - performance_logger - DEBUG - This is a debug message
2026-04-21 14:08:39,951 - performance_logger - DEBUG - This is a debug message
2026-04-21 14:08:39,953 - performance_logger - DEBUG - This is a debug message
2026-04-21 14:08:39,957 - performance_logger - DEBUG - This is a debug message
2026-04-21 14:08:39,960 - performance_logger - DEBUG - This is a debug message
2026-04-21 14:08:39,968 - performance_logger - DEBUG - This is a debug message
2026-04-21 14:08:39,972 - performance_logger - DEBUG - This is a debug message
2026-04-21 14:08:39,977 - performance_logger - DEBUG - This is a debug message
2026-04-21 14:08:39,984 - performance_logger - DEBUG - This is a debug message
2026-04-21 14:08:39,988 - performance_logger - DEBUG - This is a debug message
2026-04-21 14:08:39,991 - performance_logger - DEBUG - This is a debug message
2026-04-21 14:08:39,997 - performance_logger - DEBUG - This is a debug message
2026-04-21 14:08:40,001 - performance_logger - DEBUG - This is a debug message
2026-04-21 14:08:40,004 - performance_logger - DEBUG - This is a debug message
2026-04-21 14:08:40,006 - performance_logger - DEBUG - This is a debug message
2026-04-21 14:08:40,008 - performance_logger - DEBUG - This is a debug message
2026-04-21 14:08:40,021 - performance_logger - DEBUG - This is a debug message
2026-04-21 14:08:40,023 - performance_logger - DEBUG - This is a debug message
2026-04-21 14:08:40,032 - performance_logger - DEBUG - This is a debug message
2026-04-21 14:08:40,036 - performance_logger - DEBUG - This is a debug message
2026-04-21 14:08:40,040 - performance_logger - DEBUG - This is a debug message
2026-04-21 14:08:40,049 - performance_logger - DEBUG - This is a debug message
2026-04-21 14:08:40,050 - performance_logger - DEBUG - This is a debug message
2026-04-21 14:08:40,052 - performance_logger - DEBUG - This is a debug message
2026-04-21 14:08:40,055 - performance_logger - DEBUG - This is a debug message
2026-04-21 14:08:40,057 - performance_logger - DEBUG - This is a debug message
2026-04-21 14:08:40,058 - performance_logger - DEBUG - This is a debug message
2026-04-21 14:08:40,070 - performance_logger - DEBUG - This is a debug message
2026-04-21 14:08:40,074 - performance_logger - DEBUG - This is a debug message
2026-04-21 14:08:40,083 - performance_logger - DEBUG - This is a debug message
2026-04-21 14:08:40,085 - performance_logger - DEBUG - This is a debug message
2026-04-21 14:08:40,090 - performance_logger - DEBUG - This is a debug message
2026-04-21 14:08:40,096 - performance_logger - DEBUG - This is a debug message
2026-04-21 14:08:40,099 - performance_logger - DEBUG - This is a debug message
2026-04-21 14:08:40,102 - performance_logger - DEBUG - This is a debug message
2026-04-21 14:08:40,103 - performance_logger - DEBUG - This is a debug message
2026-04-21 14:08:40,105 - performance_logger - DEBUG - This is a debug message
2026-04-21 14:08:40,106 - performance_logger - DEBUG - This is a debug message
2026-04-21 14:08:40,108 - performance_logger - DEBUG - This is a debug message
2026-04-21 14:08:40,121 - performance_logger - DEBUG - This is a debug message
2026-04-21 14:08:40,124 - performance_logger - DEBUG - This is a debug message
2026-04-21 14:08:40,132 - performance_logger - DEBUG - This is a debug message
2026-04-21 14:08:40,134 - performance_logger - DEBUG - This is a debug message
2026-04-21 14:08:40,139 - performance_logger - DEBUG - This is a debug message
2026-04-21 14:08:40,141 - performance_logger - DEBUG - This is a debug message
2026-04-21 14:08:40,149 - performance_logger - DEBUG - This is a debug message
2026-04-21 14:08:40,152 - performance_logger - DEBUG - This is a debug message
2026-04-21 14:08:40,154 - performance_logger - DEBUG - This is a debug message
2026-04-21 14:08:40,156 - performance_logger - DEBUG - This is a debug message
2026-04-21 14:08:40,161 - performance_logger - DEBUG - This is a debug message
2026-04-21 14:08:40,171 - performance_logger - DEBUG - This is a debug message
2026-04-21 14:08:40,177 - performance_logger - DEBUG - This is a debug message
2026-04-21 14:08:40,185 - performance_logger - DEBUG - This is a debug message
2026-04-21 14:08:40,190 - performance_logger - DEBUG - This is a debug message
2026-04-21 14:08:40,196 - performance_logger - DEBUG - This is a debug message
2026-04-21 14:08:40,200 - performance_logger - DEBUG - This is a debug message
2026-04-21 14:08:40,202 - performance_logger - DEBUG - This is a debug message
2026-04-21 14:08:40,204 - performance_logger - DEBUG - This is a debug message
2026-04-21 14:08:40,206 - performance_logger - DEBUG - This is a debug message
2026-04-21 14:08:40,207 - performance_logger - DEBUG - This is a debug message
2026-04-21 14:08:40,215 - performance_logger - DEBUG - This is a debug message
2026-04-21 14:08:40,223 - performance_logger - DEBUG - This is a debug message
2026-04-21 14:08:40,225 - performance_logger - DEBUG - This is a debug message
2026-04-21 14:08:40,227 - performance_logger - DEBUG - This is a debug message
2026-04-21 14:08:40,228 - performance_logger - DEBUG - This is a debug message
2026-04-21 14:08:40,230 - performance_logger - DEBUG - This is a debug message
2026-04-21 14:08:40,232 - performance_logger - DEBUG - This is a debug message
2026-04-21 14:08:40,236 - performance_logger - DEBUG - This is a debug message
2026-04-21 14:08:40,239 - performance_logger - DEBUG - This is a debug message
2026-04-21 14:08:40,242 - performance_logger - DEBUG - This is a debug message
2026-04-21 14:08:40,248 - performance_logger - DEBUG - This is a debug message
2026-04-21 14:08:40,250 - performance_logger - DEBUG - This is a debug message
2026-04-21 14:08:40,253 - performance_logger - DEBUG - This is a debug message
2026-04-21 14:08:40,258 - performance_logger - DEBUG - This is a debug message
2026-04-21 14:08:40,263 - performance_logger - DEBUG - This is a debug message
2026-04-21 14:08:40,264 - performance_logger - DEBUG - This is a debug message
2026-04-21 14:08:40,269 - performance_logger - DEBUG - This is a debug message
2026-04-21 14:08:40,274 - performance_logger - DEBUG - This is a debug message
2026-04-21 14:08:40,276 - performance_logger - DEBUG - This is a debug message
2026-04-21 14:08:40,281 - performance_logger - DEBUG - This is a debug message
2026-04-21 14:08:40,286 - performance_logger - DEBUG - This is a debug message
2026-04-21 14:08:40,290 - performance_logger - DEBUG - This is a debug message
2026-04-21 14:08:40,294 - performance_logger - DEBUG - This is a debug message
2026-04-21 14:08:40,299 - performance_logger - DEBUG - This is a debug message
2026-04-21 14:08:40,304 - performance_logger - DEBUG - This is a debug message
2026-04-21 14:08:40,306 - performance_logger - DEBUG - This is a debug message
2026-04-21 14:08:40,312 - performance_logger - DEBUG - This is a debug message
2026-04-21 14:08:40,316 - performance_logger - DEBUG - This is a debug message
2026-04-21 14:08:40,322 - performance_logger - DEBUG - This is a debug message
2026-04-21 14:08:40,324 - performance_logger - DEBUG - This is a debug message
2026-04-21 14:08:40,329 - performance_logger - DEBUG - This is a debug message
2026-04-21 14:08:40,334 - performance_logger - DEBUG - This is a debug message
2026-04-21 14:08:40,339 - performance_logger - DEBUG - This is a debug message
2026-04-21 14:08:40,342 - performance_logger - DEBUG - This is a debug message
2026-04-21 14:08:40,346 - performance_logger - DEBUG - This is a debug message
2026-04-21 14:08:40,348 - performance_logger - DEBUG - This is a debug message
2026-04-21 14:08:40,353 - performance_logger - DEBUG - This is a debug message
2026-04-21 14:08:40,359 - performance_logger - DEBUG - This is a debug message
2026-04-21 14:08:40,363 - performance_logger - DEBUG - This is a debug message
2026-04-21 14:08:40,365 - performance_logger - DEBUG - This is a debug message
2026-04-21 14:08:40,369 - performance_logger - DEBUG - This is a debug message
2026-04-21 14:08:40,375 - performance_logger - DEBUG - This is a debug message
2026-04-21 14:08:40,377 - performance_logger - DEBUG - This is a debug message
2026-04-21 14:08:40,382 - performance_logger - DEBUG - This is a debug message
2026-04-21 14:08:40,385 - performance_logger - DEBUG - This is a debug message
2026-04-21 14:08:40,389 - performance_logger - DEBUG - This is a debug message
2026-04-21 14:08:40,395 - performance_logger - DEBUG - This is a debug message
2026-04-21 14:08:40,399 - performance_logger - DEBUG - This is a debug message
2026-04-21 14:08:40,404 - performance_logger - DEBUG - This is a debug message
2026-04-21 14:08:40,407 - performance_logger - DEBUG - This is a debug message
2026-04-21 14:08:40,414 - performance_logger - DEBUG - This is a debug message
2026-04-21 14:08:40,423 - performance_logger - DEBUG - This is a debug message
2026-04-21 14:08:40,425 - performance_logger - DEBUG - This is a debug message
2026-04-21 14:08:40,434 - performance_logger - DEBUG - This is a debug message
2026-04-21 14:08:40,438 - performance_logger - DEBUG - This is a debug message
2026-04-21 14:08:40,449 - performance_logger - DEBUG - This is a debug message
2026-04-21 14:08:40,458 - performance_logger - DEBUG - This is a debug message
2026-04-21 14:08:40,467 - performance_logger - DEBUG - This is a debug message
2026-04-21 14:08:40,477 - performance_logger - DEBUG - This is a debug message
2026-04-21 14:08:40,489 - performance_logger - DEBUG - This is a debug message
2026-04-21 14:08:40,501 - performance_logger - DEBUG - This is a debug message
2026-04-21 14:08:40,508 - performance_logger - DEBUG - This is a debug message
2026-04-21 14:08:40,512 - performance_logger - DEBUG - This is a debug message
2026-04-21 14:08:40,518 - performance_logger - DEBUG - This is a debug message
2026-04-21 14:08:40,526 - performance_logger - DEBUG - This is a debug message
2026-04-21 14:08:40,534 - performance_logger - DEBUG - This is a debug message
2026-04-21 14:08:40,541 - performance_logger - DEBUG - This is a debug message
2026-04-21 14:08:40,543 - performance_logger - DEBUG - This is a debug message
2026-04-21 14:08:40,551 - performance_logger - DEBUG - This is a debug message
2026-04-21 14:08:40,559 - performance_logger - DEBUG - This is a debug message
2026-04-21 14:08:40,567 - performance_logger - DEBUG - This is a debug message
2026-04-21 14:08:40,578 - performance_logger - DEBUG - This is a debug message
2026-04-21 14:08:40,590 - performance_logger - DEBUG - This is a debug message
2026-04-21 14:08:40,599 - performance_logger - DEBUG - This is a debug message
2026-04-21 14:08:40,607 - performance_logger - DEBUG - This is a debug message
2026-04-21 14:08:40,614 - performance_logger - DEBUG - This is a debug message
2026-04-21 14:08:40,622 - performance_logger - DEBUG - This is a debug message
2026-04-21 14:08:40,630 - performance_logger - DEBUG - This is a debug message
2026-04-21 14:08:40,638 - performance_logger - DEBUG - This is a debug message
2026-04-21 14:08:40,641 - performance_logger - DEBUG - This is a debug message
2026-04-21 14:08:40,648 - performance_logger - DEBUG - This is a debug message
2026-04-21 14:08:40,657 - performance_logger - DEBUG - This is a debug message
2026-04-21 14:08:40,662 - performance_logger - DEBUG - This is a debug message
2026-04-21 14:08:40,673 - performance_logger - DEBUG - This is a debug message
2026-04-21 14:08:40,677 - performance_logger - DEBUG - This is a debug message
2026-04-21 14:08:40,682 - performance_logger - DEBUG - This is a debug message
2026-04-21 14:08:40,687 - performance_logger - DEBUG - This is a debug message
2026-04-21 14:08:40,689 - performance_logger - DEBUG - This is a debug message
2026-04-21 14:08:40,695 - performance_logger - DEBUG - This is a debug message
2026-04-21 14:08:40,701 - performance_logger - DEBUG - This is a debug message
2026-04-21 14:08:40,708 - performance_logger - DEBUG - This is a debug message
2026-04-21 14:08:40,713 - performance_logger - DEBUG - This is a debug message
2026-04-21 14:08:40,718 - performance_logger - DEBUG - This is a debug message
2026-04-21 14:08:40,728 - performance_logger - DEBUG - This is a debug message
2026-04-21 14:08:40,731 - performance_logger - DEBUG - This is a debug message
2026-04-21 14:08:40,733 - performance_logger - DEBUG - This is a debug message
2026-04-21 14:08:40,736 - performance_logger - DEBUG - This is a debug message
2026-04-21 14:08:40,741 - performance_logger - DEBUG - This is a debug message
2026-04-21 14:08:40,744 - performance_logger - DEBUG - This is a debug message
2026-04-21 14:08:40,748 - performance_logger - DEBUG - This is a debug message
2026-04-21 14:08:40,751 - performance_logger - DEBUG - This is a debug message
2026-04-21 14:08:40,756 - performance_logger - DEBUG - This is a debug message
2026-04-21 14:08:40,759 - performance_logger - DEBUG - This is a debug message
2026-04-21 14:08:40,763 - performance_logger - DEBUG - This is a debug message
2026-04-21 14:08:40,767 - performance_logger - DEBUG - This is a debug message
2026-04-21 14:08:40,774 - performance_logger - DEBUG - This is a debug message
2026-04-21 14:08:40,781 - performance_logger - DEBUG - This is a debug message
2026-04-21 14:08:40,784 - performance_logger - DEBUG - This is a debug message
2026-04-21 14:08:40,788 - performance_logger - DEBUG - This is a debug message
2026-04-21 14:08:40,794 - performance_logger - DEBUG - This is a debug message
2026-04-21 14:08:40,797 - performance_logger - DEBUG - This is a debug message
2026-04-21 14:08:40,800 - performance_logger - DEBUG - This is a debug message
2026-04-21 14:08:40,803 - performance_logger - DEBUG - This is a debug message
2026-04-21 14:08:40,807 - performance_logger - DEBUG - This is a debug message
2026-04-21 14:08:40,809 - performance_logger - DEBUG - This is a debug message
2026-04-21 14:08:40,812 - performance_logger - DEBUG - This is a debug message
2026-04-21 14:08:40,816 - performance_logger - DEBUG - This is a debug message
2026-04-21 14:08:40,819 - performance_logger - DEBUG - This is a debug message
2026-04-21 14:08:40,823 - performance_logger - DEBUG - This is a debug message
2026-04-21 14:08:40,827 - performance_logger - DEBUG - This is a debug message
2026-04-21 14:08:40,830 - performance_logger - DEBUG - This is a debug message
2026-04-21 14:08:40,835 - performance_logger - DEBUG - This is a debug message
2026-04-21 14:08:40,841 - performance_logger - DEBUG - This is a debug message
2026-04-21 14:08:40,848 - performance_logger - DEBUG - This is a debug message
2026-04-21 14:08:40,854 - performance_logger - DEBUG - This is a debug message
2026-04-21 14:08:40,860 - performance_logger - DEBUG - This is a debug message
2026-04-21 14:08:40,864 - performance_logger - DEBUG - This is a debug message
2026-04-21 14:08:40,869 - performance_logger - DEBUG - This is a debug message
2026-04-21 14:08:40,875 - performance_logger - DEBUG - This is a debug message
2026-04-21 14:08:40,877 - performance_logger - DEBUG - This is a debug message
2026-04-21 14:08:40,880 - performance_logger - DEBUG - This is a debug message
2026-04-21 14:08:40,888 - performance_logger - DEBUG - This is a debug message
2026-04-21 14:08:40,890 - performance_logger - DEBUG - This is a debug message
2026-04-21 14:08:40,894 - performance_logger - DEBUG - This is a debug message
2026-04-21 14:08:40,896 - performance_logger - DEBUG - This is a debug message
2026-04-21 14:08:40,898 - performance_logger - DEBUG - This is a debug message
2026-04-21 14:08:40,903 - performance_logger - DEBUG - This is a debug message
2026-04-21 14:08:40,906 - performance_logger - DEBUG - This is a debug message
2026-04-21 14:08:40,907 - performance_logger - DEBUG - This is a debug message
2026-04-21 14:08:40,910 - performance_logger - DEBUG - This is a debug message
2026-04-21 14:08:40,911 - performance_logger - DEBUG - This is a debug message
2026-04-21 14:08:40,914 - performance_logger - DEBUG - This is a debug message
2026-04-21 14:08:40,915 - performance_logger - DEBUG - This is a debug message
2026-04-21 14:08:40,915 - performance_logger - DEBUG - This is a debug message
2026-04-21 14:08:40,916 - performance_logger - DEBUG - This is a debug message
2026-04-21 14:08:40,919 - performance_logger - DEBUG - This is a debug message
2026-04-21 14:08:40,921 - performance_logger - DEBUG - This is a debug message
2026-04-21 14:08:40,922 - performance_logger - DEBUG - This is a debug message
2026-04-21 14:08:40,924 - performance_logger - DEBUG - This is a debug message
2026-04-21 14:08:40,926 - performance_logger - DEBUG - This is a debug message
2026-04-21 14:08:40,928 - performance_logger - DEBUG - This is a debug message
2026-04-21 14:08:40,931 - performance_logger - DEBUG - This is a debug message
2026-04-21 14:08:40,937 - performance_logger - DEBUG - This is a debug message
2026-04-21 14:08:40,939 - performance_logger - DEBUG - This is a debug message
2026-04-21 14:08:40,941 - performance_logger - DEBUG - This is a debug message
2026-04-21 14:08:40,943 - performance_logger - DEBUG - This is a debug message
2026-04-21 14:08:40,946 - performance_logger - DEBUG - This is a debug message
2026-04-21 14:08:40,948 - performance_logger - DEBUG - This is a debug message
2026-04-21 14:08:40,952 - performance_logger - DEBUG - This is a debug message
2026-04-21 14:08:40,954 - performance_logger - DEBUG - This is a debug message
2026-04-21 14:08:40,956 - performance_logger - DEBUG - This is a debug message
2026-04-21 14:08:40,958 - performance_logger - DEBUG - This is a debug message
2026-04-21 14:08:40,962 - performance_logger - DEBUG - This is a debug message
2026-04-21 14:08:40,968 - performance_logger - DEBUG - This is a debug message
2026-04-21 14:08:40,970 - performance_logger - DEBUG - This is a debug message
2026-04-21 14:08:40,973 - performance_logger - DEBUG - This is a debug message
2026-04-21 14:08:40,975 - performance_logger - DEBUG - This is a debug message
2026-04-21 14:08:40,978 - performance_logger - DEBUG - This is a debug message
2026-04-21 14:08:40,983 - performance_logger - DEBUG - This is a debug message
2026-04-21 14:08:40,985 - performance_logger - DEBUG - This is a debug message
2026-04-21 14:08:40,987 - performance_logger - DEBUG - This is a debug message
2026-04-21 14:08:40,990 - performance_logger - DEBUG - This is a debug message
2026-04-21 14:08:40,992 - performance_logger - DEBUG - This is a debug message
2026-04-21 14:08:40,994 - performance_logger - DEBUG - This is a debug message
2026-04-21 14:08:40,996 - performance_logger - DEBUG - This is a debug message
2026-04-21 14:08:40,998 - performance_logger - DEBUG - This is a debug message
2026-04-21 14:08:41,000 - performance_logger - DEBUG - This is a debug message
2026-04-21 14:08:41,002 - performance_logger - DEBUG - This is a debug message
2026-04-21 14:08:41,007 - performance_logger - DEBUG - This is a debug message
2026-04-21 14:08:41,009 - performance_logger - DEBUG - This is a debug message
2026-04-21 14:08:41,011 - performance_logger - DEBUG - This is a debug message
2026-04-21 14:08:41,014 - performance_logger - DEBUG - This is a debug message
2026-04-21 14:08:41,019 - performance_logger - DEBUG - This is a debug message
2026-04-21 14:08:41,021 - performance_logger - DEBUG - This is a debug message
2026-04-21 14:08:41,023 - performance_logger - DEBUG - This is a debug message
2026-04-21 14:08:41,027 - performance_logger - DEBUG - This is a debug message
2026-04-21 14:08:41,029 - performance_logger - DEBUG - This is a debug message
2026-04-21 14:08:41,031 - performance_logger - DEBUG - This is a debug message
2026-04-21 14:08:41,036 - performance_logger - DEBUG - This is a debug message
2026-04-21 14:08:41,039 - performance_logger - DEBUG - This is a debug message
2026-04-21 14:08:41,046 - performance_logger - DEBUG - This is a debug message
2026-04-21 14:08:41,049 - performance_logger - DEBUG - This is a debug message
2026-04-21 14:08:41,054 - performance_logger - DEBUG - This is a debug message
2026-04-21 14:08:41,056 - performance_logger - DEBUG - This is a debug message
2026-04-21 14:08:41,058 - performance_logger - DEBUG - This is a debug message
2026-04-21 14:08:41,061 - performance_logger - DEBUG - This is a debug message
2026-04-21 14:08:41,062 - performance_logger - DEBUG - This is a debug message
2026-04-21 14:08:41,064 - performance_logger - DEBUG - This is a debug message
2026-04-21 14:08:41,066 - performance_logger - DEBUG - This is a debug message
2026-04-21 14:08:41,067 - performance_logger - DEBUG - This is a debug message
2026-04-21 14:08:41,069 - performance_logger - DEBUG - This is a debug message
2026-04-21 14:08:41,071 - performance_logger - DEBUG - This is a debug message
2026-04-21 14:08:41,073 - performance_logger - DEBUG - This is a debug message
2026-04-21 14:08:41,077 - performance_logger - DEBUG - This is a debug message
2026-04-21 14:08:41,080 - performance_logger - DEBUG - This is a debug message
2026-04-21 14:08:41,082 - performance_logger - DEBUG - This is a debug message
2026-04-21 14:08:41,092 - performance_logger - DEBUG - This is a debug message
2026-04-21 14:08:41,097 - performance_logger - DEBUG - This is a debug message
2026-04-21 14:08:41,100 - performance_logger - DEBUG - This is a debug message
2026-04-21 14:08:41,103 - performance_logger - DEBUG - This is a debug message
2026-04-21 14:08:41,106 - performance_logger - DEBUG - This is a debug message
2026-04-21 14:08:41,107 - performance_logger - DEBUG - This is a debug message
2026-04-21 14:08:41,113 - performance_logger - DEBUG - This is a debug message
2026-04-21 14:08:41,116 - performance_logger - DEBUG - This is a debug message
2026-04-21 14:08:41,117 - performance_logger - DEBUG - This is a debug message
2026-04-21 14:08:41,119 - performance_logger - DEBUG - This is a debug message
2026-04-21 14:08:41,121 - performance_logger - DEBUG - This is a debug message
2026-04-21 14:08:41,123 - performance_logger - DEBUG - This is a debug message
2026-04-21 14:08:41,129 - performance_logger - DEBUG - This is a debug message
2026-04-21 14:08:41,131 - performance_logger - DEBUG - This is a debug message
2026-04-21 14:08:41,133 - performance_logger - DEBUG - This is a debug message
2026-04-21 14:08:41,135 - performance_logger - DEBUG - This is a debug message
2026-04-21 14:08:41,137 - performance_logger - DEBUG - This is a debug message
2026-04-21 14:08:41,138 - performance_logger - DEBUG - This is a debug message
2026-04-21 14:08:41,139 - performance_logger - DEBUG - This is a debug message
2026-04-21 14:08:41,140 - performance_logger - DEBUG - This is a debug message
2026-04-21 14:08:41,146 - performance_logger - DEBUG - This is a debug message
2026-04-21 14:08:41,148 - performance_logger - DEBUG - This is a debug message
2026-04-21 14:08:41,150 - performance_logger - DEBUG - This is a debug message
2026-04-21 14:08:41,151 - performance_logger - DEBUG - This is a debug message
2026-04-21 14:08:41,154 - performance_logger - DEBUG - This is a debug message
2026-04-21 14:08:41,155 - performance_logger - DEBUG - This is a debug message
2026-04-21 14:08:41,156 - performance_logger - DEBUG - This is a debug message
2026-04-21 14:08:41,158 - performance_logger - DEBUG - This is a debug message
2026-04-21 14:08:41,163 - performance_logger - DEBUG - This is a debug message
2026-04-21 14:08:41,166 - performance_logger - DEBUG - This is a debug message
2026-04-21 14:08:41,173 - performance_logger - DEBUG - This is a debug message
2026-04-21 14:08:41,180 - performance_logger - DEBUG - This is a debug message
2026-04-21 14:08:41,187 - performance_logger - DEBUG - This is a debug message
2026-04-21 14:08:41,191 - performance_logger - DEBUG - This is a debug message
2026-04-21 14:08:41,196 - performance_logger - DEBUG - This is a debug message
2026-04-21 14:08:41,198 - performance_logger - DEBUG - This is a debug message
2026-04-21 14:08:41,204 - performance_logger - DEBUG - This is a debug message
2026-04-21 14:08:41,209 - performance_logger - DEBUG - This is a debug message
2026-04-21 14:08:41,214 - performance_logger - DEBUG - This is a debug message
2026-04-21 14:08:41,220 - performance_logger - DEBUG - This is a debug message
2026-04-21 14:08:41,226 - performance_logger - DEBUG - This is a debug message
2026-04-21 14:08:41,235 - performance_logger - DEBUG - This is a debug message
2026-04-21 14:08:41,245 - performance_logger - DEBUG - This is a debug message
2026-04-21 14:08:41,251 - performance_logger - DEBUG - This is a debug message
2026-04-21 14:08:41,261 - performance_logger - DEBUG - This is a debug message
2026-04-21 14:08:41,272 - performance_logger - DEBUG - This is a debug message
2026-04-21 14:08:41,279 - performance_logger - DEBUG - This is a debug message
2026-04-21 14:08:41,303 - performance_logger - DEBUG - This is a debug message
2026-04-21 14:08:41,312 - performance_logger - DEBUG - This is a debug message
2026-04-21 14:08:41,324 - performance_logger - DEBUG - This is a debug message
2026-04-21 14:08:41,335 - performance_logger - DEBUG - This is a debug message
2026-04-21 14:08:41,343 - performance_logger - DEBUG - This is a debug message
2026-04-21 14:08:41,359 - performance_logger - DEBUG - This is a debug message
2026-04-21 14:08:41,373 - performance_logger - DEBUG - This is a debug message
2026-04-21 14:08:41,377 - performance_logger - DEBUG - This is a debug message
2026-04-21 14:08:41,391 - performance_logger - DEBUG - This is a debug message
2026-04-21 14:08:41,404 - performance_logger - DEBUG - This is a debug message
2026-04-21 14:08:41,418 - performance_logger - DEBUG - This is a debug message
2026-04-21 14:08:41,430 - performance_logger - DEBUG - This is a debug message
2026-04-21 14:08:41,431 - performance_logger - DEBUG - This is a debug message
2026-04-21 14:08:41,440 - performance_logger - DEBUG - This is a debug message
2026-04-21 14:08:41,456 - performance_logger - DEBUG - This is a debug message
2026-04-21 14:08:41,467 - performance_logger - DEBUG - This is a debug message
2026-04-21 14:08:41,476 - performance_logger - DEBUG - This is a debug message
2026-04-21 14:08:41,484 - performance_logger - DEBUG - This is a debug message
2026-04-21 14:08:41,492 - performance_logger - DEBUG - This is a debug message
2026-04-21 14:08:41,506 - performance_logger - DEBUG - This is a debug message
2026-04-21 14:08:41,514 - performance_logger - DEBUG - This is a debug message
2026-04-21 14:08:41,527 - performance_logger - DEBUG - This is a debug message
2026-04-21 14:08:41,532 - performance_logger - DEBUG - This is a debug message
2026-04-21 14:08:41,542 - performance_logger - DEBUG - This is a debug message
2026-04-21 14:08:41,550 - performance_logger - DEBUG - This is a debug message
2026-04-21 14:08:41,561 - performance_logger - DEBUG - This is a debug message
2026-04-21 14:08:41,564 - performance_logger - DEBUG - This is a debug message
2026-04-21 14:08:41,577 - performance_logger - DEBUG - This is a debug message
2026-04-21 14:08:41,586 - performance_logger - DEBUG - This is a debug message
2026-04-21 14:08:41,592 - performance_logger - DEBUG - This is a debug message
2026-04-21 14:08:41,600 - performance_logger - DEBUG - This is a debug message
2026-04-21 14:08:41,608 - performance_logger - DEBUG - This is a debug message
2026-04-21 14:08:41,613 - performance_logger - DEBUG - This is a debug message
2026-04-21 14:08:41,622 - performance_logger - DEBUG - This is a debug message
2026-04-21 14:08:41,624 - performance_logger - DEBUG - This is a debug message
2026-04-21 14:08:41,632 - performance_logger - DEBUG - This is a debug message
2026-04-21 14:08:41,640 - performance_logger - DEBUG - This is a debug message
2026-04-21 14:08:41,649 - performance_logger - DEBUG - This is a debug message
2026-04-21 14:08:41,656 - performance_logger - DEBUG - This is a debug message
2026-04-21 14:08:41,663 - performance_logger - DEBUG - This is a debug message
2026-04-21 14:08:41,669 - performance_logger - DEBUG - This is a debug message
2026-04-21 14:08:41,671 - performance_logger - DEBUG - This is a debug message
2026-04-21 14:08:41,673 - performance_logger - DEBUG - This is a debug message
2026-04-21 14:08:41,675 - performance_logger - DEBUG - This is a debug message
2026-04-21 14:08:41,681 - performance_logger - DEBUG - This is a debug message
2026-04-21 14:08:41,683 - performance_logger - DEBUG - This is a debug message
2026-04-21 14:08:41,684 - performance_logger - DEBUG - This is a debug message
2026-04-21 14:08:41,686 - performance_logger - DEBUG - This is a debug message
2026-04-21 14:08:41,687 - performance_logger - DEBUG - This is a debug message
2026-04-21 14:08:41,703 - performance_logger - DEBUG - This is a debug message
2026-04-21 14:08:41,709 - performance_logger - DEBUG - This is a debug message
2026-04-21 14:08:41,721 - performance_logger - DEBUG - This is a debug message
2026-04-21 14:08:41,732 - performance_logger - DEBUG - This is a debug message
2026-04-21 14:08:41,737 - performance_logger - DEBUG - This is a debug message
2026-04-21 14:08:41,748 - performance_logger - DEBUG - This is a debug message
2026-04-21 14:08:41,756 - performance_logger - DEBUG - This is a debug message
2026-04-21 14:08:41,759 - performance_logger - DEBUG - This is a debug message
2026-04-21 14:08:41,765 - performance_logger - DEBUG - This is a debug message
2026-04-21 14:08:41,770 - performance_logger - DEBUG - This is a debug message
2026-04-21 14:08:41,772 - performance_logger - DEBUG - This is a debug message
2026-04-21 14:08:41,773 - performance_logger - DEBUG - This is a debug message
2026-04-21 14:08:41,775 - performance_logger - DEBUG - This is a debug message
2026-04-21 14:08:41,787 - performance_logger - DEBUG - This is a debug message
2026-04-21 14:08:41,798 - performance_logger - DEBUG - This is a debug message
2026-04-21 14:08:41,807 - performance_logger - DEBUG - This is a debug message
2026-04-21 14:08:41,821 - performance_logger - DEBUG - This is a debug message
2026-04-21 14:08:41,830 - performance_logger - DEBUG - This is a debug message
2026-04-21 14:08:41,839 - performance_logger - DEBUG - This is a debug message
2026-04-21 14:08:41,851 - performance_logger - DEBUG - This is a debug message
2026-04-21 14:08:41,858 - performance_logger - DEBUG - This is a debug message
2026-04-21 14:08:41,870 - performance_logger - DEBUG - This is a debug message
2026-04-21 14:08:41,872 - performance_logger - DEBUG - This is a debug message
2026-04-21 14:08:41,874 - performance_logger - DEBUG - This is a debug message
2026-04-21 14:08:41,875 - performance_logger - DEBUG - This is a debug message
2026-04-21 14:08:41,878 - performance_logger - DEBUG - This is a debug message
2026-04-21 14:08:41,885 - performance_logger - DEBUG - This is a debug message
2026-04-21 14:08:41,886 - performance_logger - DEBUG - This is a debug message
2026-04-21 14:08:41,887 - performance_logger - DEBUG - This is a debug message
2026-04-21 14:08:41,888 - performance_logger - DEBUG - This is a debug message
2026-04-21 14:08:41,893 - performance_logger - DEBUG - This is a debug message
2026-04-21 14:08:41,900 - performance_logger - DEBUG - This is a debug message
2026-04-21 14:08:41,904 - performance_logger - DEBUG - This is a debug message
2026-04-21 14:08:41,909 - performance_logger - DEBUG - This is a debug message
2026-04-21 14:08:41,912 - performance_logger - DEBUG - This is a debug message
2026-04-21 14:08:41,915 - performance_logger - DEBUG - This is a debug message
2026-04-21 14:08:41,919 - performance_logger - DEBUG - This is a debug message
2026-04-21 14:08:41,931 - performance_logger - DEBUG - This is a debug message
2026-04-21 14:08:41,939 - performance_logger - DEBUG - This is a debug message
2026-04-21 14:08:41,946 - performance_logger - DEBUG - This is a debug message
2026-04-21 14:08:41,954 - performance_logger - DEBUG - This is a debug message
2026-04-21 14:08:41,956 - performance_logger - DEBUG - This is a debug message
2026-04-21 14:08:41,965 - performance_logger - DEBUG - This is a debug message
2026-04-21 14:08:41,971 - performance_logger - DEBUG - This is a debug message
2026-04-21 14:08:41,977 - performance_logger - DEBUG - This is a debug message
2026-04-21 14:08:41,986 - performance_logger - DEBUG - This is a debug message
2026-04-21 14:08:41,994 - performance_logger - DEBUG - This is a debug message
2026-04-21 14:08:42,000 - performance_logger - DEBUG - This is a debug message
2026-04-21 14:08:42,005 - performance_logger - DEBUG - This is a debug message
2026-04-21 14:08:42,013 - performance_logger - DEBUG - This is a debug message
2026-04-21 14:08:42,021 - performance_logger - DEBUG - This is a debug message
2026-04-21 14:08:42,026 - performance_logger - DEBUG - This is a debug message
2026-04-21 14:08:42,029 - performance_logger - DEBUG - This is a debug message
2026-04-21 14:08:42,033 - performance_logger - DEBUG - This is a debug message
2026-04-21 14:08:42,035 - performance_logger - DEBUG - This is a debug message
2026-04-21 14:08:42,037 - performance_logger - DEBUG - This is a debug message
2026-04-21 14:08:42,040 - performance_logger - DEBUG - This is a debug message
2026-04-21 14:08:42,043 - performance_logger - DEBUG - This is a debug message
2026-04-21 14:08:42,045 - performance_logger - DEBUG - This is a debug message
2026-04-21 14:08:42,048 - performance_logger - DEBUG - This is a debug message
2026-04-21 14:08:42,050 - performance_logger - DEBUG - This is a debug message
2026-04-21 14:08:42,053 - performance_logger - DEBUG - This is a debug message
2026-04-21 14:08:42,056 - performance_logger - DEBUG - This is a debug message
2026-04-21 14:08:42,059 - performance_logger - DEBUG - This is a debug message
2026-04-21 14:08:42,069 - performance_logger - DEBUG - This is a debug message
2026-04-21 14:08:42,078 - performance_logger - DEBUG - This is a debug message
2026-04-21 14:08:42,080 - performance_logger - DEBUG - This is a debug message
2026-04-21 14:08:42,087 - performance_logger - DEBUG - This is a debug message
2026-04-21 14:08:42,095 - performance_logger - DEBUG - This is a debug message
2026-04-21 14:08:42,104 - performance_logger - DEBUG - This is a debug message
2026-04-21 14:08:42,107 - performance_logger - DEBUG - This is a debug message
2026-04-21 14:08:42,116 - performance_logger - DEBUG - This is a debug message
2026-04-21 14:08:42,122 - performance_logger - DEBUG - This is a debug message
2026-04-21 14:08:42,129 - performance_logger - DEBUG - This is a debug message
2026-04-21 14:08:42,137 - performance_logger - DEBUG - This is a debug message
2026-04-21 14:08:42,145 - performance_logger - DEBUG - This is a debug message
2026-04-21 14:08:42,148 - performance_logger - DEBUG - This is a debug message
2026-04-21 14:08:42,154 - performance_logger - DEBUG - This is a debug message
2026-04-21 14:08:42,165 - performance_logger - DEBUG - This is a debug message
2026-04-21 14:08:42,174 - performance_logger - DEBUG - This is a debug message
2026-04-21 14:08:42,185 - performance_logger - DEBUG - This is a debug message
2026-04-21 14:08:42,194 - performance_logger - DEBUG - This is a debug message
2026-04-21 14:08:42,206 - performance_logger - DEBUG - This is a debug message
2026-04-21 14:08:42,213 - performance_logger - DEBUG - This is a debug message
2026-04-21 14:08:42,219 - performance_logger - DEBUG - This is a debug message
2026-04-21 14:08:42,222 - performance_logger - DEBUG - This is a debug message
2026-04-21 14:08:42,223 - performance_logger - DEBUG - This is a debug message
2026-04-21 14:08:42,228 - performance_logger - DEBUG - This is a debug message
2026-04-21 14:08:42,235 - performance_logger - DEBUG - This is a debug message
2026-04-21 14:08:42,240 - performance_logger - DEBUG - This is a debug message
2026-04-21 14:08:42,241 - performance_logger - DEBUG - This is a debug message
2026-04-21 14:08:42,248 - performance_logger - DEBUG - This is a debug message
2026-04-21 14:08:42,253 - performance_logger - DEBUG - This is a debug message
2026-04-21 14:08:42,257 - performance_logger - DEBUG - This is a debug message
2026-04-21 14:08:42,263 - performance_logger - DEBUG - This is a debug message
2026-04-21 14:08:42,265 - performance_logger - DEBUG - This is a debug message
2026-04-21 14:08:42,267 - performance_logger - DEBUG - This is a debug message
2026-04-21 14:08:42,270 - performance_logger - DEBUG - This is a debug message
2026-04-21 14:08:42,272 - performance_logger - DEBUG - This is a debug message
2026-04-21 14:08:42,274 - performance_logger - DEBUG - This is a debug message
2026-04-21 14:08:42,283 - performance_logger - DEBUG - This is a debug message
2026-04-21 14:08:42,284 - performance_logger - DEBUG - This is a debug message
2026-04-21 14:08:42,287 - performance_logger - DEBUG - This is a debug message
2026-04-21 14:08:42,290 - performance_logger - DEBUG - This is a debug message
2026-04-21 14:08:42,295 - performance_logger - DEBUG - This is a debug message
2026-04-21 14:08:42,298 - performance_logger - DEBUG - This is a debug message
2026-04-21 14:08:42,300 - performance_logger - DEBUG - This is a debug message
2026-04-21 14:08:42,301 - performance_logger - DEBUG - This is a debug message
2026-04-21 14:08:42,304 - performance_logger - DEBUG - This is a debug message
2026-04-21 14:08:42,306 - performance_logger - DEBUG - This is a debug message
2026-04-21 14:08:42,307 - performance_logger - DEBUG - This is a debug message
2026-04-21 14:08:42,314 - performance_logger - DEBUG - This is a debug message
2026-04-21 14:08:42,317 - performance_logger - DEBUG - This is a debug message
2026-04-21 14:08:42,319 - performance_logger - DEBUG - This is a debug message
2026-04-21 14:08:42,323 - performance_logger - DEBUG - This is a debug message
2026-04-21 14:08:42,326 - performance_logger - DEBUG - This is a debug message
2026-04-21 14:08:42,332 - performance_logger - DEBUG - This is a debug message
2026-04-21 14:08:42,335 - performance_logger - DEBUG - This is a debug message
2026-04-21 14:08:42,338 - performance_logger - DEBUG - This is a debug message
2026-04-21 14:08:42,341 - performance_logger - DEBUG - This is a debug message
2026-04-21 14:08:42,343 - performance_logger - DEBUG - This is a debug message
2026-04-21 14:08:42,347 - performance_logger - DEBUG - This is a debug message
2026-04-21 14:08:42,349 - performance_logger - DEBUG - This is a debug message
2026-04-21 14:08:42,352 - performance_logger - DEBUG - This is a debug message
2026-04-21 14:08:42,355 - performance_logger - DEBUG - This is a debug message
2026-04-21 14:08:42,358 - performance_logger - DEBUG - This is a debug message
2026-04-21 14:08:42,360 - performance_logger - DEBUG - This is a debug message
2026-04-21 14:08:42,364 - performance_logger - DEBUG - This is a debug message
2026-04-21 14:08:42,366 - performance_logger - DEBUG - This is a debug message
2026-04-21 14:08:42,368 - performance_logger - DEBUG - This is a debug message
2026-04-21 14:08:42,372 - performance_logger - DEBUG - This is a debug message
2026-04-21 14:08:42,374 - performance_logger - DEBUG - This is a debug message
2026-04-21 14:08:42,378 - performance_logger - DEBUG - This is a debug message
2026-04-21 14:08:42,380 - performance_logger - DEBUG - This is a debug message
2026-04-21 14:08:42,382 - performance_logger - DEBUG - This is a debug message
2026-04-21 14:08:42,385 - performance_logger - DEBUG - This is a debug message
2026-04-21 14:08:42,388 - performance_logger - DEBUG - This is a debug message
2026-04-21 14:08:42,393 - performance_logger - DEBUG - This is a debug message
2026-04-21 14:08:42,395 - performance_logger - DEBUG - This is a debug message
2026-04-21 14:08:42,397 - performance_logger - DEBUG - This is a debug message
2026-04-21 14:08:42,400 - performance_logger - DEBUG - This is a debug message
2026-04-21 14:08:42,403 - performance_logger - DEBUG - This is a debug message
2026-04-21 14:08:42,405 - performance_logger - DEBUG - This is a debug message
2026-04-21 14:08:42,407 - performance_logger - DEBUG - This is a debug message
2026-04-21 14:08:42,411 - performance_logger - DEBUG - This is a debug message
2026-04-21 14:08:42,414 - performance_logger - DEBUG - This is a debug message
2026-04-21 14:08:42,417 - performance_logger - DEBUG - This is a debug message
2026-04-21 14:08:42,422 - performance_logger - DEBUG - This is a debug message
2026-04-21 14:08:42,429 - performance_logger - DEBUG - This is a debug message
2026-04-21 14:08:42,435 - performance_logger - DEBUG - This is a debug message
2026-04-21 14:08:42,440 - performance_logger - DEBUG - This is a debug message
2026-04-21 14:08:42,445 - performance_logger - DEBUG - This is a debug message
2026-04-21 14:08:42,447 - performance_logger - DEBUG - This is a debug message
2026-04-21 14:08:42,451 - performance_logger - DEBUG - This is a debug message
2026-04-21 14:08:42,457 - performance_logger - DEBUG - This is a debug message
2026-04-21 14:08:42,465 - performance_logger - DEBUG - This is a debug message
2026-04-21 14:08:42,470 - performance_logger - DEBUG - This is a debug message
2026-04-21 14:08:42,482 - performance_logger - DEBUG - This is a debug message
2026-04-21 14:08:42,489 - performance_logger - DEBUG - This is a debug message
2026-04-21 14:08:42,498 - performance_logger - DEBUG - This is a debug message
2026-04-21 14:08:42,508 - performance_logger - DEBUG - This is a debug message
2026-04-21 14:08:42,516 - performance_logger - DEBUG - This is a debug message
2026-04-21 14:08:42,526 - performance_logger - DEBUG - This is a debug message
2026-04-21 14:08:42,532 - performance_logger - DEBUG - This is a debug message
2026-04-21 14:08:42,544 - performance_logger - DEBUG - This is a debug message
2026-04-21 14:08:42,554 - performance_logger - DEBUG - This is a debug message
2026-04-21 14:08:42,569 - performance_logger - DEBUG - This is a debug message
2026-04-21 14:08:42,582 - performance_logger - DEBUG - This is a debug message
2026-04-21 14:08:42,592 - performance_logger - DEBUG - This is a debug message
2026-04-21 14:08:42,603 - performance_logger - DEBUG - This is a debug message
2026-04-21 14:08:42,617 - performance_logger - DEBUG - This is a debug message
2026-04-21 14:08:42,627 - performance_logger - DEBUG - This is a debug message
2026-04-21 14:08:42,638 - performance_logger - DEBUG - This is a debug message
2026-04-21 14:08:42,644 - performance_logger - DEBUG - This is a debug message
2026-04-21 14:08:42,656 - performance_logger - DEBUG - This is a debug message
2026-04-21 14:08:42,661 - performance_logger - DEBUG - This is a debug message
2026-04-21 14:08:42,671 - performance_logger - DEBUG - This is a debug message
2026-04-21 14:08:42,681 - performance_logger - DEBUG - This is a debug message
2026-04-21 14:08:42,692 - performance_logger - DEBUG - This is a debug message
2026-04-21 14:08:42,705 - performance_logger - DEBUG - This is a debug message
2026-04-21 14:08:42,717 - performance_logger - DEBUG - This is a debug message
2026-04-21 14:08:42,723 - performance_logger - DEBUG - This is a debug message
2026-04-21 14:08:42,736 - performance_logger - DEBUG - This is a debug message
2026-04-21 14:08:42,750 - performance_logger - DEBUG - This is a debug message
2026-04-21 14:08:42,761 - performance_logger - DEBUG - This is a debug message
2026-04-21 14:08:42,769 - performance_logger - DEBUG - This is a debug message
2026-04-21 14:08:42,786 - performance_logger - DEBUG - This is a debug message
2026-04-21 14:08:42,793 - performance_logger - DEBUG - This is a debug message
2026-04-21 14:08:42,806 - performance_logger - DEBUG - This is a debug message
2026-04-21 14:08:42,819 - performance_logger - DEBUG - This is a debug message
2026-04-21 14:08:42,834 - performance_logger - DEBUG - This is a debug message
2026-04-21 14:08:42,839 - performance_logger - DEBUG - This is a debug message
2026-04-21 14:08:42,854 - performance_logger - DEBUG - This is a debug message
2026-04-21 14:08:42,867 - performance_logger - DEBUG - This is a debug message
2026-04-21 14:08:42,879 - performance_logger - DEBUG - This is a debug message
2026-04-21 14:08:42,887 - performance_logger - DEBUG - This is a debug message
2026-04-21 14:08:42,898 - performance_logger - DEBUG - This is a debug message
2026-04-21 14:08:42,909 - performance_logger - DEBUG - This is a debug message
2026-04-21 14:08:42,923 - performance_logger - DEBUG - This is a debug message
2026-04-21 14:08:42,928 - performance_logger - DEBUG - This is a debug message
2026-04-21 14:08:42,939 - performance_logger - DEBUG - This is a debug message
2026-04-21 14:08:42,952 - performance_logger - DEBUG - This is a debug message
2026-04-21 14:08:42,966 - performance_logger - DEBUG - This is a debug message
2026-04-21 14:08:42,971 - performance_logger - DEBUG - This is a debug message
2026-04-21 14:08:42,977 - performance_logger - DEBUG - This is a debug message
2026-04-21 14:08:42,990 - performance_logger - DEBUG - This is a debug message
2026-04-21 14:08:42,995 - performance_logger - DEBUG - This is a debug message
2026-04-21 14:08:43,001 - performance_logger - DEBUG - This is a debug message
2026-04-21 14:08:43,015 - performance_logger - DEBUG - This is a debug message
2026-04-21 14:08:43,025 - performance_logger - DEBUG - This is a debug message
2026-04-21 14:08:43,041 - performance_logger - DEBUG - This is a debug message
2026-04-21 14:08:43,052 - performance_logger - DEBUG - This is a debug message
2026-04-21 14:08:43,064 - performance_logger - DEBUG - This is a debug message
2026-04-21 14:08:43,081 - performance_logger - DEBUG - This is a debug message
2026-04-21 14:08:43,088 - performance_logger - DEBUG - This is a debug message
2026-04-21 14:08:43,102 - performance_logger - DEBUG - This is a debug message
2026-04-21 14:08:43,116 - performance_logger - DEBUG - This is a debug message
2026-04-21 14:08:43,126 - performance_logger - DEBUG - This is a debug message
2026-04-21 14:08:43,138 - performance_logger - DEBUG - This is a debug message
2026-04-21 14:08:43,156 - performance_logger - DEBUG - This is a debug message
2026-04-21 14:08:43,164 - performance_logger - DEBUG - This is a debug message
2026-04-21 14:08:43,173 - performance_logger - DEBUG - This is a debug message
2026-04-21 14:08:43,181 - performance_logger - DEBUG - This is a debug message
2026-04-21 14:08:43,190 - performance_logger - DEBUG - This is a debug message
2026-04-21 14:08:43,201 - performance_logger - DEBUG - This is a debug message
2026-04-21 14:08:43,205 - performance_logger - DEBUG - This is a debug message
2026-04-21 14:08:43,209 - performance_logger - DEBUG - This is a debug message
2026-04-21 14:08:43,213 - performance_logger - DEBUG - This is a debug message
2026-04-21 14:08:43,227 - performance_logger - DEBUG - This is a debug message
2026-04-21 14:08:43,235 - performance_logger - DEBUG - This is a debug message
2026-04-21 14:08:43,250 - performance_logger - DEBUG - This is a debug message
2026-04-21 14:08:43,262 - performance_logger - DEBUG - This is a debug message
2026-04-21 14:08:43,276 - performance_logger - DEBUG - This is a debug message
2026-04-21 14:08:43,283 - performance_logger - DEBUG - This is a debug message
2026-04-21 14:08:43,288 - performance_logger - DEBUG - This is a debug message
2026-04-21 14:08:43,300 - performance_logger - DEBUG - This is a debug message
2026-04-21 14:08:43,322 - performance_logger - DEBUG - This is a debug message
2026-04-21 14:08:43,335 - performance_logger - DEBUG - This is a debug message
2026-04-21 14:08:43,351 - performance_logger - DEBUG - This is a debug message
2026-04-21 14:08:43,365 - performance_logger - DEBUG - This is a debug message
2026-04-21 14:08:43,379 - performance_logger - DEBUG - This is a debug message
2026-04-21 14:08:43,395 - performance_logger - DEBUG - This is a debug message
2026-04-21 14:08:43,404 - performance_logger - DEBUG - This is a debug message
2026-04-21 14:08:43,424 - performance_logger - DEBUG - This is a debug message
2026-04-21 14:08:43,446 - performance_logger - DEBUG - This is a debug message
2026-04-21 14:08:43,462 - performance_logger - DEBUG - This is a debug message
2026-04-21 14:08:43,477 - performance_logger - DEBUG - This is a debug message
2026-04-21 14:08:43,493 - performance_logger - DEBUG - This is a debug message
2026-04-21 14:08:43,504 - performance_logger - DEBUG - This is a debug message
2026-04-21 14:08:43,521 - performance_logger - DEBUG - This is a debug message
2026-04-21 14:08:43,540 - performance_logger - DEBUG - This is a debug message
2026-04-21 14:08:43,551 - performance_logger - DEBUG - This is a debug message
2026-04-21 14:08:43,566 - performance_logger - DEBUG - This is a debug message
2026-04-21 14:08:43,582 - performance_logger - DEBUG - This is a debug message
2026-04-21 14:08:43,595 - performance_logger - DEBUG - This is a debug message
2026-04-21 14:08:43,608 - performance_logger - DEBUG - This is a debug message
2026-04-21 14:08:43,624 - performance_logger - DEBUG - This is a debug message
2026-04-21 14:08:43,635 - performance_logger - DEBUG - This is a debug message
2026-04-21 14:08:43,649 - performance_logger - DEBUG - This is a debug message
2026-04-21 14:08:43,659 - performance_logger - DEBUG - This is a debug message
2026-04-21 14:08:43,677 - performance_logger - DEBUG - This is a debug message
2026-04-21 14:08:43,693 - performance_logger - DEBUG - This is a debug message
2026-04-21 14:08:43,713 - performance_logger - DEBUG - This is a debug message
2026-04-21 14:08:43,724 - performance_logger - DEBUG - This is a debug message
2026-04-21 14:08:43,737 - performance_logger - DEBUG - This is a debug message
2026-04-21 14:08:43,751 - performance_logger - DEBUG - This is a debug message
2026-04-21 14:08:43,758 - performance_logger - DEBUG - This is a debug message
2026-04-21 14:08:43,767 - performance_logger - DEBUG - This is a debug message
2026-04-21 14:08:43,785 - performance_logger - DEBUG - This is a debug message
2026-04-21 14:08:43,793 - performance_logger - DEBUG - This is a debug message
2026-04-21 14:08:43,804 - performance_logger - DEBUG - This is a debug message
2026-04-21 14:08:43,809 - performance_logger - DEBUG - This is a debug message
2026-04-21 14:08:43,815 - performance_logger - DEBUG - This is a debug message
2026-04-21 14:08:43,828 - performance_logger - DEBUG - This is a debug message
2026-04-21 14:08:43,836 - performance_logger - DEBUG - This is a debug message
2026-04-21 14:08:43,848 - performance_logger - DEBUG - This is a debug message
2026-04-21 14:08:43,859 - performance_logger - DEBUG - This is a debug message
2026-04-21 14:08:43,867 - performance_logger - DEBUG - This is a debug message
2026-04-21 14:08:43,873 - performance_logger - DEBUG - This is a debug message
2026-04-21 14:08:43,885 - performance_logger - DEBUG - This is a debug message
2026-04-21 14:08:43,888 - performance_logger - DEBUG - This is a debug message
